article_id,article_title,article_title_norm,article_year,publication_status,peer_reviewed,journal_name,journal_name_norm,issn,eissn,doi,authors_full,article_dedup_method,article_dedup_confidence,article_dedup_notes,n_authors_total,solo_author,dcp_authors,n_dcp_authors,dcp_coauthored,article_recent_2021plus,journal_id,article_scholar_citations,scimago_any,scimago_psir_match,scimago_psir_sourceid,scimago_psir_title,scimago_psir_rank_2025,scimago_psir_sjr_2025,scimago_psir_quartile_2025,scimago_psir_hindex,scimago_socpol_match,scimago_socpol_sourceid,scimago_socpol_title,scimago_socpol_rank_2025,scimago_socpol_sjr_2025,scimago_socpol_quartile_2025,scimago_socpol_hindex,scimago_primary_category,scimago_primary_rank_2025,scimago_primary_sjr_2025,scimago_primary_quartile_2025,scimago_match_method,scimago_match_confidence,scopus_match,scopus_psir,scopus_socpol,scopus_source_id,scopus_title,scopus_citescore,scopus_sjr,scopus_snip,scopus_pct_cited,scopus_citations_2022_25,scopus_documents_2022_25,scopus_highest_percentile,scopus_highest_rank,scopus_highest_rank_denominator,scopus_highest_category,scopus_active,scopus_coverage,scopus_match_method,scopus_match_confidence,qualis_match,qualis_title,qualis_issn,qualis_estrato_2021_2024,qualis_match_method,qualis_match_confidence,latindex_match,latindex_catalog_2_0,latindex_political_science,latindex_international_relations,latindex_title,latindex_profile_url,latindex_match_method,latindex_match_confidence,ranked_scimago,ranked_qualis,indexed_latindex,q1_scimago,q1q2_scimago,analysis_through_2025,recent_2021_2025
ART00001,Historia y caricatura. Una experiencia uruguaya: Caras y caretas,historia y caricatura una experiencia uruguaya caras y caretas,1978,published,FALSE,Cuadernos del CLAEH,cuadernos del claeh,,0797-6062,,GERARDO CAETANO,single_source_row,not_applicable,,1,TRUE,Gerardo Caetano,1,FALSE,FALSE,JRN073,0,FALSE,FALSE,,,,,,,FALSE,,,,,,,,,,,,,FALSE,FALSE,FALSE,,,,,,,,,,,,,,,,,FALSE,,,,,,FALSE,FALSE,,,,,,,,,,,,TRUE,FALSE
ART00002,"Inmigración y modernización en el Río de la Plata, 1875-1910",inmigracion y modernizacion en el rio de la plata 1875 1910,1979,published,FALSE,Trova,trova,,,,"RILLA, JOSÉ",single_source_row,not_applicable,,1,TRUE,José Rilla,1,FALSE,FALSE,JRN395,,FALSE,FALSE,,,,,,,FALSE,,,,,,,,,,,,,FALSE,FALSE,FALSE,,,,,,,,,,,,,,,,,FALSE,,,,,,FALSE,FALSE,,,,,,,,,,,,TRUE,FALSE
ART00003,Historia concreta e historiografía ejemplar. Acerca de la Historia Rural del Uruguay Moderno de Barrán y Nahum,historia concreta e historiografia ejemplar acerca de la historia rural del uruguay moderno de barran y nahum,1980,published,FALSE,Trova,trova,,,,"RILLA, JOSÉ",single_source_row,not_applicable,,1,TRUE,José Rilla,1,FALSE,FALSE,JRN395,,FALSE,FALSE,,,,,,,FALSE,,,,,,,,,,,,,FALSE,FALSE,FALSE,,,,,,,,,,,,,,,,,FALSE,,,,,,FALSE,FALSE,,,,,,,,,,,,TRUE,FALSE
ART00004,Los sectores conservadores ante el modelo batllista. La coyuntura de 1916,los sectores conservadores ante el modelo batllista la coyuntura de 1916,1981,published,FALSE,Cuadernos del CLAEH,cuadernos del claeh,,0797-6062,,GERARDO CAETANO,single_source_row,not_applicable,,1,TRUE,Gerardo Caetano,1,FALSE,FALSE,JRN073,1,FALSE,FALSE,,,,,,,FALSE,,,,,,,,,,,,,FALSE,FALSE,FALSE,,,,,,,,,,,,,,,,,FALSE,,,,,,FALSE,FALSE,,,,,,,,,,,,TRUE,FALSE
ART00005,Modelo impositivo y conflicto político en Uruguay,modelo impositivo y conflicto politico en uruguay,1981,published,FALSE,Cuadernos del CLAEH,cuadernos del claeh,,0797-6062,,"RILLA, JOSÉ | BUSTAMANTE",single_source_row,not_applicable,,2,FALSE,José Rilla,1,FALSE,FALSE,JRN073,,FALSE,FALSE,,,,,,,FALSE,,,,,,,,,,,,,FALSE,FALSE,FALSE,,,,,,,,,,,,,,,,,FALSE,,,,,,FALSE,FALSE,,,,,,,,,,,,TRUE,FALSE
ART00006,Los vaivenes de la estrategia conservadora: La Unión democrática de 1919,los vaivenes de la estrategia conservadora la union democratica de 1919,1982,published,FALSE,Cuadernos del CLAEH,cuadernos del claeh,,0797-6062,,GERARDO CAETANO,single_source_row,not_applicable,,1,TRUE,Gerardo Caetano,1,FALSE,FALSE,JRN073,5,FALSE,FALSE,,,,,,,FALSE,,,,,,,,,,,,,FALSE,FALSE,FALSE,,,,,,,,,,,,,,,,,FALSE,,,,,,FALSE,FALSE,,,,,,,,,,,,TRUE,FALSE
ART00007,"Impuestos, Estado y política en Uruguay. La coyuntura de 1916",impuestos estado y politica en uruguay la coyuntura de 1916,1983,published,FALSE,Cuadernos del CLAEH,cuadernos del claeh,,0797-6062,,"RILLA, JOSÉ",single_source_row,not_applicable,,1,TRUE,José Rilla,1,FALSE,FALSE,JRN073,,FALSE,FALSE,,,,,,,FALSE,,,,,,,,,,,,,FALSE,FALSE,FALSE,,,,,,,,,,,,,,,,,FALSE,,,,,,FALSE,FALSE,,,,,,,,,,,,TRUE,FALSE
ART00008,Las fuerzas conservadoras en el camino de la dictadura. El golpe de Estado de Terra,las fuerzas conservadoras en el camino de la dictadura el golpe de estado de terra,1983,published,FALSE,Cuadernos del CLAEH,cuadernos del claeh,,0797-6062,,GERARDO CAETANO,single_source_row,not_applicable,,1,TRUE,Gerardo Caetano,1,FALSE,FALSE,JRN073,10,FALSE,FALSE,,,,,,,FALSE,,,,,,,,,,,,,FALSE,FALSE,FALSE,,,,,,,,,,,,,,,,,FALSE,,,,,,FALSE,FALSE,,,,,,,,,,,,TRUE,FALSE
ART00009,El sistema de partidos: raíces y permanencias,el sistema de partidos raices y permanencias,1984,published,FALSE,Cuadernos del CLAEH,cuadernos del claeh,,0797-6062,,"RILLA, JOSÉ | CAETANO",exact_title_year_journal,high,,2,FALSE,Gerardo Caetano | José Rilla,2,TRUE,FALSE,JRN073,35,FALSE,FALSE,,,,,,,FALSE,,,,,,,,,,,,,FALSE,FALSE,FALSE,,,,,,,,,,,,,,,,,FALSE,,,,,,FALSE,FALSE,,,,,,,,,,,,TRUE,FALSE
ART00010,"Julio C. Grauert, una promesa truncada",julio c grauert una promesa truncada,1984,published,FALSE,Hoy es Historia,hoy es historia,2222-3333,,,"RILLA, JOSÉ | CAETANO",single_source_row,not_applicable,,2,FALSE,José Rilla,1,FALSE,FALSE,JRN147,,FALSE,FALSE,,,,,,,FALSE,,,,,,,,,,,,,FALSE,FALSE,FALSE,,,,,,,,,,,,,,,,,FALSE,,,,,,FALSE,FALSE,,,,,,,,,,,,TRUE,FALSE
ART00011,Las mentalidades. ¿Cómo hacer su historia?,las mentalidades como hacer su historia,1984,published,FALSE,Relaciones,relaciones,0797-9754,1688-0412,,ALFABÉTICA | GERARDO CAETANO,single_source_row,not_applicable,,2,FALSE,Gerardo Caetano,1,FALSE,FALSE,JRN263,,FALSE,FALSE,,,,,,,FALSE,,,,,,,,,,,,,FALSE,FALSE,FALSE,,,,,,,,,,,,,,,,,FALSE,,,,,,FALSE,FALSE,,,,,,,,,,,,TRUE,FALSE
ART00012,Una historia en expansión.Las mentalidades,una historia en expansion las mentalidades,1984,published,FALSE,Relaciones,relaciones,0797-9754,1688-0412,,ALFABÉTICA | GERARDO CAETANO,single_source_row,not_applicable,,2,FALSE,Gerardo Caetano,1,FALSE,FALSE,JRN263,,FALSE,FALSE,,,,,,,FALSE,,,,,,,,,,,,,FALSE,FALSE,FALSE,,,,,,,,,,,,,,,,,FALSE,,,,,,FALSE,FALSE,,,,,,,,,,,,TRUE,FALSE
ART00013,La enseñanza de la Historia en Secundaria,la ensenanza de la historia en secundaria,1986,published,FALSE,Revista de la Educación del Pueblo,revista de la educacion del pueblo,1510-0405,,,MARÍA ESTER MANCEBO | COAUTORA,single_source_row,not_applicable,,2,FALSE,María Ester Mancebo,1,FALSE,FALSE,JRN300,,FALSE,FALSE,,,,,,,FALSE,,,,,,,,,,,,,FALSE,FALSE,FALSE,,,,,,,,,,,,,,,,,FALSE,,,,,,FALSE,FALSE,,,,,,,,,,,,TRUE,FALSE
ART00014,Quijano: izquierda nacional y conciencia crítica,quijano izquierda nacional y conciencia critica,1986,published,FALSE,Cuadernos de Marcha,cuadernos de marcha,0797-2350,1688-048X,,GERARDO CAETANO | ALFABÉTICA,single_source_row,not_applicable,,2,FALSE,Gerardo Caetano,1,FALSE,FALSE,JRN070,,FALSE,FALSE,,,,,,,FALSE,,,,,,,,,,,,,FALSE,FALSE,FALSE,,,,,,,,,,,,,,,,,FALSE,,,,,,FALSE,FALSE,,,,,,,,,,,,TRUE,FALSE
ART00015,La Conferencia del GATT: los actores y sus máscaras,la conferencia del gatt los actores y sus mascaras,1987,published,TRUE,Cuadernos del CLAEH,cuadernos del claeh,,0797-6062,,Carlos Luján,single_source_row,not_applicable,,1,TRUE,Carlos Luján,1,FALSE,FALSE,JRN073,,FALSE,FALSE,,,,,,,FALSE,,,,,,,,,,,,,FALSE,FALSE,FALSE,,,,,,,,,,,,,,,,,FALSE,,,,,,FALSE,FALSE,,,,,,,,,,,,TRUE,FALSE
ART00016,La partidocracia uruguaya. Historia y teoría de la centralidad de los partidos políticos,la partidocracia uruguaya historia y teoria de la centralidad de los partidos politicos,1987,published,FALSE,Cuadernos del CLAEH,cuadernos del claeh,,0797-6062,,NO ALFABÉTICA | GERARDO CAETANO,single_source_row,not_applicable,,2,FALSE,Gerardo Caetano,1,FALSE,FALSE,JRN073,232,FALSE,FALSE,,,,,,,FALSE,,,,,,,,,,,,,FALSE,FALSE,FALSE,,,,,,,,,,,,,,,,,FALSE,,,,,,FALSE,FALSE,,,,,,,,,,,,TRUE,FALSE
ART00017,"Real de Azúa y la Historia. El método, los temas, las hipótesis",real de azua y la historia el metodo los temas las hipotesis,1987,published,FALSE,Cuadernos del CLAEH,cuadernos del claeh,,0797-6062,,"RILLA, JOSÉ | CAETANO",exact_title_year_journal,high,,2,FALSE,Gerardo Caetano | José Rilla,2,TRUE,FALSE,JRN073,,FALSE,FALSE,,,,,,,FALSE,,,,,,,,,,,,,FALSE,FALSE,FALSE,,,,,,,,,,,,,,,,,FALSE,,,,,,FALSE,FALSE,,,,,,,,,,,,TRUE,FALSE
ART00018,La partidocracia uruguaya. Historia y teoría de la centralidad de los partidos políticos,la partidocracia uruguaya historia y teoria de la centralidad de los partidos politicos,1988,published,FALSE,Cuadernos del CLAEH,cuadernos del claeh,,0797-6062,,"RILLA, JOSÉ | CAETANO | PEREZ ANTÓN",single_source_row,not_applicable,,3,FALSE,José Rilla,1,FALSE,FALSE,JRN073,232,FALSE,FALSE,,,,,,,FALSE,,,,,,,,,,,,,FALSE,FALSE,FALSE,,,,,,,,,,,,,,,,,FALSE,,,,,,FALSE,FALSE,,,,,,,,,,,,TRUE,FALSE
ART00019,Del primer batllismo al terrismo: crisis simbólica y reconstrucción del imaginario colectivo,del primer batllismo al terrismo crisis simbolica y reconstruccion del imaginario colectivo,1989,published,FALSE,Cuadernos del CLAEH,cuadernos del claeh,,0797-6062,,GERARDO CAETANO,single_source_row,not_applicable,,1,TRUE,Gerardo Caetano,1,FALSE,FALSE,JRN073,23,FALSE,FALSE,,,,,,,FALSE,,,,,,,,,,,,,FALSE,FALSE,FALSE,,,,,,,,,,,,,,,,,FALSE,,,,,,FALSE,FALSE,,,,,,,,,,,,TRUE,FALSE
ART00020,"El Uruguay de los atajos. El golpe de Estado de 1933, la dictadura y la transición en el pensamiento de Carlos Quijano",el uruguay de los atajos el golpe de estado de 1933 la dictadura y la transicion en el pensamiento de carlos quijano,1989,published,FALSE,Tercera Orilla,tercera orilla,,,,"RILLA, JOSÉ | CAETANO",single_source_row,not_applicable,,2,FALSE,José Rilla,1,FALSE,FALSE,JRN385,,FALSE,FALSE,,,,,,,FALSE,,,,,,,,,,,,,FALSE,FALSE,FALSE,,,,,,,,,,,,,,,,,FALSE,,,,,,FALSE,FALSE,,,,,,,,,,,,TRUE,FALSE
ART00021,"La partidocracia uruguaya en busca de un espejo. Partidos, Estado y sociedad en el Río de la Plata (1890-1930)",la partidocracia uruguaya en busca de un espejo partidos estado y sociedad en el rio de la plata 1890 1930,1989,published,TRUE,Cuadernos del CLAEH,cuadernos del claeh,,0797-6062,,"RILLA, JOSÉ | CAETANO",fuzzy_title_year_journal_authors,high,Peer-review flag differed across CV occurrences; TRUE retained and conflict documented.,2,FALSE,Gerardo Caetano | José Rilla,2,TRUE,FALSE,JRN073,,FALSE,FALSE,,,,,,,FALSE,,,,,,,,,,,,,FALSE,FALSE,FALSE,,,,,,,,,,,,,,,,,FALSE,,,,,,FALSE,FALSE,,,,,,,,,,,,TRUE,FALSE
ART00022,Regionalización y autonomía nacional. El caso uruguayo,regionalizacion y autonomia nacional el caso uruguayo,1989,published,TRUE,Cuadernos del CLAEH,cuadernos del claeh,,0797-6062,,Carlos Luján,single_source_row,not_applicable,,1,TRUE,Carlos Luján,1,FALSE,FALSE,JRN073,,FALSE,FALSE,,,,,,,FALSE,,,,,,,,,,,,,FALSE,FALSE,FALSE,,,,,,,,,,,,,,,,,FALSE,,,,,,FALSE,FALSE,,,,,,,,,,,,TRUE,FALSE
ART00023,"Cohabitación y Conflicto: relaciones entre el gobierno de Montevideo y el gobierno nacional” (1990- 1991),",cohabitacion y conflicto relaciones entre el gobierno de montevideo y el gobierno nacional 1990 1991,1990,published,TRUE,Revista Uruguaya de Ciencia Política,revista uruguaya de ciencia politica,,0797-9789,,CONSTANZA MOREIRA | ALICIA VENEZIANO,single_source_row,not_applicable,,2,FALSE,Constanza Moreira,1,FALSE,FALSE,JRN351,,FALSE,FALSE,,,,,,,FALSE,,,,,,,,,,,ambiguous,low,FALSE,FALSE,FALSE,,,,,,,,,,,,,,,ambiguous,low,TRUE,REVISTA URUGUAYA DE CIENCIA POLITICA,1688-499X,A1,exact_issn,high,TRUE,TRUE,TRUE,FALSE,Revista uruguaya de ciencia política,https://www.latindex.org/latindex/ficha/16727,exact_normalized_name,high,,TRUE,TRUE,,,TRUE,FALSE
ART00024,"Democracia, Política Internacional del Uruguay y cambio de fin de siglo",democracia politica internacional del uruguay y cambio de fin de siglo,1990,published,TRUE,Cuadernos del CLAEH,cuadernos del claeh,,0797-6062,,Carlos Luján,single_source_row,not_applicable,,1,TRUE,Carlos Luján,1,FALSE,FALSE,JRN073,,FALSE,FALSE,,,,,,,FALSE,,,,,,,,,,,,,FALSE,FALSE,FALSE,,,,,,,,,,,,,,,,,FALSE,,,,,,FALSE,FALSE,,,,,,,,,,,,TRUE,FALSE
ART00025,El Tema de los Derechos Humanos en Uruguay: el caso del movimiento de familiares de Detenidos Desaparecidos,el tema de los derechos humanos en uruguay el caso del movimiento de familiares de detenidos desaparecidos,1990,published,FALSE,Revista Brasileira de Estudos Políticos,revista brasileira de estudos politicos,0034-7191,2359-5736,,CARMEN MIDAGLIA,single_source_row,not_applicable,,1,TRUE,Carmen Midaglia,1,FALSE,FALSE,JRN271,,TRUE,FALSE,,,,,,,TRUE,21101039257,Revista Brasileira de Estudos Politicos,1094,0.163,Q3,5,Sociology and Political Science,1094,0.163,Q3,exact_issn,high,TRUE,FALSE,TRUE,21101039257,Revista Brasileira de Estudos Politicos,0.4,0.163,0.403,24,41,112,19,934,1162,19.0% 934/1162 Law,Active,2019-2025,exact_issn,high,FALSE,,,,conflict,low,FALSE,FALSE,,,,,,,TRUE,,,FALSE,FALSE,TRUE,FALSE
ART00026,Política internacional del Uruguay: tendencias presentes y escenarios posibles,politica internacional del uruguay tendencias presentes y escenarios posibles,1990,published,FALSE,América Latina/Internacional,america latina internacional,0327-1161,,,Carlos Luján,single_source_row,not_applicable,,1,TRUE,Carlos Luján,1,FALSE,FALSE,JRN015,,FALSE,FALSE,,,,,,,FALSE,,,,,,,,,,,,,FALSE,FALSE,FALSE,,,,,,,,,,,,,,,,,FALSE,,,,,,FALSE,FALSE,,,,,,,,,,,,TRUE,FALSE
ART00027,De la Entonación a la Coincidencia Nacional: los problemas del presidencialismo en el caso uruguayo,de la entonacion a la coincidencia nacional los problemas del presidencialismo en el caso uruguayo,1991,published,TRUE,Revista Uruguaya de Ciencia Política,revista uruguaya de ciencia politica,,0797-9789,,MARÍA ESTER MANCEBO,single_source_row,not_applicable,,1,TRUE,María Ester Mancebo,1,FALSE,FALSE,JRN351,35,FALSE,FALSE,,,,,,,FALSE,,,,,,,,,,,ambiguous,low,FALSE,FALSE,FALSE,,,,,,,,,,,,,,,ambiguous,low,TRUE,REVISTA URUGUAYA DE CIENCIA POLITICA,1688-499X,A1,exact_issn,high,TRUE,TRUE,TRUE,FALSE,Revista uruguaya de ciencia política,https://www.latindex.org/latindex/ficha/16727,exact_normalized_name,high,,TRUE,TRUE,,,TRUE,FALSE
ART00028,"Mercosur, ¿una opción de integración asimétrica? Convergencia de actores nacionales y negociación subregional",mercosur una opcion de integracion asimetrica convergencia de actores nacionales y negociacion subregional,1991,published,TRUE,SUMA,suma,0797-0064,,,Carlos Luján,single_source_row,not_applicable,,1,TRUE,Carlos Luján,1,FALSE,FALSE,JRN373,,FALSE,FALSE,,,,,,,FALSE,,,,,,,,,,,,,FALSE,FALSE,FALSE,,,,,,,,,,,,,,,,,FALSE,,,,,,FALSE,FALSE,,,,,,,,,,,,TRUE,FALSE
ART00029,Raíces y permanencias de la partidocracia uruguaya,raices y permanencias de la partidocracia uruguaya,1991,published,TRUE,Secuencia,secuencia,0186-0348,2395-8464,,"RILLA, JOSÉ | CAETANO",single_source_row,not_applicable,,2,FALSE,José Rilla,1,FALSE,FALSE,JRN357,12,TRUE,FALSE,,,,,,,TRUE,19400157126,Secuencia,1253,0.127,Q4,6,Sociology and Political Science,1253,0.127,Q4,exact_issn,high,TRUE,FALSE,TRUE,19400157126,Secuencia,0.3,0.127,0.77,20,49,155,44,1075,1936,44.0% 1075/1936 History,Active,2016-2026; 2001-2002; 1989; 1987,exact_issn,high,TRUE,SECUENCIA,2395-8464,A1,exact_issn,high,FALSE,FALSE,,,,,,,TRUE,TRUE,,FALSE,FALSE,TRUE,FALSE
ART00030,Redemocratización y Política Exterior en el Uruguay,redemocratizacion y politica exterior en el uruguay,1991,published,TRUE,Síntesis,sintesis,0213-7577,,,Carlos Luján,single_source_row,not_applicable,,1,TRUE,Carlos Luján,1,FALSE,FALSE,JRN359,,FALSE,FALSE,,,,,,,FALSE,,,,,,,,,,,,,FALSE,FALSE,FALSE,,,,,,,,,,,,,,,,,FALSE,,,,,,FALSE,FALSE,,,,,,,,,,,,TRUE,FALSE
ART00031,La era Pos Gorbachov: Los desafíos de un mundo internacional en transformacción,la era pos gorbachov los desafios de un mundo internacional en transformaccion,1992,published,TRUE,Cuadernos del CLAEH,cuadernos del claeh,,0797-6062,,Carlos Luján,single_source_row,not_applicable,,1,TRUE,Carlos Luján,1,FALSE,FALSE,JRN073,,FALSE,FALSE,,,,,,,FALSE,,,,,,,,,,,,,FALSE,FALSE,FALSE,,,,,,,,,,,,,,,,,FALSE,,,,,,FALSE,FALSE,,,,,,,,,,,,TRUE,FALSE
ART00032,Notas para una revisión histórica sobre la cuestión nacional en el Uruguay,notas para una revision historica sobre la cuestion nacional en el uruguay,1992,published,TRUE,Revista de História,revista de historia,0870-4511,,,GERARDO CAETANO,single_source_row,not_applicable,,1,TRUE,Gerardo Caetano,1,FALSE,FALSE,JRN294,64,FALSE,FALSE,,,,,,,FALSE,,,,,,,,,,,,,FALSE,FALSE,FALSE,,,,,,,,,,,,,,,,,FALSE,,,,ambiguous,low,FALSE,FALSE,,,,,,,,,,,,TRUE,FALSE
ART00033,Políticas públicas sociales: un examen no exhaustivo de algunas opciones en el debate,politicas publicas sociales un examen no exhaustivo de algunas opciones en el debate,1992,published,FALSE,"Cuadernos del CLAEH, 2da",cuadernos del claeh 2da,,0797-6062,,JOSE MIGUEL BUSQUETS,single_source_row,not_applicable,,1,TRUE,José Busquets,1,FALSE,FALSE,JRN073,,FALSE,FALSE,,,,,,,FALSE,,,,,,,,,,,,,FALSE,FALSE,FALSE,,,,,,,,,,,,,,,,,FALSE,,,,,,FALSE,FALSE,,,,,,,,,,,,TRUE,FALSE
ART00034,Raíces y permanencias de la partidocracia uruguaya,raices y permanencias de la partidocracia uruguaya,1992,published,TRUE,Secuencia,secuencia,0186-0348,2395-8464,,GERARDO CAETANO,single_source_row,not_applicable,,1,TRUE,Gerardo Caetano,1,FALSE,FALSE,JRN357,12,TRUE,FALSE,,,,,,,TRUE,19400157126,Secuencia,1253,0.127,Q4,6,Sociology and Political Science,1253,0.127,Q4,exact_issn,high,TRUE,FALSE,TRUE,19400157126,Secuencia,0.3,0.127,0.77,20,49,155,44,1075,1936,44.0% 1075/1936 History,Active,2016-2026; 2001-2002; 1989; 1987,exact_issn,high,TRUE,SECUENCIA,2395-8464,A1,exact_issn,high,FALSE,FALSE,,,,,,,TRUE,TRUE,,FALSE,FALSE,TRUE,FALSE
ART00035,Una propuesta para la política internacional del Uruguay Democrático,una propuesta para la politica internacional del uruguay democratico,1992,published,TRUE,Revista Uruguaya de Ciencia Política,revista uruguaya de ciencia politica,,0797-9789,,Carlos Luján,single_source_row,not_applicable,,1,TRUE,Carlos Luján,1,FALSE,FALSE,JRN351,,FALSE,FALSE,,,,,,,FALSE,,,,,,,,,,,ambiguous,low,FALSE,FALSE,FALSE,,,,,,,,,,,,,,,ambiguous,low,TRUE,REVISTA URUGUAYA DE CIENCIA POLITICA,1688-499X,A1,exact_issn,high,TRUE,TRUE,TRUE,FALSE,Revista uruguaya de ciencia política,https://www.latindex.org/latindex/ficha/16727,exact_normalized_name,high,,TRUE,TRUE,,,TRUE,FALSE
ART00036,"Uruguay: crisis y restauracion de la República Moderada, 1955-1990",uruguay crisis y restauracion de la republica moderada 1955 1990,1992,published,TRUE,Estudios Sociales,estudios sociales,0327-4934,2250-6950,,"RILLA, JOSÉ | CAETANO",fuzzy_title_year_journal_authors,high,,2,FALSE,Gerardo Caetano | José Rilla,2,TRUE,FALSE,JRN119,0,FALSE,FALSE,,,,,,,FALSE,,,,,,,,,,,,,FALSE,FALSE,FALSE,,,,,,,,,,,,,,,,,FALSE,,,,,,FALSE,FALSE,,,,,,,,,,,,TRUE,FALSE
ART00037,Escenarios Parlamentarios Resultantes de Cuatro Reformas el Régimen Electoral,escenarios parlamentarios resultantes de cuatro reformas el regimen electoral,1993,published,TRUE,Revista Uruguaya de Ciencia Política,revista uruguaya de ciencia politica,,0797-9789,,"BUQUET, D | BOTTINELLI, O",single_source_row,not_applicable,,2,FALSE,Daniel Buquet,1,FALSE,FALSE,JRN351,,FALSE,FALSE,,,,,,,FALSE,,,,,,,,,,,ambiguous,low,FALSE,FALSE,FALSE,,,,,,,,,,,,,,,ambiguous,low,TRUE,REVISTA URUGUAYA DE CIENCIA POLITICA,1688-499X,A1,exact_issn,high,TRUE,TRUE,TRUE,FALSE,Revista uruguaya de ciencia política,https://www.latindex.org/latindex/ficha/16727,exact_normalized_name,high,,TRUE,TRUE,,,TRUE,FALSE
ART00038,"La reforma de la política social alimentaria uruguaya un nuevo modelo: focalización, selectividad y eficiencia",la reforma de la politica social alimentaria uruguaya un nuevo modelo focalizacion selectividad y eficiencia,1993,published,FALSE,,,,,,JOSE MIGUEL BUSQUETS,single_source_row,not_applicable,,1,TRUE,José Busquets,1,FALSE,FALSE,,,,,,,,,,,,,,,,,,,,,,,,,,,,,,,,,,,,,,,,,,,,,,,,,,,,,,,,,,,,,,TRUE,FALSE
ART00039,Tras las huellas del novecientos,tras las huellas del novecientos,1993,published,FALSE,Cuadernos del CLAEH,cuadernos del claeh,,0797-6062,,"GARCÉ, A. | Gustavo De Armas",single_source_row,not_applicable,,2,FALSE,Adolfo Garcé,1,FALSE,FALSE,JRN073,,FALSE,FALSE,,,,,,,FALSE,,,,,,,,,,,,,FALSE,FALSE,FALSE,,,,,,,,,,,,,,,,,FALSE,,,,,,FALSE,FALSE,,,,,,,,,,,,TRUE,FALSE
ART00040,¿Como el Uruguay no hay?,como el uruguay no hay,1994,published,FALSE,Cuadernos de Marcha,cuadernos de marcha,0797-2350,1688-048X,,JOSE MIGUEL BUSQUETS,single_source_row,not_applicable,,1,TRUE,José Busquets,1,FALSE,FALSE,JRN070,,FALSE,FALSE,,,,,,,FALSE,,,,,,,,,,,,,FALSE,FALSE,FALSE,,,,,,,,,,,,,,,,,FALSE,,,,,,FALSE,FALSE,,,,,,,,,,,,TRUE,FALSE
ART00041,Comunicación política y consolidación democrática en Uruguay,comunicacion politica y consolidacion democratica en uruguay,1994,published,FALSE,Entelequia,entelequia,0797-8499,,,MARÍA ESTER MANCEBO,single_source_row,not_applicable,,1,TRUE,María Ester Mancebo,1,FALSE,FALSE,JRN106,,FALSE,FALSE,,,,,,,FALSE,,,,,,,,,,,,,FALSE,FALSE,FALSE,,,,,,,,,,,,,,,,,FALSE,,,,,,FALSE,FALSE,,,,,,,,,,,,TRUE,FALSE
ART00042,Democracia Directa: ¿Mayor Democracia o Una Forma Diferente de Gobernar?,democracia directa mayor democracia o una forma diferente de gobernar,1994,published,TRUE,Nóesis. Revista de Ciencias Sociales y Humanidades,noesis revista de ciencias sociales y humanidades,0188-9834,2395-8669,,"BUQUET, D",single_source_row,not_applicable,,1,TRUE,Daniel Buquet,1,FALSE,FALSE,JRN202,,FALSE,FALSE,,,,,,,FALSE,,,,,,,,,,,,,FALSE,FALSE,FALSE,,,,,,,,,,,,,,,,,FALSE,,,,,,FALSE,FALSE,,,,,,,,,,,,TRUE,FALSE
ART00043,Desobediencia y Lealtad: el Voto en el Uruguay de Fin de Siglo (Reseña),desobediencia y lealtad el voto en el uruguay de fin de siglo resena,1994,published,TRUE,"Cuadernos del CLAEH, 70",cuadernos del claeh 70,,0797-6062,,"BUQUET, D",single_source_row,not_applicable,,1,TRUE,Daniel Buquet,1,FALSE,FALSE,JRN073,,FALSE,FALSE,,,,,,,FALSE,,,,,,,,,,,,,FALSE,FALSE,FALSE,,,,,,,,,,,,,,,,,FALSE,,,,,,FALSE,FALSE,,,,,,,,,,,,TRUE,FALSE
ART00044,Europa y Estados Unidos en la democratización uruguaya: cooperación internacional y relaciones bilaterales,europa y estados unidos en la democratizacion uruguaya cooperacion internacional y relaciones bilaterales,1994,published,TRUE,Estudios Internacionales,estudios internacionales,0716-0240,0719-3769,,Carlos Luján,single_source_row,not_applicable,,1,TRUE,Carlos Luján,1,FALSE,FALSE,JRN118,,FALSE,FALSE,,,,,,,FALSE,,,,,,,,,,,,,FALSE,FALSE,FALSE,,,,,,,,,,,,,,,,,FALSE,,,,conflict,low,TRUE,TRUE,FALSE,TRUE,Estudios Internacionales,https://www.latindex.org/latindex/ficha/7169,exact_normalized_name,high,,,TRUE,,,TRUE,FALSE
ART00045,La agenda internacional en Uruguay: política partidaria y debate interno,la agenda internacional en uruguay politica partidaria y debate interno,1994,published,FALSE,Documentos de Trabajo,documentos de trabajo,1688-5058,,,Carlos Luján,single_source_row,not_applicable,,1,TRUE,Carlos Luján,1,FALSE,FALSE,JRN094,,FALSE,FALSE,,,,,,,FALSE,,,,,,,,,,,,,FALSE,FALSE,FALSE,,,,,,,,,,,,,,,,,FALSE,,,,,,FALSE,FALSE,,,,,,,,,,,,TRUE,FALSE
ART00046,"Los utilitaristas, los principistas y la justicia social",los utilitaristas los principistas y la justicia social,1994,published,FALSE,Prisma,prisma,0797-8057,,,JOSE MIGUEL BUSQUETS,single_source_row,not_applicable,,1,TRUE,José Busquets,1,FALSE,FALSE,JRN247,,FALSE,FALSE,,,,,,,FALSE,,,,,,,,,,,,,FALSE,FALSE,FALSE,,,,,,,,,,,,,,,,,FALSE,,,,,,FALSE,FALSE,,,,,,,,,,,,TRUE,FALSE
ART00047,Participación de la mujer en el sistema de toma de decisiones: el caso uruguayo,participacion de la mujer en el sistema de toma de decisiones el caso uruguayo,1994,published,FALSE,Revista Uruguaya de Ciencia Política,revista uruguaya de ciencia politica,,0797-9789,,CONSTANZA MOREIRA,single_source_row,not_applicable,,1,TRUE,Constanza Moreira,1,FALSE,FALSE,JRN351,,FALSE,FALSE,,,,,,,FALSE,,,,,,,,,,,ambiguous,low,FALSE,FALSE,FALSE,,,,,,,,,,,,,,,ambiguous,low,TRUE,REVISTA URUGUAYA DE CIENCIA POLITICA,1688-499X,A1,exact_issn,high,TRUE,TRUE,TRUE,FALSE,Revista uruguaya de ciencia política,https://www.latindex.org/latindex/ficha/16727,exact_normalized_name,high,,TRUE,TRUE,,,TRUE,FALSE
ART00048,Tiempos políticos y ciclo institucional en la consolidación democrática uruguaya,tiempos politicos y ciclo institucional en la consolidacion democratica uruguaya,1994,published,TRUE,Revista Uruguaya de Ciencia Política,revista uruguaya de ciencia politica,,0797-9789,,MARÍA ESTER MANCEBO,single_source_row,not_applicable,,1,TRUE,María Ester Mancebo,1,FALSE,FALSE,JRN351,14,FALSE,FALSE,,,,,,,FALSE,,,,,,,,,,,ambiguous,low,FALSE,FALSE,FALSE,,,,,,,,,,,,,,,ambiguous,low,TRUE,REVISTA URUGUAYA DE CIENCIA POLITICA,1688-499X,A1,exact_issn,high,TRUE,TRUE,TRUE,FALSE,Revista uruguaya de ciencia política,https://www.latindex.org/latindex/ficha/16727,exact_normalized_name,high,,TRUE,TRUE,,,TRUE,FALSE
ART00049,El rol de los principales actores internacionales en los procesos de democratización del Cono Sur. El caso uruguayo,el rol de los principales actores internacionales en los procesos de democratizacion del cono sur el caso uruguayo,1995,published,TRUE,Síntesis,sintesis,0213-7577,,,Carlos Luján,single_source_row,not_applicable,,1,TRUE,Carlos Luján,1,FALSE,FALSE,JRN359,,FALSE,FALSE,,,,,,,FALSE,,,,,,,,,,,,,FALSE,FALSE,FALSE,,,,,,,,,,,,,,,,,FALSE,,,,,,FALSE,FALSE,,,,,,,,,,,,TRUE,FALSE
ART00050,Entre la complicidad y el lamento. La relación IMM-Adeom (1985-1993),entre la complicidad y el lamento la relacion imm adeom 1985 1993,1995,published,TRUE,Cuadernos del CLAEH,cuadernos del claeh,,0797-6062,,"CHASQUETTI, DANIEL",single_source_row,not_applicable,,1,TRUE,Daniel Chasquetti,1,FALSE,FALSE,JRN073,3,FALSE,FALSE,,,,,,,FALSE,,,,,,,,,,,,,FALSE,FALSE,FALSE,,,,,,,,,,,,,,,,,FALSE,,,,,,FALSE,FALSE,,,,,,,,,,,,TRUE,FALSE
ART00051,La partidocracia uruguaya: tradición y agenda reciente,la partidocracia uruguaya tradicion y agenda reciente,1995,published,TRUE,Secuencia,secuencia,0186-0348,2395-8464,,GERARDO CAETANO,single_source_row,not_applicable,,1,TRUE,Gerardo Caetano,1,FALSE,FALSE,JRN357,11,TRUE,FALSE,,,,,,,TRUE,19400157126,Secuencia,1253,0.127,Q4,6,Sociology and Political Science,1253,0.127,Q4,exact_issn,high,TRUE,FALSE,TRUE,19400157126,Secuencia,0.3,0.127,0.77,20,49,155,44,1075,1936,44.0% 1075/1936 History,Active,2016-2026; 2001-2002; 1989; 1987,exact_issn,high,TRUE,SECUENCIA,2395-8464,A1,exact_issn,high,FALSE,FALSE,,,,,,,TRUE,TRUE,,FALSE,FALSE,TRUE,FALSE
ART00052,Partidos de Ideas en el Siglo XIX. El Partido Constitucional: Un marco de análisis preliminar,partidos de ideas en el siglo xix el partido constitucional un marco de analisis preliminar,1995,published,FALSE,Cuadernos del CLAEH,cuadernos del claeh,,0797-6062,,MORAES,single_source_row,not_applicable,,1,TRUE,Juan Andrés Moraes,1,FALSE,FALSE,JRN073,,FALSE,FALSE,,,,,,,FALSE,,,,,,,,,,,,,FALSE,FALSE,FALSE,,,,,,,,,,,,,,,,,FALSE,,,,,,FALSE,FALSE,,,,,,,,,,,,TRUE,FALSE
ART00053,Reforma de Estado: un análisis alternativo,reforma de estado un analisis alternativo,1995,published,FALSE,Fronteras,fronteras,0797-8952,2393-7688,,CARMEN MIDAGLIA,single_source_row,not_applicable,,1,TRUE,Carmen Midaglia,1,FALSE,FALSE,JRN131,,FALSE,FALSE,,,,,,,FALSE,,,,,,,,,,,,,FALSE,FALSE,FALSE,,,,,,,,,,,,,,,,,FALSE,,,,,,FALSE,FALSE,,,,,,,,,,,,TRUE,FALSE
ART00054,Relaciones interpartidarias y gestión de gobierno en el Uruguay 1942-1973,relaciones interpartidarias y gestion de gobierno en el uruguay 1942 1973,1995,published,FALSE,Revista Uruguaya de Ciencia Política,revista uruguaya de ciencia politica,,0797-9789,,"RILLA, JOSÉ | CAETANO",single_source_row,not_applicable,,2,FALSE,José Rilla,1,FALSE,FALSE,JRN351,,FALSE,FALSE,,,,,,,FALSE,,,,,,,,,,,ambiguous,low,FALSE,FALSE,FALSE,,,,,,,,,,,,,,,ambiguous,low,TRUE,REVISTA URUGUAYA DE CIENCIA POLITICA,1688-499X,A1,exact_issn,high,TRUE,TRUE,TRUE,FALSE,Revista uruguaya de ciencia política,https://www.latindex.org/latindex/ficha/16727,exact_normalized_name,high,,TRUE,TRUE,,,TRUE,FALSE
ART00055,Uruguay. La encrucijada política del fin de siglo,uruguay la encrucijada politica del fin de siglo,1995,published,FALSE,Nueva Sociedad,nueva sociedad,0251-3552,,,GERARDO CAETANO,single_source_row,not_applicable,,1,TRUE,Gerardo Caetano,1,FALSE,FALSE,JRN205,5,FALSE,FALSE,,,,,,,FALSE,,,,,,,,,,,,,FALSE,FALSE,FALSE,,,,,,,,,,,,,,,,,TRUE,NUEVA SOCIEDAD,0251-3552,A1,exact_issn,high,FALSE,FALSE,,,,,,,,TRUE,,,,TRUE,FALSE
ART00056,Uruguay: Triple Empate Electoral,uruguay triple empate electoral,1995,published,FALSE,"Voz y Voto, 24",voz y voto 24,0187-7024,,,"BUQUET, D | MORGENSTERN, S",single_source_row,not_applicable,,2,FALSE,Daniel Buquet,1,FALSE,FALSE,JRN401,,FALSE,FALSE,,,,,,,FALSE,,,,,,,,,,,,,FALSE,FALSE,FALSE,,,,,,,,,,,,,,,,,FALSE,,,,,,FALSE,FALSE,,,,,,,,,,,,TRUE,FALSE
ART00057,El Estado Evaluador de la Educación Superior. Pertinencia teórica y modelos,el estado evaluador de la educacion superior pertinencia teorica y modelos,1996,published,TRUE,Universidade e Sociedade,universidade e sociedade,1517-1779,,,BENTANCUR NICOLÁS,single_source_row,not_applicable,,1,TRUE,Nicolás Bentancur,1,FALSE,FALSE,JRN397,12,FALSE,FALSE,,,,,,,FALSE,,,,,,,,,,,,,FALSE,FALSE,FALSE,,,,,,,,,,,,,,,,,TRUE,UNIVERSIDADE E SOCIEDADE (BRASÍLIA),1517-1779,A3,exact_issn,high,FALSE,FALSE,,,,,,,,TRUE,,,,TRUE,FALSE
ART00058,Elecciones 94 y coalición de gobierno en Uruguay,elecciones 94 y coalicion de gobierno en uruguay,1996,published,TRUE,AMÉRICA LATINA HOY,america latina hoy,1130-2887,2340-4396,,MARÍA ESTER MANCEBO,single_source_row,not_applicable,,1,TRUE,María Ester Mancebo,1,FALSE,FALSE,JRN014,7,TRUE,FALSE,,,,,,,TRUE,19700169837,America Latina Hoy,295,0.725,Q1,14,Sociology and Political Science,295,0.725,Q1,exact_issn,high,TRUE,FALSE,TRUE,19700169837,America Latina Hoy,0.7,0.725,0.478,42,44,59,55,306,692,55.0% 306/692 Arts and Humanities (miscellaneous),Active,2011-2026,exact_issn,high,TRUE,AMÉRICA LATINA HOY,1130-2887,A1,exact_issn,high,TRUE,TRUE,TRUE,FALSE,América Latina hoy,https://www.latindex.org/latindex/ficha/22330,exact_normalized_name,high,TRUE,TRUE,TRUE,TRUE,TRUE,TRUE,FALSE
ART00059,Relaciones interpartidarias y gobierno en el Uruguay (1942-1973),relaciones interpartidarias y gobierno en el uruguay 1942 1973,1996,published,FALSE,Revista Uruguaya de Ciencia Política,revista uruguaya de ciencia politica,,0797-9789,,ALFABÉTICA | GERARDO CAETANO,single_source_row,not_applicable,,2,FALSE,Gerardo Caetano,1,FALSE,FALSE,JRN351,35,FALSE,FALSE,,,,,,,FALSE,,,,,,,,,,,ambiguous,low,FALSE,FALSE,FALSE,,,,,,,,,,,,,,,ambiguous,low,TRUE,REVISTA URUGUAYA DE CIENCIA POLITICA,1688-499X,A1,exact_issn,high,TRUE,TRUE,TRUE,FALSE,Revista uruguaya de ciencia política,https://www.latindex.org/latindex/ficha/16727,exact_normalized_name,high,,TRUE,TRUE,,,TRUE,FALSE
ART00060,Representación Proporcional y Democracia en Uruguay,representacion proporcional y democracia en uruguay,1996,published,TRUE,Revista Uruguaya de Ciencia Política,revista uruguaya de ciencia politica,,0797-9789,,"BUQUET, D | CASTELLANO, E",single_source_row,not_applicable,,2,FALSE,Daniel Buquet,1,FALSE,FALSE,JRN351,37,FALSE,FALSE,,,,,,,FALSE,,,,,,,,,,,ambiguous,low,FALSE,FALSE,FALSE,,,,,,,,,,,,,,,ambiguous,low,TRUE,REVISTA URUGUAYA DE CIENCIA POLITICA,1688-499X,A1,exact_issn,high,TRUE,TRUE,TRUE,FALSE,Revista uruguaya de ciencia política,https://www.latindex.org/latindex/ficha/16727,exact_normalized_name,high,,TRUE,TRUE,,,TRUE,FALSE
ART00061,Reseña Sistema Electoral y Gobernabilidad en el Uruguay de Juan F. Faig Garicoits,resena sistema electoral y gobernabilidad en el uruguay de juan f faig garicoits,1996,published,TRUE,Revista Uruguaya de Ciencia Política,revista uruguaya de ciencia politica,,0797-9789,,"CHASQUETTI, DANIEL",single_source_row,not_applicable,,1,TRUE,Daniel Chasquetti,1,FALSE,FALSE,JRN351,,FALSE,FALSE,,,,,,,FALSE,,,,,,,,,,,ambiguous,low,FALSE,FALSE,FALSE,,,,,,,,,,,,,,,ambiguous,low,TRUE,REVISTA URUGUAYA DE CIENCIA POLITICA,1688-499X,A1,exact_issn,high,TRUE,TRUE,TRUE,FALSE,Revista uruguaya de ciencia política,https://www.latindex.org/latindex/ficha/16727,exact_normalized_name,high,,TRUE,TRUE,,,TRUE,FALSE
ART00062,El rendimiento de los by pass como instrumento de reforma social: el caso Pris,el rendimiento de los by pass como instrumento de reforma social el caso pris,1997,published,TRUE,Revista Uruguaya de Ciencia Política,revista uruguaya de ciencia politica,,0797-9789,,CARMEN MIDAGLIA,single_source_row,not_applicable,,1,TRUE,Carmen Midaglia,1,FALSE,FALSE,JRN351,,FALSE,FALSE,,,,,,,FALSE,,,,,,,,,,,ambiguous,low,FALSE,FALSE,FALSE,,,,,,,,,,,,,,,ambiguous,low,TRUE,REVISTA URUGUAYA DE CIENCIA POLITICA,1688-499X,A1,exact_issn,high,TRUE,TRUE,TRUE,FALSE,Revista uruguaya de ciencia política,https://www.latindex.org/latindex/ficha/16727,exact_normalized_name,high,,TRUE,TRUE,,,TRUE,FALSE
ART00063,Estado y Sociedad,estado y sociedad,1997,published,FALSE,Fronteras,fronteras,0797-8952,2393-7688,,CARMEN MIDAGLIA,single_source_row,not_applicable,,1,TRUE,Carmen Midaglia,1,FALSE,FALSE,JRN131,,FALSE,FALSE,,,,,,,FALSE,,,,,,,,,,,,,FALSE,FALSE,FALSE,,,,,,,,,,,,,,,,,FALSE,,,,,,FALSE,FALSE,,,,,,,,,,,,TRUE,FALSE
ART00064,Las representaciones sociales y políticas en el Uruguay moderno (1900-1933),las representaciones sociales y politicas en el uruguay moderno 1900 1933,1997,published,TRUE,Prismas - Revista de historia intelectual,prismas revista de historia intelectual,1666-1508,1852-0499,,GERARDO CAETANO,single_source_row,not_applicable,,1,TRUE,Gerardo Caetano,1,FALSE,FALSE,JRN248,3,FALSE,FALSE,,,,,,,FALSE,,,,,,,,,,,,,FALSE,FALSE,FALSE,,,,,,,,,,,,,,,,,TRUE,PRISMAS,1852-0499,A1,exact_issn,high,FALSE,FALSE,,,,,,,,TRUE,,,,TRUE,FALSE
ART00065,Límites y posibilidades de un diálogo entre la Historia y el Psicoanálisis,limites y posibilidades de un dialogo entre la historia y el psicoanalisis,1997,published,FALSE,Revista Uruguaya de Psicoanálisis,revista uruguaya de psicoanalisis,0484-8268,1688-7247,,GERARDO CAETANO,single_source_row,not_applicable,,1,TRUE,Gerardo Caetano,1,FALSE,FALSE,JRN352,0,FALSE,FALSE,,,,,,,FALSE,,,,,,,,,,,,,FALSE,FALSE,FALSE,,,,,,,,,,,,,,,,,FALSE,,,,,,FALSE,FALSE,,,,,,,,,,,,TRUE,FALSE
ART00066,Reforma Política y Gobernabilidad Democrática en Uruguay: la Reforma Constitucional de 1996,reforma politica y gobernabilidad democratica en uruguay la reforma constitucional de 1996,1997,published,TRUE,Revista Uruguaya de Ciencia Política,revista uruguaya de ciencia politica,,0797-9789,,"BUQUET, D",single_source_row,not_applicable,,1,TRUE,Daniel Buquet,1,FALSE,FALSE,JRN351,54,FALSE,FALSE,,,,,,,FALSE,,,,,,,,,,,ambiguous,low,FALSE,FALSE,FALSE,,,,,,,,,,,,,,,ambiguous,low,TRUE,REVISTA URUGUAYA DE CIENCIA POLITICA,1688-499X,A1,exact_issn,high,TRUE,TRUE,TRUE,FALSE,Revista uruguaya de ciencia política,https://www.latindex.org/latindex/ficha/16727,exact_normalized_name,high,,TRUE,TRUE,,,TRUE,FALSE
ART00067,Uruguay 1980: transición y democracia plebiscitaria,uruguay 1980 transicion y democracia plebiscitaria,1997,published,FALSE,Nueva Sociedad,nueva sociedad,0251-3552,,,"RILLA, JOSÉ",single_source_row,not_applicable,,1,TRUE,José Rilla,1,FALSE,FALSE,JRN205,32,FALSE,FALSE,,,,,,,FALSE,,,,,,,,,,,,,FALSE,FALSE,FALSE,,,,,,,,,,,,,,,,,TRUE,NUEVA SOCIEDAD,0251-3552,A1,exact_issn,high,FALSE,FALSE,,,,,,,,TRUE,,,,TRUE,FALSE
ART00068,Uruguay: Un Algodon entre dos Cristales,uruguay un algodon entre dos cristales,1997,published,FALSE,Cuadernos del CLAEH,cuadernos del claeh,,0797-6062,,MORAES,single_source_row,not_applicable,,1,TRUE,Juan Andrés Moraes,1,FALSE,FALSE,JRN073,,FALSE,FALSE,,,,,,,FALSE,,,,,,,,,,,,,FALSE,FALSE,FALSE,,,,,,,,,,,,,,,,,FALSE,,,,,,FALSE,FALSE,,,,,,,,,,,,TRUE,FALSE
ART00069,Algunas claves para el análisis de procesos de negociación,algunas claves para el analisis de procesos de negociacion,1998,published,TRUE,Prisma,prisma,0797-8057,,,Carlos Luján,single_source_row,not_applicable,,1,TRUE,Carlos Luján,1,FALSE,FALSE,JRN247,,FALSE,FALSE,,,,,,,FALSE,,,,,,,,,,,,,FALSE,FALSE,FALSE,,,,,,,,,,,,,,,,,FALSE,,,,,,FALSE,FALSE,,,,,,,,,,,,TRUE,FALSE
ART00070,Los Parlamentos del Mercosur. Desafíos y modernización,los parlamentos del mercosur desafios y modernizacion,1998,published,FALSE,Cuadernos del CLAEH,cuadernos del claeh,,0797-6062,,GERARDO CAETANO,single_source_row,not_applicable,,1,TRUE,Gerardo Caetano,1,FALSE,FALSE,JRN073,6,FALSE,FALSE,,,,,,,FALSE,,,,,,,,,,,,,FALSE,FALSE,FALSE,,,,,,,,,,,,,,,,,FALSE,,,,,,FALSE,FALSE,,,,,,,,,,,,TRUE,FALSE
ART00071,Uruguay Fin de Siglo: Tiempos de Coalición,uruguay fin de siglo tiempos de coalicion,1998,published,FALSE,Nueva Sociedad,nueva sociedad,0251-3552,,,"BUQUET, D",single_source_row,not_applicable,,1,TRUE,Daniel Buquet,1,FALSE,FALSE,JRN205,6,FALSE,FALSE,,,,,,,FALSE,,,,,,,,,,,,,FALSE,FALSE,FALSE,,,,,,,,,,,,,,,,,TRUE,NUEVA SOCIEDAD,0251-3552,A1,exact_issn,high,FALSE,FALSE,,,,,,,,TRUE,,,,TRUE,FALSE
ART00072,Cambiar la Historia. Relaciones entre la elite política y la historia política en el Uruguay contemporáneo,cambiar la historia relaciones entre la elite politica y la historia politica en el uruguay contemporaneo,1999,published,TRUE,Revista Uruguaya de Ciencia Política,revista uruguaya de ciencia politica,,0797-9789,,"RILLA, JOSÉ",single_source_row,not_applicable,,1,TRUE,José Rilla,1,FALSE,FALSE,JRN351,,FALSE,FALSE,,,,,,,FALSE,,,,,,,,,,,ambiguous,low,FALSE,FALSE,FALSE,,,,,,,,,,,,,,,ambiguous,low,TRUE,REVISTA URUGUAYA DE CIENCIA POLITICA,1688-499X,A1,exact_issn,high,TRUE,TRUE,TRUE,FALSE,Revista uruguaya de ciencia política,https://www.latindex.org/latindex/ficha/16727,exact_normalized_name,high,,TRUE,TRUE,,,TRUE,FALSE
ART00073,Compartiendo el Gobierno: Multipartidismo y Coaliciones en Uruguay. 1971-1996,compartiendo el gobierno multipartidismo y coaliciones en uruguay 1971 1996,1999,published,TRUE,Revista Uruguaya de Ciencia Política,revista uruguaya de ciencia politica,,0797-9789,,"CHASQUETTI, DANIEL",single_source_row,not_applicable,,1,TRUE,Daniel Chasquetti,1,FALSE,FALSE,JRN351,,FALSE,FALSE,,,,,,,FALSE,,,,,,,,,,,ambiguous,low,FALSE,FALSE,FALSE,,,,,,,,,,,,,,,ambiguous,low,TRUE,REVISTA URUGUAYA DE CIENCIA POLITICA,1688-499X,A1,exact_issn,high,TRUE,TRUE,TRUE,FALSE,Revista uruguaya de ciencia política,https://www.latindex.org/latindex/ficha/16727,exact_normalized_name,high,,TRUE,TRUE,,,TRUE,FALSE
ART00074,Esa pasión uruguaya por las constituciones mixtas,esa pasion uruguaya por las constituciones mixtas,1999,published,FALSE,revista de derecho público,revista de derecho publico,,0797-4302,,"GARCÉ, A. | Gustavo De Armas",single_source_row,not_applicable,,2,FALSE,Adolfo Garcé,1,FALSE,FALSE,JRN285,,FALSE,FALSE,,,,,,,FALSE,,,,,,,,,,,ambiguous,low,FALSE,FALSE,FALSE,,,,,,,,,,,,,,,ambiguous,low,FALSE,,,,ambiguous,low,FALSE,FALSE,,,,,,,,,,,,TRUE,FALSE
ART00075,"Review of John D. French and Daniel James (eds.), The Gendered Worlds of Latin American Women Workers: From Household and Factory to the Union Hall and Ballot Box (Durham and London: Duke University Press, 1998)",review of john d french and daniel james eds the gendered worlds of latin american women workers from household and factory to the union hall and ballot box durham and london duke university press 1998,1999,published,TRUE,Journal of Latin American Studies,journal of latin american studies,0022-216X,1469-767X,10.1017/s0022216x98575268,NIKI JOHNSON,exact_doi,high,,1,TRUE,Niki Johnson,1,FALSE,FALSE,JRN172,,TRUE,FALSE,,,,,,,TRUE,26288,Journal of Latin American Studies,564,0.392,Q2,56,Sociology and Political Science,564,0.392,Q2,exact_issn,high,TRUE,FALSE,TRUE,26288,Journal of Latin American Studies,1.7,0.392,1.206,55,144,84,72,191,692,72.0% 191/692 Arts and Humanities (miscellaneous),Active,1969-2026,exact_issn,high,TRUE,JOURNAL OF LATIN AMERICAN STUDIES (PRINT),0022-216X,A3,exact_issn,high,FALSE,FALSE,,,,,,,TRUE,TRUE,,FALSE,TRUE,TRUE,FALSE
ART00076,Ideas y competencia política: revisando el fracaso de la CIDE,ideas y competencia politica revisando el fracaso de la cide,1999,published,FALSE,Revista Uruguaya de Ciencia Política,revista uruguaya de ciencia politica,,0797-9789,,"GARCÉ, A.",single_source_row,not_applicable,,1,TRUE,Adolfo Garcé,1,FALSE,FALSE,JRN351,31,FALSE,FALSE,,,,,,,FALSE,,,,,,,,,,,ambiguous,low,FALSE,FALSE,FALSE,,,,,,,,,,,,,,,ambiguous,low,TRUE,REVISTA URUGUAYA DE CIENCIA POLITICA,1688-499X,A1,exact_issn,high,TRUE,TRUE,TRUE,FALSE,Revista uruguaya de ciencia política,https://www.latindex.org/latindex/ficha/16727,exact_normalized_name,high,,TRUE,TRUE,,,TRUE,FALSE
ART00077,Las políticas educativas de Uruguay en el contexto latinoamericano. 1985-1994,las politicas educativas de uruguay en el contexto latinoamericano 1985 1994,1999,published,TRUE,Revista Uruguaya de Ciencia Política,revista uruguaya de ciencia politica,,0797-9789,,MARÍA ESTER MANCEBO,single_source_row,not_applicable,,1,TRUE,María Ester Mancebo,1,FALSE,FALSE,JRN351,37,FALSE,FALSE,,,,,,,FALSE,,,,,,,,,,,ambiguous,low,FALSE,FALSE,FALSE,,,,,,,,,,,,,,,ambiguous,low,TRUE,REVISTA URUGUAYA DE CIENCIA POLITICA,1688-499X,A1,exact_issn,high,TRUE,TRUE,TRUE,FALSE,Revista uruguaya de ciencia política,https://www.latindex.org/latindex/ficha/16727,exact_normalized_name,high,,TRUE,TRUE,,,TRUE,FALSE
ART00078,Mayoría Automática en Uruguay: La experiencia de los Gobiernos Departamentales 1984-1994,mayoria automatica en uruguay la experiencia de los gobiernos departamentales 1984 1994,1999,published,TRUE,Revista Uruguaya de Ciencia Política,revista uruguaya de ciencia politica,,0797-9789,,MORAES,single_source_row,not_applicable,,1,TRUE,Juan Andrés Moraes,1,FALSE,FALSE,JRN351,,FALSE,FALSE,,,,,,,FALSE,,,,,,,,,,,ambiguous,low,FALSE,FALSE,FALSE,,,,,,,,,,,,,,,ambiguous,low,TRUE,REVISTA URUGUAYA DE CIENCIA POLITICA,1688-499X,A1,exact_issn,high,TRUE,TRUE,TRUE,FALSE,Revista uruguaya de ciencia política,https://www.latindex.org/latindex/ficha/16727,exact_normalized_name,high,,TRUE,TRUE,,,TRUE,FALSE
ART00079,Uruguay. Nuevas reglas y apertura del calendario electoral,uruguay nuevas reglas y apertura del calendario electoral,1999,published,FALSE,Nueva Sociedad,nueva sociedad,0251-3552,,,GERARDO CAETANO,single_source_row,not_applicable,,1,TRUE,Gerardo Caetano,1,FALSE,FALSE,JRN205,2,FALSE,FALSE,,,,,,,FALSE,,,,,,,,,,,,,FALSE,FALSE,FALSE,,,,,,,,,,,,,,,,,TRUE,NUEVA SOCIEDAD,0251-3552,A1,exact_issn,high,FALSE,FALSE,,,,,,,,TRUE,,,,TRUE,FALSE
ART00080,"Varela y Sarmiento, pensamiento y acción",varela y sarmiento pensamiento y accion,1999,published,FALSE,Educar,educar,1510-1185,,,"RILLA, JOSÉ",single_source_row,not_applicable,,1,TRUE,José Rilla,1,FALSE,FALSE,JRN097,,FALSE,FALSE,,,,,,,FALSE,,,,,,,,,,,,,FALSE,FALSE,FALSE,,,,,,,,,,,,,,,,,FALSE,,,,,,FALSE,FALSE,,,,,,,,,,,,TRUE,FALSE
ART00081,A esquerda no Uruguai e no Brasil: cultura política e desenvolvimento partidario,a esquerda no uruguai e no brasil cultura politica e desenvolvimento partidario,2000,published,TRUE,Opinião Pública,opiniao publica,,1807-0191,,CONSTANZA MOREIRA,single_source_row,not_applicable,,1,TRUE,Constanza Moreira,1,FALSE,FALSE,JRN213,,TRUE,FALSE,,,,,,,TRUE,5100154603,Opiniao Publica,445,0.52,Q2,25,Sociology and Political Science,445,0.52,Q2,exact_issn,high,TRUE,FALSE,TRUE,5100154603,Opiniao Publica,1.5,0.52,1.294,44,148,97,51,736,1530,51.0% 736/1530 Sociology and Political Science,Active,2006-2026,exact_issn,high,TRUE,OPINIÃO PÚBLICA,1807-0191,A1,exact_issn,high,FALSE,FALSE,,,,,,,TRUE,TRUE,,FALSE,TRUE,TRUE,FALSE
ART00082,"¿Democracia a medias? La representación de la mujer en cargos políticos electivos en el Uruguay, 1984-1994",democracia a medias la representacion de la mujer en cargos politicos electivos en el uruguay 1984 1994,2000,published,TRUE,Revista Uruguaya de Ciencia Política,revista uruguaya de ciencia politica,,0797-9789,,NIKI JOHNSON,single_source_row,not_applicable,,1,TRUE,Niki Johnson,1,FALSE,FALSE,JRN351,39,FALSE,FALSE,,,,,,,FALSE,,,,,,,,,,,ambiguous,low,FALSE,FALSE,FALSE,,,,,,,,,,,,,,,ambiguous,low,TRUE,REVISTA URUGUAYA DE CIENCIA POLITICA,1688-499X,A1,exact_issn,high,TRUE,TRUE,TRUE,FALSE,Revista uruguaya de ciencia política,https://www.latindex.org/latindex/ficha/16727,exact_normalized_name,high,,TRUE,TRUE,,,TRUE,FALSE
ART00083,"Encuestas telefónicas y personales: ¿convergentes, complementarias o distintas?",encuestas telefonicas y personales convergentes complementarias o distintas,2000,published,TRUE,Prisma,prisma,0797-8057,,,Carlos Luján | María Ester Mancebo | Diego Hernández,exact_title_year_journal,high,,3,FALSE,Carlos Luján | María Ester Mancebo,2,TRUE,FALSE,JRN247,0,FALSE,FALSE,,,,,,,FALSE,,,,,,,,,,,,,FALSE,FALSE,FALSE,,,,,,,,,,,,,,,,,FALSE,,,,,,FALSE,FALSE,,,,,,,,,,,,TRUE,FALSE
ART00084,La Elección Uruguaya Después de la Reforma Electoral de 1997: Los Cambios que Aseguraron la Continuidad,la eleccion uruguaya despues de la reforma electoral de 1997 los cambios que aseguraron la continuidad,2000,published,TRUE,"Perfiles Latinoamericanos, 16",perfiles latinoamericanos 16,0188-7653,2309-4982,,"BUQUET, D",single_source_row,not_applicable,,1,TRUE,Daniel Buquet,1,FALSE,FALSE,JRN226,18,TRUE,FALSE,,,,,,,TRUE,5600153356,Perfiles Latinoamericanos,941,0.203,Q3,16,Sociology and Political Science,941,0.203,Q3,exact_issn,high,TRUE,FALSE,TRUE,5600153356,Perfiles Latinoamericanos,0.9,0.203,0.769,39,100,112,36,977,1530,36.0% 977/1530 Sociology and Political Science,Active,2008-2026,exact_issn,high,FALSE,,,,,,FALSE,FALSE,,,,,,,TRUE,,,FALSE,FALSE,TRUE,FALSE
ART00085,Las ideologías de los partidos en el gobierno de la economía,las ideologias de los partidos en el gobierno de la economia,2000,published,FALSE,Nueva Sociedad,nueva sociedad,0251-3552,,,"GARCÉ, A.",single_source_row,not_applicable,,1,TRUE,Adolfo Garcé,1,FALSE,FALSE,JRN205,,FALSE,FALSE,,,,,,,FALSE,,,,,,,,,,,,,FALSE,FALSE,FALSE,,,,,,,,,,,,,,,,,TRUE,NUEVA SOCIEDAD,0251-3552,A1,exact_issn,high,FALSE,FALSE,,,,,,,,TRUE,,,,TRUE,FALSE
ART00086,Las políticas de formación docente en Uruguay en perspectiva comparada,las politicas de formacion docente en uruguay en perspectiva comparada,2000,published,TRUE,Acta Sociologica,acta sociologica,1502-3869,0001-6993,,MARÍA ESTER MANCEBO,single_source_row,not_applicable,,1,TRUE,María Ester Mancebo,1,FALSE,FALSE,JRN004,4,TRUE,FALSE,,,,,,,TRUE,16865,Acta Sociologica,413,0.566,Q2,69,Sociology and Political Science,413,0.566,Q2,exact_issn,high,TRUE,FALSE,TRUE,16865,Acta Sociologica,3.5,0.566,1.368,82,395,112,77,351,1530,77.0% 351/1530 Sociology and Political Science,Active,1964-2026; 1962; 1956-1959,exact_issn,high,FALSE,,,,,,FALSE,FALSE,,,,,,,TRUE,,,FALSE,TRUE,TRUE,FALSE
ART00087,Reforma de la gestión pública y políticas universitarias,reforma de la gestion publica y politicas universitarias,2000,published,TRUE,Nueva Sociedad,nueva sociedad,0251-3552,,,BENTANCUR NICOLÁS,single_source_row,not_applicable,,1,TRUE,Nicolás Bentancur,1,FALSE,FALSE,JRN205,39,FALSE,FALSE,,,,,,,FALSE,,,,,,,,,,,,,FALSE,FALSE,FALSE,,,,,,,,,,,,,,,,,TRUE,NUEVA SOCIEDAD,0251-3552,A1,exact_issn,high,FALSE,FALSE,,,,,,,,TRUE,,,,TRUE,FALSE
ART00088,Uruguay: Con la Novedad de Seguir Igual,uruguay con la novedad de seguir igual,2000,published,FALSE,"Nueva Sociedad, 166",nueva sociedad 166,0251-3552,,,"BUQUET, D",single_source_row,not_applicable,,1,TRUE,Daniel Buquet,1,FALSE,FALSE,JRN205,,FALSE,FALSE,,,,,,,FALSE,,,,,,,,,,,,,FALSE,FALSE,FALSE,,,,,,,,,,,,,,,,,TRUE,NUEVA SOCIEDAD,0251-3552,A1,exact_issn,high,FALSE,FALSE,,,,,,,,TRUE,,,,TRUE,FALSE
ART00089,Balotaje y Coaliciones en América Latina.,balotaje y coaliciones en america latina,2001,published,TRUE,Revista Uruguaya de Ciencia Política,revista uruguaya de ciencia politica,,0797-9789,,"CHASQUETTI, DANIEL",single_source_row,not_applicable,,1,TRUE,Daniel Chasquetti,1,FALSE,FALSE,JRN351,59,FALSE,FALSE,,,,,,,FALSE,,,,,,,,,,,ambiguous,low,FALSE,FALSE,FALSE,,,,,,,,,,,,,,,ambiguous,low,TRUE,REVISTA URUGUAYA DE CIENCIA POLITICA,1688-499X,A1,exact_issn,high,TRUE,TRUE,TRUE,FALSE,Revista uruguaya de ciencia política,https://www.latindex.org/latindex/ficha/16727,exact_normalized_name,high,,TRUE,TRUE,,,TRUE,FALSE
ART00090,"Contextos y estrategias de las Reformas Institucionales en la Seguridad Social, la Educación y la Salud en Uruguay",contextos y estrategias de las reformas institucionales en la seguridad social la educacion y la salud en uruguay,2001,published,TRUE,Revista Uruguaya de Ciencia Política,revista uruguaya de ciencia politica,,0797-9789,,MORAES,single_source_row,not_applicable,,1,TRUE,Juan Andrés Moraes,1,FALSE,FALSE,JRN351,19,FALSE,FALSE,,,,,,,FALSE,,,,,,,,,,,ambiguous,low,FALSE,FALSE,FALSE,,,,,,,,,,,,,,,ambiguous,low,TRUE,REVISTA URUGUAYA DE CIENCIA POLITICA,1688-499X,A1,exact_issn,high,TRUE,TRUE,TRUE,FALSE,Revista uruguaya de ciencia política,https://www.latindex.org/latindex/ficha/16727,exact_normalized_name,high,,TRUE,TRUE,,,TRUE,FALSE
ART00091,"El arielismo, más allá de su leyenda negra",el arielismo mas alla de su leyenda negra,2001,published,FALSE,Prisma,prisma,0797-8057,,,"GARCÉ, A.",single_source_row,not_applicable,,1,TRUE,Adolfo Garcé,1,FALSE,FALSE,JRN247,,FALSE,FALSE,,,,,,,FALSE,,,,,,,,,,,,,FALSE,FALSE,FALSE,,,,,,,,,,,,,,,,,FALSE,,,,,,FALSE,FALSE,,,,,,,,,,,,TRUE,FALSE
ART00092,Elección presidencial mayoritaria en América Latina,eleccion presidencial mayoritaria en america latina,2001,published,TRUE,AMÉRICA LATINA HOY,america latina hoy,1130-2887,2340-4396,,"CHASQUETTI, DANIEL",single_source_row,not_applicable,,1,TRUE,Daniel Chasquetti,1,FALSE,FALSE,JRN014,37,TRUE,FALSE,,,,,,,TRUE,19700169837,America Latina Hoy,295,0.725,Q1,14,Sociology and Political Science,295,0.725,Q1,exact_issn,high,TRUE,FALSE,TRUE,19700169837,America Latina Hoy,0.7,0.725,0.478,42,44,59,55,306,692,55.0% 306/692 Arts and Humanities (miscellaneous),Active,2011-2026,exact_issn,high,TRUE,AMÉRICA LATINA HOY,1130-2887,A1,exact_issn,high,TRUE,TRUE,TRUE,FALSE,América Latina hoy,https://www.latindex.org/latindex/ficha/22330,exact_normalized_name,high,TRUE,TRUE,TRUE,TRUE,TRUE,TRUE,FALSE
ART00093,Familia e identidad partidaria. Razones para el éxito de una nueva tradición en Uruguay,familia e identidad partidaria razones para el exito de una nueva tradicion en uruguay,2001,published,FALSE,"Social, 16",social 16,1510-5628,,,"MONESTIER, FELIPE Serie Documentos de Trabajo - Programa de Investigación sobre Integración, Pobreza y Exclusión",single_source_row,not_applicable,,1,TRUE,Felipe Monestier,1,FALSE,FALSE,JRN361,,FALSE,FALSE,,,,,,,FALSE,,,,,,,,,,,,,FALSE,FALSE,FALSE,,,,,,,,,,,,,,,,,FALSE,,,,,,FALSE,FALSE,,,,,,,,,,,,TRUE,FALSE
ART00094,Las Políticas Universitarias en América Latina en los años noventa: del Estado Proveedor al Estado Gerente,las politicas universitarias en america latina en los anos noventa del estado proveedor al estado gerente,2001,published,TRUE,Pensamiento Educativo Revista de Investigación Educacional Latinoamericana,pensamiento educativo revista de investigacion educacional latinoamericana,0717-1013,0719-0409,,BENTANCUR NICOLÁS,single_source_row,not_applicable,,1,TRUE,Nicolás Bentancur,1,FALSE,FALSE,JRN224,38,FALSE,FALSE,,,,,,,FALSE,,,,,,,,,,,,,FALSE,FALSE,FALSE,,,,,,,,,,,,,,,,,FALSE,,,,,,FALSE,FALSE,,,,,,,,,,,,TRUE,FALSE
ART00095,Crecimiento y renovación de la izquierda uruguaya 1985-2000,crecimiento y renovacion de la izquierda uruguaya 1985 2000,2002,published,TRUE,Revista Uruguaya de Ciencia Política,revista uruguaya de ciencia politica,,0797-9789,,YAFFÉ,single_source_row,not_applicable,,1,TRUE,Jaime Yaffé,1,FALSE,FALSE,JRN351,,FALSE,FALSE,,,,,,,FALSE,,,,,,,,,,,ambiguous,low,FALSE,FALSE,FALSE,,,,,,,,,,,,,,,ambiguous,low,TRUE,REVISTA URUGUAYA DE CIENCIA POLITICA,1688-499X,A1,exact_issn,high,TRUE,TRUE,TRUE,FALSE,Revista uruguaya de ciencia política,https://www.latindex.org/latindex/ficha/16727,exact_normalized_name,high,,TRUE,TRUE,,,TRUE,FALSE
ART00096,Democracias en los países del Mercosur: problemas y retos en la actualidad,democracias en los paises del mercosur problemas y retos en la actualidad,2002,published,TRUE,Ágora,agora,1414-0454,1982-6737,,GERARDO CAETANO,single_source_row,not_applicable,,1,TRUE,Gerardo Caetano,1,FALSE,FALSE,JRN007,,FALSE,FALSE,,,,,,,FALSE,,,,,,,,,,,,,FALSE,FALSE,FALSE,,,,,,,,,,,,,,,,,FALSE,,,,,,FALSE,FALSE,,,,,,,,,,,,TRUE,FALSE
ART00097,Desarrollo y reforma del welfare state: una revisión de enfoques teóricos,desarrollo y reforma del welfare state una revision de enfoques teoricos,2002,published,FALSE,Cuadernos del CLAEH,cuadernos del claeh,,0797-6062,,JOSE MIGUEL BUSQUETS,single_source_row,not_applicable,,1,TRUE,José Busquets,1,FALSE,FALSE,JRN073,,FALSE,FALSE,,,,,,,FALSE,,,,,,,,,,,,,FALSE,FALSE,FALSE,,,,,,,,,,,,,,,,,FALSE,,,,,,FALSE,FALSE,,,,,,,,,,,,TRUE,FALSE
ART00098,Historiografía uruguaya contemporánea. Acerca de un libro de Leticia Soler,historiografia uruguaya contemporanea acerca de un libro de leticia soler,2002,published,TRUE,Boletín de Historia Económica,boletin de historia economica,1688-5082,,,YAFFÉ,single_source_row,not_applicable,,1,TRUE,Jaime Yaffé,1,FALSE,FALSE,JRN033,,FALSE,FALSE,,,,,,,FALSE,,,,,,,,,,,,,FALSE,FALSE,FALSE,,,,,,,,,,,,,,,,,FALSE,,,,,,FALSE,FALSE,,,,,,,,,,,,TRUE,FALSE
ART00099,La educación pública y la educación católica: puntos de encuentro a partir de la reforma del ciclo básico,la educacion publica y la educacion catolica puntos de encuentro a partir de la reforma del ciclo basico,2002,published,FALSE,Páginas del Area Edcuación,paginas del area edcuacion,,,,MARÍA ESTER MANCEBO,single_source_row,not_applicable,,1,TRUE,María Ester Mancebo,1,FALSE,FALSE,JRN214,,FALSE,FALSE,,,,,,,FALSE,,,,,,,,,,,,,FALSE,FALSE,FALSE,,,,,,,,,,,,,,,,,FALSE,,,,,,FALSE,FALSE,,,,,,,,,,,,TRUE,FALSE
ART00100,La larga marcha de una reforma exitosa: de la formulación a la implementación de políticas educativas,la larga marcha de una reforma exitosa de la formulacion a la implementacion de politicas educativas,2002,published,TRUE,Política y Gestión,politica y gestion,1669-5100,,,MARÍA ESTER MANCEBO,single_source_row,not_applicable,,1,TRUE,María Ester Mancebo,1,FALSE,FALSE,JRN238,89,FALSE,FALSE,,,,,,,FALSE,,,,,,,,,,,,,FALSE,FALSE,FALSE,,,,,,,,,,,,,,,,,FALSE,,,,,,FALSE,FALSE,,,,,,,,,,,,TRUE,FALSE
ART00101,La reforma de la seguridad social en Uruguay: actores y procesos de negociación.,la reforma de la seguridad social en uruguay actores y procesos de negociacion,2002,published,TRUE,Revista Uruguaya de Ciencia Política,revista uruguaya de ciencia politica,,0797-9789,,Carlos Luján,single_source_row,not_applicable,,1,TRUE,Carlos Luján,1,FALSE,FALSE,JRN351,,FALSE,FALSE,,,,,,,FALSE,,,,,,,,,,,ambiguous,low,FALSE,FALSE,FALSE,,,,,,,,,,,,,,,ambiguous,low,TRUE,REVISTA URUGUAYA DE CIENCIA POLITICA,1688-499X,A1,exact_issn,high,TRUE,TRUE,TRUE,FALSE,Revista uruguaya de ciencia política,https://www.latindex.org/latindex/ficha/16727,exact_normalized_name,high,,TRUE,TRUE,,,TRUE,FALSE
ART00102,Las coaliciones de gobierno en América Latina: una nueva forma de gobernar,las coaliciones de gobierno en america latina una nueva forma de gobernar,2002,published,TRUE,Lateinamerika Analysen,lateinamerika analysen,1619-1684,,,"CHASQUETTI, DANIEL",single_source_row,not_applicable,,1,TRUE,Daniel Chasquetti,1,FALSE,FALSE,JRN183,,FALSE,FALSE,,,,,,,FALSE,,,,,,,,,,,,,FALSE,FALSE,FALSE,,,,,,,,,,,,,,,,,FALSE,,,,,,FALSE,FALSE,,,,,,,,,,,,TRUE,FALSE
ART00103,Políticas culturales y desarrollo social. Algunas notas para revisar conceptos.,politicas culturales y desarrollo social algunas notas para revisar conceptos,2002,published,FALSE,Ábaco,abaco,0213-6252,,,GERARDO CAETANO,single_source_row,not_applicable,,1,TRUE,Gerardo Caetano,1,FALSE,FALSE,JRN002,2,FALSE,FALSE,,,,,,,FALSE,,,,,,,,,,,,,FALSE,FALSE,FALSE,,,,,,,,,,,,,,,,,FALSE,,,,,,FALSE,FALSE,,,,,,,,,,,,TRUE,FALSE
ART00104,Propuestas de reforma en salud y equidad en Uruguay: ¿redefinición del Welfare State?,propuestas de reforma en salud y equidad en uruguay redefinicion del welfare state,2002,published,TRUE,Cadernos de Saúde Pública,cadernos de saude publica,0102-311X,1678-4464,,CONSTANZA MOREIRA | MYRIAM MITJAVILA | JOSÉ FERNÁNDEZ,single_source_row,not_applicable,,3,FALSE,Constanza Moreira,1,FALSE,FALSE,JRN041,,FALSE,FALSE,,,,,,,FALSE,,,,,,,,,,,,,FALSE,FALSE,FALSE,,,,,,,,,,,,,,,,,FALSE,,,,conflict,low,FALSE,FALSE,,,,,,,,,,,,TRUE,FALSE
ART00105,Una nueva forma de relacionamiento entre gobiernos y universidades: el Estado Evaluador de la educación superior,una nueva forma de relacionamiento entre gobiernos y universidades el estado evaluador de la educacion superior,2002,published,TRUE,Revista Uruguaya de Ciencia Política,revista uruguaya de ciencia politica,,0797-9789,,BENTANCUR NICOLÁS,single_source_row,not_applicable,,1,TRUE,Nicolás Bentancur,1,FALSE,FALSE,JRN351,,FALSE,FALSE,,,,,,,FALSE,,,,,,,,,,,ambiguous,low,FALSE,FALSE,FALSE,,,,,,,,,,,,,,,ambiguous,low,TRUE,REVISTA URUGUAYA DE CIENCIA POLITICA,1688-499X,A1,exact_issn,high,TRUE,TRUE,TRUE,FALSE,Revista uruguaya de ciencia política,https://www.latindex.org/latindex/ficha/16727,exact_normalized_name,high,,TRUE,TRUE,,,TRUE,FALSE
ART00106,El Doble Voto Simultáneo,el doble voto simultaneo,2003,published,TRUE,REVISTA SAAP,revista saap,1666-7883,1853-1970,,"BUQUET, D",single_source_row,not_applicable,,1,TRUE,Daniel Buquet,1,FALSE,FALSE,JRN349,49,FALSE,FALSE,,,,,,,FALSE,,,,,,,,,,,,,FALSE,FALSE,FALSE,,,,,,,,,,,,,,,,,FALSE,,,,conflict,low,TRUE,TRUE,TRUE,FALSE,Revista SAAP,https://www.latindex.org/latindex/ficha/16554,exact_normalized_name,high,,,TRUE,,,TRUE,FALSE
ART00107,El modelo de industrialización sustitutivo de importaciones,el modelo de industrializacion sustitutivo de importaciones,2003,published,TRUE,Ágora,agora,1414-0454,1982-6737,,ZURBRIGGEN,single_source_row,not_applicable,,1,TRUE,Cristina Zurbriggen,1,FALSE,FALSE,JRN007,,FALSE,FALSE,,,,,,,FALSE,,,,,,,,,,,,,FALSE,FALSE,FALSE,,,,,,,,,,,,,,,,,FALSE,,,,,,FALSE,FALSE,,,,,,,,,,,,TRUE,FALSE
ART00108,Introducción al estudio de las tradiciones ideológicas de los partidos políticos uruguayos en el siglo XX,introduccion al estudio de las tradiciones ideologicas de los partidos politicos uruguayos en el siglo xx,2003,published,TRUE,Política y Gestión,politica y gestion,1669-5100,,,"GARCÉ, A. | Gustavo De Armas | Jaime Yaffé",fuzzy_title_year_journal_authors,high,Peer-review flag differed across CV occurrences; TRUE retained and conflict documented.,3,FALSE,Adolfo Garcé | Jaime Yaffé,2,TRUE,FALSE,JRN238,8,FALSE,FALSE,,,,,,,FALSE,,,,,,,,,,,,,FALSE,FALSE,FALSE,,,,,,,,,,,,,,,,,FALSE,,,,,,FALSE,FALSE,,,,,,,,,,,,TRUE,FALSE
ART00109,"Izquierda, Historia y Tradición en Uruguay. La tradicionalización del Frente Amplio y el nacimiento de la tercera divisa",izquierda historia y tradicion en uruguay la tradicionalizacion del frente amplio y el nacimiento de la tercera divisa,2003,published,TRUE,Cuadernos del CLAEH,cuadernos del claeh,,0797-6062,,YAFFÉ,single_source_row,not_applicable,,1,TRUE,Jaime Yaffé,1,FALSE,FALSE,JRN073,,FALSE,FALSE,,,,,,,FALSE,,,,,,,,,,,,,FALSE,FALSE,FALSE,,,,,,,,,,,,,,,,,FALSE,,,,,,FALSE,FALSE,,,,,,,,,,,,TRUE,FALSE
ART00110,La maldición de Mauá. Crisis bancarias en Uruguay (1868-2002),la maldicion de maua crisis bancarias en uruguay 1868 2002,2003,published,TRUE,Boletín de Historia Económica,boletin de historia economica,1688-5082,,,YAFFÉ,single_source_row,not_applicable,,1,TRUE,Jaime Yaffé,1,FALSE,FALSE,JRN033,5,FALSE,FALSE,,,,,,,FALSE,,,,,,,,,,,,,FALSE,FALSE,FALSE,,,,,,,,,,,,,,,,,FALSE,,,,,,FALSE,FALSE,,,,,,,,,,,,TRUE,FALSE
ART00111,Uruguay 2003. Agobios y desafíos del Nuevo país,uruguay 2003 agobios y desafios del nuevo pais,2003,published,FALSE,Nueva Sociedad,nueva sociedad,0251-3552,,,GERARDO CAETANO,single_source_row,not_applicable,,1,TRUE,Gerardo Caetano,1,FALSE,FALSE,JRN205,3,FALSE,FALSE,,,,,,,FALSE,,,,,,,,,,,,,FALSE,FALSE,FALSE,,,,,,,,,,,,,,,,,TRUE,NUEVA SOCIEDAD,0251-3552,A1,exact_issn,high,FALSE,FALSE,,,,,,,,TRUE,,,,TRUE,FALSE
ART00112,Buscadores de rentas. El Contralor de Exportaciones e Importaciones 1931-1961: Regulación económica y representación corporativa,buscadores de rentas el contralor de exportaciones e importaciones 1931 1961 regulacion economica y representacion corporativa,2004,published,TRUE,Cuadernos del CLAEH,cuadernos del claeh,,2393-5979,,ZURBRIGGEN,single_source_row,not_applicable,,1,TRUE,Cristina Zurbriggen,1,FALSE,FALSE,JRN073,,FALSE,FALSE,,,,,,,FALSE,,,,,,,,,,,,,FALSE,FALSE,FALSE,,,,,,,,,,,,,,,,,FALSE,,,,,,FALSE,FALSE,,,,,,,,,,,,TRUE,FALSE
ART00113,Cinco dilemas universitarios de comienzo de siglo,cinco dilemas universitarios de comienzo de siglo,2004,published,TRUE,Revista Uruguaya de Ciencia Política,revista uruguaya de ciencia politica,,0797-9789,,BENTANCUR NICOLÁS,single_source_row,not_applicable,,1,TRUE,Nicolás Bentancur,1,FALSE,FALSE,JRN351,25,FALSE,FALSE,,,,,,,FALSE,,,,,,,,,,,ambiguous,low,FALSE,FALSE,FALSE,,,,,,,,,,,,,,,ambiguous,low,TRUE,REVISTA URUGUAYA DE CIENCIA POLITICA,1688-499X,A1,exact_issn,high,TRUE,TRUE,TRUE,FALSE,Revista uruguaya de ciencia política,https://www.latindex.org/latindex/ficha/16727,exact_normalized_name,high,,TRUE,TRUE,,,TRUE,FALSE
ART00114,"De las ideas a las políticas: programas partidarios, agendas de gobierno y políticas públicas en el Uruguay contemporáneo (1985-2005)",de las ideas a las politicas programas partidarios agendas de gobierno y politicas publicas en el uruguay contemporaneo 1985 2005,2004,published,TRUE,Iberoamericana,iberoamericana,0046-8444,2002-4509,,"GARCÉ, A. | Jaime Yaffé",exact_title_year_journal,high,,2,FALSE,Adolfo Garcé | Jaime Yaffé,2,TRUE,FALSE,JRN149,8,FALSE,FALSE,,,,,,,FALSE,,,,,,,,,,,,,FALSE,FALSE,FALSE,,,,,,,,,,,,,,,,,TRUE,IBEROAMERICANA - NORDIC JOURNAL OF LATIN AMERICAN AND CARIBBEAN STUDIES,2002-4509,B1,exact_issn,high,TRUE,TRUE,TRUE,FALSE,Iberoamericana,https://www.latindex.org/latindex/ficha/22814,exact_normalized_name,high,,TRUE,TRUE,,,TRUE,FALSE
ART00115,Del Frente Amplio a la Nueva Mayoría. La izquierda uruguaya (1971-2004),del frente amplio a la nueva mayoria la izquierda uruguaya 1971 2004,2004,published,TRUE,Secuencia,secuencia,0186-0348,2395-8464,,YAFFÉ,single_source_row,not_applicable,,1,TRUE,Jaime Yaffé,1,FALSE,FALSE,JRN357,13,TRUE,FALSE,,,,,,,TRUE,19400157126,Secuencia,1253,0.127,Q4,6,Sociology and Political Science,1253,0.127,Q4,exact_issn,high,TRUE,FALSE,TRUE,19400157126,Secuencia,0.3,0.127,0.77,20,49,155,44,1075,1936,44.0% 1075/1936 History,Active,2016-2026; 2001-2002; 1989; 1987,exact_issn,high,TRUE,SECUENCIA,2395-8464,A1,exact_issn,high,FALSE,FALSE,,,,,,,TRUE,TRUE,,FALSE,FALSE,TRUE,FALSE
ART00116,El papel del Estado en las policy networks: la gestión del ministerio de vivienda en Uruguay (1990- 2000),el papel del estado en las policy networks la gestion del ministerio de vivienda en uruguay 1990 2000,2004,published,FALSE,Revista Uruguaya de Ciencia Política,revista uruguaya de ciencia politica,,0797-9789,,"TRAVERSA, FEDERICO",single_source_row,not_applicable,,1,TRUE,Federico Traversa,1,FALSE,FALSE,JRN351,14,FALSE,FALSE,,,,,,,FALSE,,,,,,,,,,,ambiguous,low,FALSE,FALSE,FALSE,,,,,,,,,,,,,,,ambiguous,low,TRUE,REVISTA URUGUAYA DE CIENCIA POLITICA,1688-499X,A1,exact_issn,high,TRUE,TRUE,TRUE,FALSE,Revista uruguaya de ciencia política,https://www.latindex.org/latindex/ficha/16727,exact_normalized_name,high,,TRUE,TRUE,,,TRUE,FALSE
ART00117,Elecciones uruguayas 2004: el largo camino del bipartidismo al bipartidismo,elecciones uruguayas 2004 el largo camino del bipartidismo al bipartidismo,2004,published,TRUE,Iberoamericana,iberoamericana,0046-8444,2002-4509,10.16993/ibero.384,"BUQUET, D",single_source_row,not_applicable,,1,TRUE,Daniel Buquet,1,FALSE,FALSE,JRN149,2,FALSE,FALSE,,,,,,,FALSE,,,,,,,,,,,,,FALSE,FALSE,FALSE,,,,,,,,,,,,,,,,,TRUE,IBEROAMERICANA - NORDIC JOURNAL OF LATIN AMERICAN AND CARIBBEAN STUDIES,2002-4509,B1,exact_issn,high,TRUE,TRUE,TRUE,FALSE,Iberoamericana,https://www.latindex.org/latindex/ficha/22814,exact_normalized_name,high,,TRUE,TRUE,,,TRUE,FALSE
ART00118,"Gobiernos, Banco Mundial y Universidades: el legado de una década de políticas universitarias en América Latina",gobiernos banco mundial y universidades el legado de una decada de politicas universitarias en america latina,2004,published,TRUE,Pensamiento Educativo Revista de Investigación Educacional Latinoamericana,pensamiento educativo revista de investigacion educacional latinoamericana,0717-1013,0719-0409,,BENTANCUR NICOLÁS,single_source_row,not_applicable,,1,TRUE,Nicolás Bentancur,1,FALSE,FALSE,JRN224,43,FALSE,FALSE,,,,,,,FALSE,,,,,,,,,,,,,FALSE,FALSE,FALSE,,,,,,,,,,,,,,,,,FALSE,,,,,,FALSE,FALSE,,,,,,,,,,,,TRUE,FALSE
ART00119,La Democracia en Uruguay: Una partidocracia de consenso,la democracia en uruguay una partidocracia de consenso,2004,published,TRUE,Revista Política,revista politica,,0716-1077,,"CHASQUETTI, DANIEL | BUQUET, DANIEL",exact_title_year_journal,high,,2,FALSE,Daniel Buquet | Daniel Chasquetti,2,TRUE,FALSE,JRN346,223,FALSE,FALSE,,,,,,,FALSE,,,,,,,,,,,,,FALSE,FALSE,FALSE,,,,,,,,,,,,,,,,,FALSE,,,,conflict,low,FALSE,FALSE,,,,,,,,,,,,TRUE,FALSE
ART00120,La fundación de los Centros Regionales de Profesores: un análisis desde el ángulo de la profesionalización docente,la fundacion de los centros regionales de profesores un analisis desde el angulo de la profesionalizacion docente,2004,published,TRUE,Prisma,prisma,0797-8057,,,MARÍA ESTER MANCEBO,single_source_row,not_applicable,,1,TRUE,María Ester Mancebo,1,FALSE,FALSE,JRN247,5,FALSE,FALSE,,,,,,,FALSE,,,,,,,,,,,,,FALSE,FALSE,FALSE,,,,,,,,,,,,,,,,,FALSE,,,,,,FALSE,FALSE,,,,,,,,,,,,TRUE,FALSE
ART00121,La hora de una nueva institucionalidad para una nueva agenda del Mercosur,la hora de una nueva institucionalidad para una nueva agenda del mercosur,2004,published,FALSE,La Ciudad Futura,la ciudad futura,0328-221X,,,GERARDO CAETANO,single_source_row,not_applicable,,1,TRUE,Gerardo Caetano,1,FALSE,FALSE,JRN182,,FALSE,FALSE,,,,,,,FALSE,,,,,,,,,,,,,FALSE,FALSE,FALSE,,,,,,,,,,,,,,,,,FALSE,,,,,,FALSE,FALSE,,,,,,,,,,,,TRUE,FALSE
ART00122,La tradición contra los partidos,la tradicion contra los partidos,2004,published,TRUE,História (São Paulo),historia sao paulo,0101-9074,1980-4369,,"RILLA, JOSÉ",single_source_row,not_applicable,,1,TRUE,José Rilla,1,FALSE,FALSE,JRN145,,FALSE,FALSE,,,,,,,FALSE,,,,,,,,,,,,,FALSE,FALSE,FALSE,,,,,,,,,,,,,,,,,FALSE,,,,conflict,low,FALSE,FALSE,,,,,,,,,,,,TRUE,FALSE
ART00123,Las vísperas del cambio: el triunfo de la izquierda y la reinserción del Uruguay en la región,las visperas del cambio el triunfo de la izquierda y la reinsercion del uruguay en la region,2004,published,FALSE,,,,,,CONSTANZA MOREIRA,single_source_row,not_applicable,"A systematic journal placeholder/misalignment was corrected only where local URL, volume, pages or CV notes corroborated the replacement; otherwise journal metadata was left missing.",1,TRUE,Constanza Moreira,1,FALSE,FALSE,,,,,,,,,,,,,,,,,,,,,,,,,,,,,,,,,,,,,,,,,,,,,,,,,,,,,,,,,,,,,,TRUE,FALSE
ART00124,Mercociudades: un actor emergente en el escenario internacional,mercociudades un actor emergente en el escenario internacional,2004,published,FALSE,Ábaco,abaco,0213-6252,,,"CHASQUETTI, DANIEL",single_source_row,not_applicable,,1,TRUE,Daniel Chasquetti,1,FALSE,FALSE,JRN002,6,FALSE,FALSE,,,,,,,FALSE,,,,,,,,,,,,,FALSE,FALSE,FALSE,,,,,,,,,,,,,,,,,FALSE,,,,,,FALSE,FALSE,,,,,,,,,,,,TRUE,FALSE
ART00125,Política y conocimiento especializado: la reforma educativa en Uruguay (1995-1999),politica y conocimiento especializado la reforma educativa en uruguay 1995 1999,2004,published,FALSE,Prisma,prisma,0797-8057,,,"GARCÉ, A. | GUSTAVODEARMAS@GMAIL.COM",single_source_row,not_applicable,,2,FALSE,Adolfo Garcé,1,FALSE,FALSE,JRN247,32,FALSE,FALSE,,,,,,,FALSE,,,,,,,,,,,,,FALSE,FALSE,FALSE,,,,,,,,,,,,,,,,,FALSE,,,,,,FALSE,FALSE,,,,,,,,,,,,TRUE,FALSE
ART00126,"Presidente fuerte, partido fragmentado y disciplina legislativa en Uruguay. Los desafíos institucionales del gobierno del Frente Amplio.",presidente fuerte partido fragmentado y disciplina legislativa en uruguay los desafios institucionales del gobierno del frente amplio,2004,published,TRUE,Iberoamericana,iberoamericana,0046-8444,2002-4509,,"CHASQUETTI, DANIEL",single_source_row,not_applicable,,1,TRUE,Daniel Chasquetti,1,FALSE,FALSE,JRN149,22,FALSE,FALSE,,,,,,,FALSE,,,,,,,,,,,,,FALSE,FALSE,FALSE,,,,,,,,,,,,,,,,,TRUE,IBEROAMERICANA - NORDIC JOURNAL OF LATIN AMERICAN AND CARIBBEAN STUDIES,2002-4509,B1,exact_issn,high,TRUE,TRUE,TRUE,FALSE,Iberoamericana,https://www.latindex.org/latindex/ficha/22814,exact_normalized_name,high,,TRUE,TRUE,,,TRUE,FALSE
ART00127,Reforma del estado y cambios institucionales en el Uruguay de los noventa,reforma del estado y cambios institucionales en el uruguay de los noventa,2004,published,TRUE,Revista Política,revista politica,,0716-1077,,"TRAVERSA, FEDERICO",single_source_row,not_applicable,,1,TRUE,Federico Traversa,1,FALSE,FALSE,JRN346,3,FALSE,FALSE,,,,,,,FALSE,,,,,,,,,,,,,FALSE,FALSE,FALSE,,,,,,,,,,,,,,,,,FALSE,,,,conflict,low,FALSE,FALSE,,,,,,,,,,,,TRUE,FALSE
ART00128,Resistencia política y ciudadanía: plebiscitos y referéndums en el Uruguay de los 90s,resistencia politica y ciudadania plebiscitos y referendums en el uruguay de los 90s,2004,published,TRUE,AMÉRICA LATINA HOY,america latina hoy,1130-2887,2340-4396,,CONSTANZA MOREIRA,single_source_row,not_applicable,,1,TRUE,Constanza Moreira,1,FALSE,FALSE,JRN014,,TRUE,FALSE,,,,,,,TRUE,19700169837,America Latina Hoy,295,0.725,Q1,14,Sociology and Political Science,295,0.725,Q1,exact_issn,high,TRUE,FALSE,TRUE,19700169837,America Latina Hoy,0.7,0.725,0.478,42,44,59,55,306,692,55.0% 306/692 Arts and Humanities (miscellaneous),Active,2011-2026,exact_issn,high,TRUE,AMÉRICA LATINA HOY,1130-2887,A1,exact_issn,high,TRUE,TRUE,TRUE,FALSE,América Latina hoy,https://www.latindex.org/latindex/ficha/22330,exact_normalized_name,high,TRUE,TRUE,TRUE,TRUE,TRUE,TRUE,FALSE
ART00129,Elecciones Uruguay 2004. Descifrando el cambio,elecciones uruguay 2004 descifrando el cambio,2005,published,TRUE,Revista de Ciencia Política (Chile),revista de ciencia politica chile,0716-1417,0718-090X,,"BUQUET, DANIEL | CHASQUETTI, DANIEL",exact_title_year_journal,high,"A systematic journal placeholder/misalignment was corrected only where local URL, volume, pages or CV notes corroborated the replacement; otherwise journal metadata was left missing.",2,FALSE,Daniel Buquet | Daniel Chasquetti,2,TRUE,FALSE,JRN280,63,TRUE,TRUE,5100152922,Revista de Ciencia Politica,79,0.975,Q1,28,TRUE,5100152922,Revista de Ciencia Politica,188,0.975,Q1,28,Political Science and International Relations,79,0.975,Q1,exact_issn,high,TRUE,TRUE,TRUE,5100152922,Revista de Ciencia Politica,3.4,0.975,1.404,79,258,77,77,166,745,77.0% 166/745 Political Science and International Relations,Active,2006-2025; 2002,exact_issn,high,TRUE,REVISTA DE CIENCIA POLÍTICA (SANTIAGO. EN LÍNEA),0718-090X,A1,exact_issn,high,TRUE,TRUE,TRUE,FALSE,Revista de ciencia política,https://www.latindex.org/latindex/ficha/14054,exact_normalized_name,high,TRUE,TRUE,TRUE,TRUE,TRUE,TRUE,FALSE
ART00130,"Eleiçoes, governos e realinhamentos políticos no Cone Sul",eleicoes governos e realinhamentos politicos no cone sul,2005,published,TRUE,Teoria & Sociedade,teoria and sociedade,1518-4471,2316-2074,,CONSTANZA MOREIRA | HUGO BORSANI,single_source_row,not_applicable,,2,FALSE,Constanza Moreira,1,FALSE,FALSE,JRN383,,FALSE,FALSE,,,,,,,FALSE,,,,,,,,,,,,,FALSE,FALSE,FALSE,,,,,,,,,,,,,,,,,FALSE,,,,,,FALSE,FALSE,,,,,,,,,,,,TRUE,FALSE
ART00131,Eleicoes uruguaias em 2004: o triunfo da esquerda e seus desafios,eleicoes uruguaias em 2004 o triunfo da esquerda e seus desafios,2005,published,FALSE,Margem esquerda,margem esquerda,1678-7684,,,GERARDO CAETANO,single_source_row,not_applicable,,1,TRUE,Gerardo Caetano,1,FALSE,FALSE,JRN194,,FALSE,FALSE,,,,,,,FALSE,,,,,,,,,,,,,FALSE,FALSE,FALSE,,,,,,,,,,,,,,,,,TRUE,MARGEM ESQUERDA,1678-7684,B2,exact_issn,high,FALSE,FALSE,,,,,,,,TRUE,,,,TRUE,FALSE
ART00132,"La Ciencia Política en Uruguay: un desarrollo tardío, intenso y asimétrico",la ciencia politica en uruguay un desarrollo tardio intenso y asimetrico,2005,published,TRUE,Revista de Ciencia Política (Chile),revista de ciencia politica chile,0716-1417,0718-090X,,"GARCÉ, A.",single_source_row,not_applicable,,1,TRUE,Adolfo Garcé,1,FALSE,FALSE,JRN280,78,TRUE,TRUE,5100152922,Revista de Ciencia Politica,79,0.975,Q1,28,TRUE,5100152922,Revista de Ciencia Politica,188,0.975,Q1,28,Political Science and International Relations,79,0.975,Q1,exact_issn,high,TRUE,TRUE,TRUE,5100152922,Revista de Ciencia Politica,3.4,0.975,1.404,79,258,77,77,166,745,77.0% 166/745 Political Science and International Relations,Active,2006-2025; 2002,exact_issn,high,TRUE,REVISTA DE CIENCIA POLÍTICA (SANTIAGO. EN LÍNEA),0718-090X,A1,exact_issn,high,TRUE,TRUE,TRUE,FALSE,Revista de ciencia política,https://www.latindex.org/latindex/ficha/14054,exact_normalized_name,high,TRUE,TRUE,TRUE,TRUE,TRUE,TRUE,FALSE
ART00133,Los sindicatos uruguayos ante el gobierno de izquierda,los sindicatos uruguayos ante el gobierno de izquierda,2005,published,FALSE,Observatorio Social de América Latina,observatorio social de america latina,1515-3282,,,YAFFÉ | SENATORE,single_source_row,not_applicable,,2,FALSE,Jaime Yaffé,1,FALSE,FALSE,JRN210,24,FALSE,FALSE,,,,,,,FALSE,,,,,,,,,,,,,FALSE,FALSE,FALSE,,,,,,,,,,,,,,,,,FALSE,,,,,,FALSE,FALSE,,,,,,,,,,,,TRUE,FALSE
ART00134,Re-election and political career paths in the Uruguayan Congress: 1985-1999,re election and political career paths in the uruguayan congress 1985 1999,2005,published,TRUE,Journal of Legislative Studies,journal of legislative studies,,1743-9337,,"ALTMAN, DAVID | CHASQUETTI, DANIEL",single_source_row,not_applicable,,2,FALSE,Daniel Chasquetti,1,FALSE,FALSE,JRN174,,TRUE,TRUE,5600156029,Journal of Legislative Studies,96,0.905,Q1,48,FALSE,,,,,,,Political Science and International Relations,96,0.905,Q1,exact_issn,high,TRUE,TRUE,FALSE,5600156029,Journal of Legislative Studies,2.6,0.905,1.137,67,347,133,76,277,1162,76.0% 277/1162 Law,Active,1995-2026,exact_issn,high,FALSE,,,,,,FALSE,FALSE,,,,,,,TRUE,,,TRUE,TRUE,TRUE,FALSE
ART00135,Sindicatos e partidos no Uruguai. Da fundacao da CNT ao triunfo de esquerda (1964-2004),sindicatos e partidos no uruguai da fundacao da cnt ao triunfo de esquerda 1964 2004,2005,published,TRUE,Esboços histórias em contextos globais,esbocos historias em contextos globais,1414-722X,2175-7976,,YAFFÉ,single_source_row,not_applicable,,1,TRUE,Jaime Yaffé,1,FALSE,FALSE,JRN109,2,TRUE,FALSE,,,,,,,TRUE,21101028122,Esbocos,1209,0.133,Q4,5,Sociology and Political Science,1209,0.133,Q4,exact_issn,high,TRUE,FALSE,TRUE,21101028122,Esbocos,0.2,0.133,0.209,17,25,102,34,1258,1936,34.0% 1258/1936 History,Active,2019-2026,exact_issn,high,TRUE,ESBOÇOS,2175-7976,A1,exact_issn,high,FALSE,FALSE,,,,,,,TRUE,TRUE,,FALSE,FALSE,TRUE,FALSE
ART00136,Sobre enajenación y revolución en el Uruguay de los 60,sobre enajenacion y revolucion en el uruguay de los 60,2005,published,TRUE,Cuadernos del CLAEH,cuadernos del claeh,,0797-6062,,YAFFÉ,single_source_row,not_applicable,,1,TRUE,Jaime Yaffé,1,FALSE,FALSE,JRN073,,FALSE,FALSE,,,,,,,FALSE,,,,,,,,,,,,,FALSE,FALSE,FALSE,,,,,,,,,,,,,,,,,FALSE,,,,,,FALSE,FALSE,,,,,,,,,,,,TRUE,FALSE
ART00137,2007: el Mercosur en la encrucijada.,2007 el mercosur en la encrucijada,2006,published,TRUE,Cuadernos del CENDES,cuadernos del cendes,1012-2508,2443-468X,,GERARDO CAETANO,single_source_row,not_applicable,,1,TRUE,Gerardo Caetano,1,FALSE,FALSE,JRN071,,TRUE,TRUE,18736,Cuadernos del Cendes,684,0.105,Q4,9,TRUE,18736,Cuadernos del Cendes,1400,0.105,Q4,9,Political Science and International Relations,684,0.105,Q4,exact_issn,high,TRUE,TRUE,FALSE,18736,Cuadernos del Cendes,,0.105,0.143,,,,,,,,Inactive,2008-2023; 1989-1991,exact_issn,high,FALSE,,,,,,FALSE,FALSE,,,,,,,TRUE,,,FALSE,FALSE,TRUE,FALSE
ART00138,"“52% del electorado, 11% del Parlamento: Cultura Política y representación femenina en Uruguay”",52 del electorado 11 del parlamento cultura politica y representacion femenina en uruguay,2006,published,TRUE,Revista Uruguaya de Ciencia Política,revista uruguaya de ciencia politica,,0797-9789,,VERÓNICA PÉREZ | Verónica Pérez Bentancur,single_source_row,not_applicable,,2,FALSE,Verónica Pérez Bentancur,1,FALSE,FALSE,JRN351,,FALSE,FALSE,,,,,,,FALSE,,,,,,,,,,,ambiguous,low,FALSE,FALSE,FALSE,,,,,,,,,,,,,,,ambiguous,low,TRUE,REVISTA URUGUAYA DE CIENCIA POLITICA,1688-499X,A1,exact_issn,high,TRUE,TRUE,TRUE,FALSE,Revista uruguaya de ciencia política,https://www.latindex.org/latindex/ficha/16727,exact_normalized_name,high,,TRUE,TRUE,,,TRUE,FALSE
ART00139,Actuación parlamentaria y diferencias de género en Uruguay,actuacion parlamentaria y diferencias de genero en uruguay,2006,published,TRUE,Revista Política,revista politica,,0716-1077,10.5354/0716-1077.2006.17266,NIKI JOHNSON,single_source_row,not_applicable,,1,TRUE,Niki Johnson,1,FALSE,FALSE,JRN346,34,FALSE,FALSE,,,,,,,FALSE,,,,,,,,,,,,,FALSE,FALSE,FALSE,,,,,,,,,,,,,,,,,FALSE,,,,conflict,low,FALSE,FALSE,,,,,,,,,,,,TRUE,FALSE
ART00140,"Buenos Aires, Montevideu e as marcas da Revolucao e as marcas da Revolucao da Independencia",buenos aires montevideu e as marcas da revolucao e as marcas da revolucao da independencia,2006,published,FALSE,Atlántida,atlantida,0004-6876,,,GERARDO CAETANO,single_source_row,not_applicable,,1,TRUE,Gerardo Caetano,1,FALSE,FALSE,JRN028,,FALSE,FALSE,,,,,,,FALSE,,,,,,,,,,,,,FALSE,FALSE,FALSE,,,,,,,,,,,,,,,,,FALSE,,,,,,FALSE,FALSE,,,,,,,,,,,,TRUE,FALSE
ART00141,Donde hubo fuego,donde hubo fuego,2006,published,TRUE,Revista Uruguaya de Ciencia Política,revista uruguaya de ciencia politica,,0797-9789,,YAFFÉ,single_source_row,not_applicable,,1,TRUE,Jaime Yaffé,1,FALSE,FALSE,JRN351,,FALSE,FALSE,,,,,,,FALSE,,,,,,,,,,,ambiguous,low,FALSE,FALSE,FALSE,,,,,,,,,,,,,,,ambiguous,low,TRUE,REVISTA URUGUAYA DE CIENCIA POLITICA,1688-499X,A1,exact_issn,high,TRUE,TRUE,TRUE,FALSE,Revista uruguaya de ciencia política,https://www.latindex.org/latindex/ficha/16727,exact_normalized_name,high,,TRUE,TRUE,,,TRUE,FALSE
ART00142,"Educación en debate. Argentina, Chile y Uruguay hacia nuevas propuestas educativas",educacion en debate argentina chile y uruguay hacia nuevas propuestas educativas,2006,published,TRUE,Cuadernos del CLAEH,cuadernos del claeh,,0797-6062,,DE GIORGI,single_source_row,not_applicable,,1,TRUE,Ana Laura de Giorgi,1,FALSE,FALSE,JRN073,,FALSE,FALSE,,,,,,,FALSE,,,,,,,,,,,,,FALSE,FALSE,FALSE,,,,,,,,,,,,,,,,,FALSE,,,,,,FALSE,FALSE,,,,,,,,,,,,TRUE,FALSE
ART00143,El institucionalismo centrado en los actores: Una perspectiva analítica en el estudio de las políticas públicas,el institucionalismo centrado en los actores una perspectiva analitica en el estudio de las politicas publicas,2006,published,TRUE,Revista de Ciencia Política (Chile),revista de ciencia politica chile,0716-1417,0718-090X,,ZURBRIGGEN,single_source_row,not_applicable,"A systematic journal placeholder/misalignment was corrected only where local URL, volume, pages or CV notes corroborated the replacement; otherwise journal metadata was left missing.",1,TRUE,Cristina Zurbriggen,1,FALSE,FALSE,JRN280,,TRUE,TRUE,5100152922,Revista de Ciencia Politica,79,0.975,Q1,28,TRUE,5100152922,Revista de Ciencia Politica,188,0.975,Q1,28,Political Science and International Relations,79,0.975,Q1,exact_issn,high,TRUE,TRUE,TRUE,5100152922,Revista de Ciencia Politica,3.4,0.975,1.404,79,258,77,77,166,745,77.0% 166/745 Political Science and International Relations,Active,2006-2025; 2002,exact_issn,high,TRUE,REVISTA DE CIENCIA POLÍTICA (SANTIAGO. EN LÍNEA),0718-090X,A1,exact_issn,high,TRUE,TRUE,TRUE,FALSE,Revista de ciencia política,https://www.latindex.org/latindex/ficha/14054,exact_normalized_name,high,TRUE,TRUE,TRUE,TRUE,TRUE,TRUE,FALSE
ART00144,Engendering the legislative agenda with and without the quota. A comparative study of Argentina and Uruguay,engendering the legislative agenda with and without the quota a comparative study of argentina and uruguay,2006,published,TRUE,Sociologia Problemas e Práticas,sociologia problemas e praticas,0873-6529,2182-7907,,NÉLIDA ARCHENTI | NIKI JOHNSON,single_source_row,not_applicable,,2,FALSE,Niki Johnson,1,FALSE,FALSE,JRN366,87,TRUE,FALSE,,,,,,,TRUE,5600153364,"Sociologia, Problemas e Praticas",1146,0.15,Q4,22,Sociology and Political Science,1146,0.15,Q4,exact_issn,high,TRUE,FALSE,TRUE,5600153364,"Sociologia, Problemas e Praticas",0.7,0.15,0.637,33,59,85,30,516,744,30.0% 516/744 Social Sciences (miscellaneous),Active,1996-2026,exact_issn,high,FALSE,,,,,,FALSE,FALSE,,,,,,,TRUE,,,FALSE,FALSE,TRUE,FALSE
ART00145,"La izquierda uruguaya (1971-2004): Ideología, estrategia y programa",la izquierda uruguaya 1971 2004 ideologia estrategia y programa,2006,published,TRUE,AMÉRICA LATINA HOY,america latina hoy,1130-2887,2340-4396,,"GARCÉ, A. | Jaime Yaffé",exact_title_year_journal,high,,2,FALSE,Adolfo Garcé | Jaime Yaffé,2,TRUE,FALSE,JRN014,70,TRUE,FALSE,,,,,,,TRUE,19700169837,America Latina Hoy,295,0.725,Q1,14,Sociology and Political Science,295,0.725,Q1,exact_issn,high,TRUE,FALSE,TRUE,19700169837,America Latina Hoy,0.7,0.725,0.478,42,44,59,55,306,692,55.0% 306/692 Arts and Humanities (miscellaneous),Active,2011-2026,exact_issn,high,TRUE,AMÉRICA LATINA HOY,1130-2887,A1,exact_issn,high,TRUE,TRUE,TRUE,FALSE,América Latina hoy,https://www.latindex.org/latindex/ficha/22330,exact_normalized_name,high,TRUE,TRUE,TRUE,TRUE,TRUE,TRUE,FALSE
ART00146,La supervivencia de las coaliciones presidenciales de gobierno en América Latina,la supervivencia de las coaliciones presidenciales de gobierno en america latina,2006,published,TRUE,POSTData. Revista de Reflexión y Análisis Político,postdata revista de reflexion y analisis politico,1515-209X,1851-9601,,"CHASQUETTI, DANIEL",single_source_row,not_applicable,,1,TRUE,Daniel Chasquetti,1,FALSE,FALSE,JRN245,87,FALSE,FALSE,,,,,,,FALSE,,,,,,,,,,,,,FALSE,FALSE,FALSE,,,,,,,,,,,,,,,,,FALSE,,,,,,FALSE,FALSE,,,,,,,,,,,,TRUE,FALSE
ART00147,Presentación,presentacion,2006,published,TRUE,"AMÉRICA LATINA HOY, 44",america latina hoy 44,1130-2887,2340-4396,,"BUQUET, D",single_source_row,not_applicable,,1,TRUE,Daniel Buquet,1,FALSE,FALSE,JRN014,,TRUE,FALSE,,,,,,,TRUE,19700169837,America Latina Hoy,295,0.725,Q1,14,Sociology and Political Science,295,0.725,Q1,exact_issn,high,TRUE,FALSE,TRUE,19700169837,America Latina Hoy,0.7,0.725,0.478,42,44,59,55,306,692,55.0% 306/692 Arts and Humanities (miscellaneous),Active,2011-2026,exact_issn,high,TRUE,AMÉRICA LATINA HOY,1130-2887,A1,exact_issn,high,TRUE,TRUE,TRUE,FALSE,América Latina hoy,https://www.latindex.org/latindex/ficha/22330,exact_normalized_name,high,TRUE,TRUE,TRUE,TRUE,TRUE,TRUE,FALSE
ART00148,"Sistema de partidos, alternancia política e ideología en el Cono Sur",sistema de partidos alternancia politica e ideologia en el cono sur,2006,published,TRUE,,,,,,CONSTANZA MOREIRA,single_source_row,not_applicable,"A systematic journal placeholder/misalignment was corrected only where local URL, volume, pages or CV notes corroborated the replacement; otherwise journal metadata was left missing.",1,TRUE,Constanza Moreira,1,FALSE,FALSE,,,,,,,,,,,,,,,,,,,,,,,,,,,,,,,,,,,,,,,,,,,,,,,,,,,,,,,,,,,,,,TRUE,FALSE
ART00149,Un revisionista involuntario. Entrevista al Tabaré Melogno,un revisionista involuntario entrevista al tabare melogno,2006,published,TRUE,Cuadernos del CLAEH,cuadernos del claeh,,0797-6062,,YAFFÉ,single_source_row,not_applicable,,1,TRUE,Jaime Yaffé,1,FALSE,FALSE,JRN073,,FALSE,FALSE,,,,,,,FALSE,,,,,,,,,,,,,FALSE,FALSE,FALSE,,,,,,,,,,,,,,,,,FALSE,,,,,,FALSE,FALSE,,,,,,,,,,,,TRUE,FALSE
ART00150,Balance del medio ciclo de gobierno de izquierda en Uruguay (2005-2007),balance del medio ciclo de gobierno de izquierda en uruguay 2005 2007,2007,published,TRUE,,,,,,CONSTANZA MOREIRA,single_source_row,not_applicable,"A systematic journal placeholder/misalignment was corrected only where local URL, volume, pages or CV notes corroborated the replacement; otherwise journal metadata was left missing.",1,TRUE,Constanza Moreira,1,FALSE,FALSE,,,,,,,,,,,,,,,,,,,,,,,,,,,,,,,,,,,,,,,,,,,,,,,,,,,,,,,,,,,,,,TRUE,FALSE
ART00151,Cambio institucional en el Uruguay moderno e inserción en la economía internacional: transformaciones entre 1870 y 1913,cambio institucional en el uruguay moderno e insercion en la economia internacional transformaciones entre 1870 y 1913,2007,published,TRUE,"Cuadernos del CLAEH, 94-95 2",cuadernos del claeh 94 95 2,,0797-6062,,Andrea Delbono,single_source_row,not_applicable,,1,TRUE,Andrea Delbono,1,FALSE,FALSE,JRN073,,FALSE,FALSE,,,,,,,FALSE,,,,,,,,,,,,,FALSE,FALSE,FALSE,,,,,,,,,,,,,,,,,FALSE,,,,,,FALSE,FALSE,,,,,,,,,,,,TRUE,FALSE
ART00152,Conversación con Benjamín Nahum (Entrevista),conversacion con benjamin nahum entrevista,2007,published,TRUE,Cuadernos del CLAEH,cuadernos del claeh,,0797-6062,,BUCHELI | YAFFÉ,single_source_row,not_applicable,,2,FALSE,Jaime Yaffé,1,FALSE,FALSE,JRN073,,FALSE,FALSE,,,,,,,FALSE,,,,,,,,,,,,,FALSE,FALSE,FALSE,,,,,,,,,,,,,,,,,FALSE,,,,,,FALSE,FALSE,,,,,,,,,,,,TRUE,FALSE
ART00153,Eixos e paradoxas das mudanças de rumo nas democracias e governos da América do Sul,eixos e paradoxas das mudancas de rumo nas democracias e governos da america do sul,2007,published,FALSE,Atlántida,atlantida,0004-6876,,,GERARDO CAETANO,single_source_row,not_applicable,,1,TRUE,Gerardo Caetano,1,FALSE,FALSE,JRN028,,FALSE,FALSE,,,,,,,FALSE,,,,,,,,,,,,,FALSE,FALSE,FALSE,,,,,,,,,,,,,,,,,FALSE,,,,,,FALSE,FALSE,,,,,,,,,,,,TRUE,FALSE
ART00154,El trampolín de Tabaré. La gestión del Frente Amplio en Montevideo como ensayo general para el gobierno nacional,el trampolin de tabare la gestion del frente amplio en montevideo como ensayo general para el gobierno nacional,2007,published,FALSE,Nueva Sociedad,nueva sociedad,0251-3552,,,"GARCÉ, A.",single_source_row,not_applicable,,1,TRUE,Adolfo Garcé,1,FALSE,FALSE,JRN205,,FALSE,FALSE,,,,,,,FALSE,,,,,,,,,,,,,FALSE,FALSE,FALSE,,,,,,,,,,,,,,,,,TRUE,NUEVA SOCIEDAD,0251-3552,A1,exact_issn,high,FALSE,FALSE,,,,,,,,TRUE,,,,TRUE,FALSE
ART00155,Entre la legitimidad y la eficacia: reformas en los sistemas de elección presidencial en América Latina,entre la legitimidad y la eficacia reformas en los sistemas de eleccion presidencial en america latina,2007,published,TRUE,Revista Uruguaya de Ciencia Política,revista uruguaya de ciencia politica,,0797-9789,,"BUQUET, D",single_source_row,not_applicable,,1,TRUE,Daniel Buquet,1,FALSE,FALSE,JRN351,166,FALSE,FALSE,,,,,,,FALSE,,,,,,,,,,,ambiguous,low,FALSE,FALSE,FALSE,,,,,,,,,,,,,,,ambiguous,low,TRUE,REVISTA URUGUAYA DE CIENCIA POLITICA,1688-499X,A1,exact_issn,high,TRUE,TRUE,TRUE,FALSE,Revista uruguaya de ciencia política,https://www.latindex.org/latindex/ficha/16727,exact_normalized_name,high,,TRUE,TRUE,,,TRUE,FALSE
ART00156,Estrategias y programas partidarios en las elecciones uruguayas de 2004,estrategias y programas partidarios en las elecciones uruguayas de 2004,2007,published,TRUE,L'Ordinaire des Amériques,lordinaire des ameriques,,0997-0584,,YAFFÉ,single_source_row,not_applicable,,1,TRUE,Jaime Yaffé,1,FALSE,FALSE,JRN192,,FALSE,FALSE,,,,,,,FALSE,,,,,,,,,,,,,FALSE,FALSE,FALSE,,,,,,,,,,,,,,,,,FALSE,,,,,,FALSE,FALSE,,,,,,,,,,,,TRUE,FALSE
ART00157,"¿Hacia un nuevo paradigma en las políticas educativas? Las reformas de las Reformas en Argentina, Chile y Uruguay (2005-2007)",hacia un nuevo paradigma en las politicas educativas las reformas de las reformas en argentina chile y uruguay 2005 2007,2007,published,TRUE,Revista Uruguaya de Ciencia Política,revista uruguaya de ciencia politica,,0797-9789,,BENTANCUR NICOLÁS,single_source_row,not_applicable,,1,TRUE,Nicolás Bentancur,1,FALSE,FALSE,JRN351,29,FALSE,FALSE,,,,,,,FALSE,,,,,,,,,,,ambiguous,low,FALSE,FALSE,FALSE,,,,,,,,,,,,,,,ambiguous,low,TRUE,REVISTA URUGUAYA DE CIENCIA POLITICA,1688-499X,A1,exact_issn,high,TRUE,TRUE,TRUE,FALSE,Revista uruguaya de ciencia política,https://www.latindex.org/latindex/ficha/16727,exact_normalized_name,high,,TRUE,TRUE,,,TRUE,FALSE
ART00158,"Industrialización y sustitución de importaciones en tiempos del primer batllismo y la Primera Guerra Mundial (Uruguay, 1911-1930)",industrializacion y sustitucion de importaciones en tiempos del primer batllismo y la primera guerra mundial uruguay 1911 1930,2007,published,TRUE,H-Industria,h industria,,1851-703X,,TAJAM | YAFFÉ,single_source_row,not_applicable,,2,FALSE,Jaime Yaffé,1,FALSE,FALSE,JRN142,2,FALSE,FALSE,,,,,,,FALSE,,,,,,,,,,,,,FALSE,FALSE,FALSE,,,,,,,,,,,,,,,,,FALSE,,,,,,FALSE,FALSE,,,,,,,,,,,,TRUE,FALSE
ART00159,José Pedro Barrán: maestro del oficio. Doctor Honoris Causa.,jose pedro barran maestro del oficio doctor honoris causa,2007,published,FALSE,Revista de la Academia Nacinoal de Letras,revista de la academia nacinoal de letras,0797-0050,,,GERARDO CAETANO,single_source_row,not_applicable,,1,TRUE,Gerardo Caetano,1,FALSE,FALSE,JRN297,,FALSE,FALSE,,,,,,,FALSE,,,,,,,,,,,,,FALSE,FALSE,FALSE,,,,,,,,,,,,,,,,,FALSE,,,,,,FALSE,FALSE,,,,,,,,,,,,TRUE,FALSE
ART00160,La «falacia tecnocrática» y la reforma del Estado. A 10 años del informe del Banco Mundial,la falacia tecnocratica y la reforma del estado a 10 anos del informe del banco mundial,2007,published,FALSE,Nueva Sociedad,nueva sociedad,0251-3552,,,ZURBRIGGEN,single_source_row,not_applicable,,1,TRUE,Cristina Zurbriggen,1,FALSE,FALSE,JRN205,,FALSE,FALSE,,,,,,,FALSE,,,,,,,,,,,,,FALSE,FALSE,FALSE,,,,,,,,,,,,,,,,,TRUE,NUEVA SOCIEDAD,0251-3552,A1,exact_issn,high,FALSE,FALSE,,,,,,,,TRUE,,,,TRUE,FALSE
ART00161,La Izquierda en el gobierno: ¿cambio o continuidad en las políticas de bienestar social?,la izquierda en el gobierno cambio o continuidad en las politicas de bienestar social,2007,published,TRUE,Revista Uruguaya de Ciencia Política,revista uruguaya de ciencia politica,,0797-9789,,"ANTÍA, FLORENCIA | MIDAGLIA, CARMEN",exact_title_year_journal,high,,2,FALSE,Florencia Antía | Carmen Midaglia,2,TRUE,FALSE,JRN351,220,FALSE,FALSE,,,,,,,FALSE,,,,,,,,,,,ambiguous,low,FALSE,FALSE,FALSE,,,,,,,,,,,,,,,ambiguous,low,TRUE,REVISTA URUGUAYA DE CIENCIA POLITICA,1688-499X,A1,exact_issn,high,TRUE,TRUE,TRUE,FALSE,Revista uruguaya de ciencia política,https://www.latindex.org/latindex/ficha/16727,exact_normalized_name,high,,TRUE,TRUE,,,TRUE,FALSE
ART00162,La negociación de la deuda uruguaya con el FMI en el 2005,la negociacion de la deuda uruguaya con el fmi en el 2005,2007,published,TRUE,Revista Uruguaya de Ciencia Política,revista uruguaya de ciencia politica,,0797-9789,,Carlos Luján,single_source_row,not_applicable,,1,TRUE,Carlos Luján,1,FALSE,FALSE,JRN351,,FALSE,FALSE,,,,,,,FALSE,,,,,,,,,,,ambiguous,low,FALSE,FALSE,FALSE,,,,,,,,,,,,,,,ambiguous,low,TRUE,REVISTA URUGUAYA DE CIENCIA POLITICA,1688-499X,A1,exact_issn,high,TRUE,TRUE,TRUE,FALSE,Revista uruguaya de ciencia política,https://www.latindex.org/latindex/ficha/16727,exact_normalized_name,high,,TRUE,TRUE,,,TRUE,FALSE
ART00163,Los estados latinoamericanos frente a los desafíos de la globalización,los estados latinoamericanos frente a los desafios de la globalizacion,2007,published,TRUE,Iberoamericana,iberoamericana,0046-8444,2002-4509,,ZURBRIGGEN,single_source_row,not_applicable,,1,TRUE,Cristina Zurbriggen,1,FALSE,FALSE,JRN149,,FALSE,FALSE,,,,,,,FALSE,,,,,,,,,,,,,FALSE,FALSE,FALSE,,,,,,,,,,,,,,,,,TRUE,IBEROAMERICANA - NORDIC JOURNAL OF LATIN AMERICAN AND CARIBBEAN STUDIES,2002-4509,B1,exact_issn,high,TRUE,TRUE,TRUE,FALSE,Iberoamericana,https://www.latindex.org/latindex/ficha/22814,exact_normalized_name,high,,TRUE,TRUE,,,TRUE,FALSE
ART00164,Mercosur: ¿quo vadis?,mercosur quo vadis,2007,published,FALSE,"DEP: Diplomaci, Estratégia y Política",dep diplomaci estrategia y politica,1808-0480,,,GERARDO CAETANO,single_source_row,not_applicable,,1,TRUE,Gerardo Caetano,1,FALSE,FALSE,JRN083,45,FALSE,FALSE,,,,,,,FALSE,,,,,,,,,,,,,FALSE,FALSE,FALSE,,,,,,,,,,,,,,,,,FALSE,,,,,,FALSE,FALSE,,,,,,,,,,,,TRUE,FALSE
ART00165,Nuevo Análisis de las Precondiciones Económicas de la Democracia,nuevo analisis de las precondiciones economicas de la democracia,2007,published,TRUE,Revista Uruguaya de Ciencia Política,revista uruguaya de ciencia politica,,0797-9789,,"TRAVERSA, FEDERICO",single_source_row,not_applicable,,1,TRUE,Federico Traversa,1,FALSE,FALSE,JRN351,11,FALSE,FALSE,,,,,,,FALSE,,,,,,,,,,,ambiguous,low,FALSE,FALSE,FALSE,,,,,,,,,,,,,,,ambiguous,low,TRUE,REVISTA URUGUAYA DE CIENCIA POLITICA,1688-499X,A1,exact_issn,high,TRUE,TRUE,TRUE,FALSE,Revista uruguaya de ciencia política,https://www.latindex.org/latindex/ficha/16727,exact_normalized_name,high,,TRUE,TRUE,,,TRUE,FALSE
ART00166,Reflexiones sobre las relaciones entre el pasado y el futuro,reflexiones sobre las relaciones entre el pasado y el futuro,2007,published,FALSE,Revista de la Academia Nacional de Letras,revista de la academia nacional de letras,1688-3543,,,GERARDO CAETANO,single_source_row,not_applicable,,1,TRUE,Gerardo Caetano,1,FALSE,FALSE,JRN298,,FALSE,FALSE,,,,,,,FALSE,,,,,,,,,,,,,FALSE,FALSE,FALSE,,,,,,,,,,,,,,,,,FALSE,,,,,,FALSE,FALSE,,,,,,,,,,,,TRUE,FALSE
ART00167,"Reformas educativas y rendimiento escolar. Reflexiones a partir de las experiencias de Argentina, Chile y Uruguay",reformas educativas y rendimiento escolar reflexiones a partir de las experiencias de argentina chile y uruguay,2007,published,TRUE,Cuadernos del CLAEH,cuadernos del claeh,,0797-6062,,BENTANCUR NICOLÁS,single_source_row,not_applicable,,1,TRUE,Nicolás Bentancur,1,FALSE,FALSE,JRN073,22,FALSE,FALSE,,,,,,,FALSE,,,,,,,,,,,,,FALSE,FALSE,FALSE,,,,,,,,,,,,,,,,,FALSE,,,,,,FALSE,FALSE,,,,,,,,,,,,TRUE,FALSE
ART00168,"Reseña de """"Al Centro y Adentro. La Renovación de la Izquierda y El Triunfo del Frente Amplio en Uruguay"""" de Jaime Yaffé",resena de al centro y adentro la renovacion de la izquierda y el triunfo del frente amplio en uruguay de jaime yaffe,2007,published,TRUE,Revista Uruguaya de Ciencia Política,revista uruguaya de ciencia politica,,0797-9789,,"CHASQUETTI, DANIEL",single_source_row,not_applicable,,1,TRUE,Daniel Chasquetti,1,FALSE,FALSE,JRN351,0,FALSE,FALSE,,,,,,,FALSE,,,,,,,,,,,ambiguous,low,FALSE,FALSE,FALSE,,,,,,,,,,,,,,,ambiguous,low,TRUE,REVISTA URUGUAYA DE CIENCIA POLITICA,1688-499X,A1,exact_issn,high,TRUE,TRUE,TRUE,FALSE,Revista uruguaya de ciencia política,https://www.latindex.org/latindex/ficha/16727,exact_normalized_name,high,,TRUE,TRUE,,,TRUE,FALSE
ART00169,Reseñas y Comentarios del libro,resenas y comentarios del libro,2007,published,TRUE,Revista Uruguaya de Ciencia Política,revista uruguaya de ciencia politica,,0797-9789,,CARMEN MIDAGLIA,single_source_row,not_applicable,,1,TRUE,Carmen Midaglia,1,FALSE,FALSE,JRN351,,FALSE,FALSE,,,,,,,FALSE,,,,,,,,,,,ambiguous,low,FALSE,FALSE,FALSE,,,,,,,,,,,,,,,ambiguous,low,TRUE,REVISTA URUGUAYA DE CIENCIA POLITICA,1688-499X,A1,exact_issn,high,TRUE,TRUE,TRUE,FALSE,Revista uruguaya de ciencia política,https://www.latindex.org/latindex/ficha/16727,exact_normalized_name,high,,TRUE,TRUE,,,TRUE,FALSE
ART00170,State and Globalization: A Latin America Perspective,state and globalization a latin america perspective,2007,published,TRUE,Iberoamericana,iberoamericana,0046-8444,2002-4509,,ZURBRIGGEN | Andres Rivarola,single_source_row,not_applicable,,2,FALSE,Cristina Zurbriggen,1,FALSE,FALSE,JRN149,,FALSE,FALSE,,,,,,,FALSE,,,,,,,,,,,,,FALSE,FALSE,FALSE,,,,,,,,,,,,,,,,,TRUE,IBEROAMERICANA - NORDIC JOURNAL OF LATIN AMERICAN AND CARIBBEAN STUDIES,2002-4509,B1,exact_issn,high,TRUE,TRUE,TRUE,FALSE,Iberoamericana,https://www.latindex.org/latindex/ficha/22814,exact_normalized_name,high,,TRUE,TRUE,,,TRUE,FALSE
ART00171,¿Una nueva síntesis?. La agenda social de la izquierda uruguaya a dos años de gobierno,una nueva sintesis la agenda social de la izquierda uruguaya a dos anos de gobierno,2007,published,TRUE,"Caderno CRH, 51 set/dez",caderno crh 51 set dez,,0103-4979,,"ANTÍA, FLORENCIA | MIDAGLIA, CARMEN",exact_title_year_journal,high,,2,FALSE,Florencia Antía | Carmen Midaglia,2,TRUE,FALSE,JRN039,23,TRUE,FALSE,,,,,,,TRUE,5600152968,Caderno CRH,1297,0.118,Q4,15,Sociology and Political Science,1297,0.118,Q4,exact_issn,high,TRUE,FALSE,TRUE,5600152968,Caderno CRH,0.2,0.118,0.167,12,34,190,18,1170,1434,18.0% 1170/1434 Cultural Studies,Active,2009-2026,exact_issn,high,TRUE,CADERNO CRH (UFBA. IMPRESSO),0103-4979,A1,exact_issn,high,FALSE,FALSE,,,,,,,TRUE,TRUE,,FALSE,FALSE,TRUE,FALSE
ART00172,Uruguay 2006: éxitos y dilemas del gobierno de izquierda,uruguay 2006 exitos y dilemas del gobierno de izquierda,2007,published,TRUE,Revista de Ciencia Política (Chile),revista de ciencia politica chile,0716-1417,0718-090X,,"CHASQUETTI, DANIEL",single_source_row,not_applicable,"A systematic journal placeholder/misalignment was corrected only where local URL, volume, pages or CV notes corroborated the replacement; otherwise journal metadata was left missing.",1,TRUE,Daniel Chasquetti,1,FALSE,FALSE,JRN280,50,TRUE,TRUE,5100152922,Revista de Ciencia Politica,79,0.975,Q1,28,TRUE,5100152922,Revista de Ciencia Politica,188,0.975,Q1,28,Political Science and International Relations,79,0.975,Q1,exact_issn,high,TRUE,TRUE,TRUE,5100152922,Revista de Ciencia Politica,3.4,0.975,1.404,79,258,77,77,166,745,77.0% 166/745 Political Science and International Relations,Active,2006-2025; 2002,exact_issn,high,TRUE,REVISTA DE CIENCIA POLÍTICA (SANTIAGO. EN LÍNEA),0718-090X,A1,exact_issn,high,TRUE,TRUE,TRUE,FALSE,Revista de ciencia política,https://www.latindex.org/latindex/ficha/14054,exact_normalized_name,high,TRUE,TRUE,TRUE,TRUE,TRUE,TRUE,FALSE
ART00173,Carlos Vaz Ferreira y la Política. Algunos notas sobre los cruces entre ciudadanía y filosofia a 50 años de su muerte,carlos vaz ferreira y la politica algunos notas sobre los cruces entre ciudadania y filosofia a 50 anos de su muerte,2008,published,FALSE,Revista de la Academia Nacional de Letras,revista de la academia nacional de letras,1688-3543,,,GERARDO CAETANO,single_source_row,not_applicable,,1,TRUE,Gerardo Caetano,1,FALSE,FALSE,JRN298,,FALSE,FALSE,,,,,,,FALSE,,,,,,,,,,,,,FALSE,FALSE,FALSE,,,,,,,,,,,,,,,,,FALSE,,,,,,FALSE,FALSE,,,,,,,,,,,,TRUE,FALSE
ART00174,Coalición y Resultados: Aprobación y Duración del Proceso Legislativo en Uruguay (1985-2000),coalicion y resultados aprobacion y duracion del proceso legislativo en uruguay 1985 2000,2008,published,TRUE,Revista Uruguaya de Ciencia Política,revista uruguaya de ciencia politica,,0797-9789,,MORAES | MAGAR,single_source_row,not_applicable,,2,FALSE,Juan Andrés Moraes,1,FALSE,FALSE,JRN351,,FALSE,FALSE,,,,,,,FALSE,,,,,,,,,,,ambiguous,low,FALSE,FALSE,FALSE,,,,,,,,,,,,,,,ambiguous,low,TRUE,REVISTA URUGUAYA DE CIENCIA POLITICA,1688-499X,A1,exact_issn,high,TRUE,TRUE,TRUE,FALSE,Revista uruguaya de ciencia política,https://www.latindex.org/latindex/ficha/16727,exact_normalized_name,high,,TRUE,TRUE,,,TRUE,FALSE
ART00175,Democracia y desarrollo: un enfoque partidista,democracia y desarrollo un enfoque partidista,2008,published,TRUE,Stockholm Review of Latin American Studies,stockholm review of latin american studies,,1654-0204,,"GARCÉ, A. | Mauricio Armellini",single_source_row,not_applicable,,2,FALSE,Adolfo Garcé,1,FALSE,FALSE,JRN369,7,FALSE,FALSE,,,,,,,FALSE,,,,,,,,,,,,,FALSE,FALSE,FALSE,,,,,,,,,,,,,,,,,FALSE,,,,,,FALSE,FALSE,,,,,,,,,,,,TRUE,FALSE
ART00176,Democracia y redistribución en América Latina,democracia y redistribucion en america latina,2008,published,TRUE,"Stockholm Review of Latin American Studies, Decenber",stockholm review of latin american studies decenber,,1654-0204,,"TRAVERSA, FEDERICO",single_source_row,not_applicable,,1,TRUE,Federico Traversa,1,FALSE,FALSE,JRN369,17,FALSE,FALSE,,,,,,,FALSE,,,,,,,,,,,,,FALSE,FALSE,FALSE,,,,,,,,,,,,,,,,,FALSE,,,,,,FALSE,FALSE,,,,,,,,,,,,TRUE,FALSE
ART00177,Hacia un «momento de verdad« en el Uruguay reciente.,hacia un momento de verdad en el uruguay reciente,2008,published,TRUE,Sociohistórica,sociohistorica,1853-6344,1852-1606,,GERARDO CAETANO,single_source_row,not_applicable,,1,TRUE,Gerardo Caetano,1,FALSE,FALSE,JRN365,,FALSE,FALSE,,,,,,,FALSE,,,,,,,,,,,,,FALSE,FALSE,FALSE,,,,,,,,,,,,,,,,,FALSE,,,,,,FALSE,FALSE,,,,,,,,,,,,TRUE,FALSE
ART00178,"Incorporando la estructura tributaria a la teoría política. Reformas fiscales en Argentina, Chile y Uruguay.",incorporando la estructura tributaria a la teoria politica reformas fiscales en argentina chile y uruguay,2008,published,TRUE,Revista Uruguaya de Ciencia Política,revista uruguaya de ciencia politica,,0797-9789,,RAFAEL TEJERA,single_source_row,not_applicable,,1,TRUE,Rafael Tejera,1,FALSE,FALSE,JRN351,,FALSE,FALSE,,,,,,,FALSE,,,,,,,,,,,ambiguous,low,FALSE,FALSE,FALSE,,,,,,,,,,,,,,,ambiguous,low,TRUE,REVISTA URUGUAYA DE CIENCIA POLITICA,1688-499X,A1,exact_issn,high,TRUE,TRUE,TRUE,FALSE,Revista uruguaya de ciencia política,https://www.latindex.org/latindex/ficha/16727,exact_normalized_name,high,,TRUE,TRUE,,,TRUE,FALSE
ART00179,“Juntos pero no casados”: La reforma de 1996 y sus efectos al interior de los partidos”,juntos pero no casados la reforma de 1996 y sus efectos al interior de los partidos,2008,published,TRUE,Revista Uruguaya de Ciencia Política,revista uruguaya de ciencia politica,,0797-9789,,DANIELA VAIRO,single_source_row,not_applicable,,1,TRUE,Daniela Vairo,1,FALSE,FALSE,JRN351,,FALSE,FALSE,,,,,,,FALSE,,,,,,,,,,,ambiguous,low,FALSE,FALSE,FALSE,,,,,,,,,,,,,,,ambiguous,low,TRUE,REVISTA URUGUAYA DE CIENCIA POLITICA,1688-499X,A1,exact_issn,high,TRUE,TRUE,TRUE,FALSE,Revista uruguaya de ciencia política,https://www.latindex.org/latindex/ficha/16727,exact_normalized_name,high,,TRUE,TRUE,,,TRUE,FALSE
ART00180,La enseñanza media en Uruguay: cuatro problemas estructurales y tres líneas de políticas para su rediseño institucional,la ensenanza media en uruguay cuatro problemas estructurales y tres lineas de politicas para su rediseno institucional,2008,published,TRUE,REICE Revista Iberoamericana sobre Calidad Eficacia y Cambio en Educación,reice revista iberoamericana sobre calidad eficacia y cambio en educacion,,1696-4713,,BENTANCUR NICOLÁS | TABARE FERNANDEZ,single_source_row,not_applicable,,2,FALSE,Nicolás Bentancur,1,FALSE,FALSE,JRN262,36,TRUE,FALSE,,,,,,,TRUE,21100897232,"REICE. Revista Iberoamericana Sobre Calidad, Eficacia y Cambio en Educacion",423,0.549,Q2,31,Sociology and Political Science,423,0.549,Q2,exact_issn,high,TRUE,FALSE,TRUE,21100897232,"REICE. Revista Iberoamericana Sobre Calidad, Eficacia y Cambio en Educacion",3.7,0.549,1.172,85,384,103,93,91,1434,93.0% 91/1434 Cultural Studies,Active,2003-2026,exact_issn,high,FALSE,,,,,,FALSE,FALSE,,,,,,,TRUE,,,FALSE,TRUE,TRUE,FALSE
ART00181,La nueva agenda de las políticas educativas en el Cono Sur,la nueva agenda de las politicas educativas en el cono sur,2008,published,TRUE,Revista Debates,revista debates,,1982-5269,,BENTANCUR NICOLÁS,single_source_row,not_applicable,,1,TRUE,Nicolás Bentancur,1,FALSE,FALSE,JRN307,,FALSE,FALSE,,,,,,,FALSE,,,,,,,,,,,,,FALSE,FALSE,FALSE,,,,,,,,,,,,,,,,,FALSE,,,,conflict,low,FALSE,FALSE,,,,,,,,,,,,TRUE,FALSE
ART00182,"""""La Nueva Política en América Latina. Rupturas y continuidades""""",la nueva politica en america latina rupturas y continuidades,2008,published,TRUE,Revista Uruguaya de Ciencia Política,revista uruguaya de ciencia politica,,0797-9789,,ANTONIO CARDARELLO,single_source_row,not_applicable,,1,TRUE,Antonio Cardarello,1,FALSE,FALSE,JRN351,,FALSE,FALSE,,,,,,,FALSE,,,,,,,,,,,ambiguous,low,FALSE,FALSE,FALSE,,,,,,,,,,,,,,,ambiguous,low,TRUE,REVISTA URUGUAYA DE CIENCIA POLITICA,1688-499X,A1,exact_issn,high,TRUE,TRUE,TRUE,FALSE,Revista uruguaya de ciencia política,https://www.latindex.org/latindex/ficha/16727,exact_normalized_name,high,,TRUE,TRUE,,,TRUE,FALSE
ART00183,Reseña de libro,resena de libro,2008,published,TRUE,Revista de Ciencias Sociales,revista de ciencias sociales,0797-5538,1688-4981,,MARÍA ESTER MANCEBO,single_source_row,not_applicable,,1,TRUE,María Ester Mancebo,1,FALSE,FALSE,JRN281,,FALSE,FALSE,,,,,,,FALSE,,,,,,,,,,,,,FALSE,FALSE,FALSE,,,,,,,,,,,,,,,,,TRUE,REVISTA DE CIENCIAS SOCIALES,1688-4981,A2,exact_issn,high,TRUE,TRUE,TRUE,FALSE,Revista de ciencias sociales - Universidad del Zulia. Facultad de Ciencias Económicas y Sociales,https://www.latindex.org/latindex/ficha/14132,exact_normalized_name,high,,TRUE,TRUE,,,TRUE,FALSE
ART00184,Transformaciones del Estado Social: ¿Hacia una nueva fase de reformas en Chile y Uruguay?,transformaciones del estado social hacia una nueva fase de reformas en chile y uruguay,2008,published,TRUE,Revista Debates,revista debates,,1982-5269,,"ANTÍA, FLORENCIA",single_source_row,not_applicable,,1,TRUE,Florencia Antía,1,FALSE,FALSE,JRN307,4,FALSE,FALSE,,,,,,,FALSE,,,,,,,,,,,,,FALSE,FALSE,FALSE,,,,,,,,,,,,,,,,,FALSE,,,,conflict,low,FALSE,FALSE,,,,,,,,,,,,TRUE,FALSE
ART00185,"Uruguay 1985-2007 Restauración, reforma, crisis y cambio electoral",uruguay 1985 2007 restauracion reforma crisis y cambio electoral,2008,published,TRUE,Nuestra América,nuestra america,1646-5024,,,"RILLA, JOSÉ",single_source_row,not_applicable,,1,TRUE,José Rilla,1,FALSE,FALSE,JRN204,18,FALSE,FALSE,,,,,,,FALSE,,,,,,,,,,,,,FALSE,FALSE,FALSE,,,,,,,,,,,,,,,,,FALSE,,,,,,FALSE,FALSE,,,,,,,,,,,,TRUE,FALSE
ART00186,Uruguay 2007: El complejo año de las reformas,uruguay 2007 el complejo ano de las reformas,2008,published,TRUE,Revista de Ciencia Política (Chile),revista de ciencia politica chile,0716-1417,0718-090X,,"CHASQUETTI, DANIEL",single_source_row,not_applicable,"A systematic journal placeholder/misalignment was corrected only where local URL, volume, pages or CV notes corroborated the replacement; otherwise journal metadata was left missing.",1,TRUE,Daniel Chasquetti,1,FALSE,FALSE,JRN280,29,TRUE,TRUE,5100152922,Revista de Ciencia Politica,79,0.975,Q1,28,TRUE,5100152922,Revista de Ciencia Politica,188,0.975,Q1,28,Political Science and International Relations,79,0.975,Q1,exact_issn,high,TRUE,TRUE,TRUE,5100152922,Revista de Ciencia Politica,3.4,0.975,1.404,79,258,77,77,166,745,77.0% 166/745 Political Science and International Relations,Active,2006-2025; 2002,exact_issn,high,TRUE,REVISTA DE CIENCIA POLÍTICA (SANTIAGO. EN LÍNEA),0718-090X,A1,exact_issn,high,TRUE,TRUE,TRUE,FALSE,Revista de ciencia política,https://www.latindex.org/latindex/ficha/14054,exact_normalized_name,high,TRUE,TRUE,TRUE,TRUE,TRUE,TRUE,FALSE
ART00187,"Uruguay, la encrucijada política de 2009",uruguay la encrucijada politica de 2009,2008,published,FALSE,Todavia,todavia,1516-4497,,,GERARDO CAETANO,single_source_row,not_applicable,,1,TRUE,Gerardo Caetano,1,FALSE,FALSE,JRN390,,FALSE,FALSE,,,,,,,FALSE,,,,,,,,,,,,,FALSE,FALSE,FALSE,,,,,,,,,,,,,,,,,FALSE,,,,,,FALSE,FALSE,,,,,,,,,,,,TRUE,FALSE
ART00188,´Variables políticas’ y representación femenina: ¿influencia de qué tipo? Comentarios a partir del caso uruguayo,variables politicas y representacion femenina influencia de que tipo comentarios a partir del caso uruguayo,2008,published,TRUE,Colección,coleccion,,1850-003X,,VERÓNICA PÉREZ | Verónica Pérez Bentancur,single_source_row,not_applicable,,2,FALSE,Verónica Pérez Bentancur,1,FALSE,FALSE,JRN052,8,FALSE,FALSE,,,,,,,FALSE,,,,,,,,,,,,,FALSE,FALSE,FALSE,,,,,,,,,,,,,,,,,FALSE,,,,,,FALSE,FALSE,,,,,,,,,,,,TRUE,FALSE
ART00189,ANALISIS COMPARADO DEL PODER JUDICIAL ELECTRÓNICO EN AMÉRICA LATINA,analisis comparado del poder judicial electronico en america latina,2009,published,TRUE,"Democracia Digital e Governo Eletrônico, No1",democracia digital e governo eletronico no1,,2175-9391,,JOSE MIGUEL BUSQUETS,single_source_row,not_applicable,,1,TRUE,José Busquets,1,FALSE,FALSE,JRN080,5,FALSE,FALSE,,,,,,,FALSE,,,,,,,,,,,,,FALSE,FALSE,FALSE,,,,,,,,,,,,,,,,,FALSE,,,,,,FALSE,FALSE,,,,,,,,,,,,TRUE,FALSE
ART00190,Argentina y Uruguay entre la Cuenca del Plata y el MERCOSUR. Notas para la reflexión en un contexto de distanciamiento,argentina y uruguay entre la cuenca del plata y el mercosur notas para la reflexion en un contexto de distanciamiento,2009,published,TRUE,Densidades,densidades,1851-8311,1851-832X,,GERARDO CAETANO,single_source_row,not_applicable,,1,TRUE,Gerardo Caetano,1,FALSE,FALSE,JRN082,,FALSE,FALSE,,,,,,,FALSE,,,,,,,,,,,,,FALSE,FALSE,FALSE,,,,,,,,,,,,,,,,,FALSE,,,,,,FALSE,FALSE,,,,,,,,,,,,TRUE,FALSE
ART00191,Democracia radical en Habermas y Mouffe: entre acuerdos provisorios y consensos conflictivos,democracia radical en habermas y mouffe entre acuerdos provisorios y consensos conflictivos,2009,published,TRUE,Encuentro de Jóvenes Investigadores,encuentro de jovenes investigadores,1852-6187,2313-9005,,JULIÁN GONZÁLEZ | Julián González Scandizzi,single_source_row,not_applicable,,2,FALSE,Julián González Scandizzi,1,FALSE,FALSE,JRN103,,FALSE,FALSE,,,,,,,FALSE,,,,,,,,,,,,,FALSE,FALSE,FALSE,,,,,,,,,,,,,,,,,FALSE,,,,,,FALSE,FALSE,,,,,,,,,,,,TRUE,FALSE
ART00192,Diagnóstico y repertorio de políticas para el rediseño institucional de la enseñanza media en Uruguay,diagnostico y repertorio de politicas para el rediseno institucional de la ensenanza media en uruguay,2009,published,TRUE,Revista de Ciencias Sociales,revista de ciencias sociales,0797-5538,1688-4981,,BENTANCUR NICOLÁS | TABARE FERNANDEZ,single_source_row,not_applicable,,2,FALSE,Nicolás Bentancur,1,FALSE,FALSE,JRN281,4,FALSE,FALSE,,,,,,,FALSE,,,,,,,,,,,,,FALSE,FALSE,FALSE,,,,,,,,,,,,,,,,,TRUE,REVISTA DE CIENCIAS SOCIALES,1688-4981,A2,exact_issn,high,TRUE,TRUE,TRUE,FALSE,Revista de ciencias sociales - Universidad del Zulia. Facultad de Ciencias Económicas y Sociales,https://www.latindex.org/latindex/ficha/14132,exact_normalized_name,high,,TRUE,TRUE,,,TRUE,FALSE
ART00193,Dimensión institucional de los procesos de integración. Retos de innovación a cuatro décadas de la firma del “Tratado de la Cuenca del Río de la Plata. (1969-2009),dimension institucional de los procesos de integracion retos de innovacion a cuatro decadas de la firma del tratado de la cuenca del rio de la plata 1969 2009,2009,published,TRUE,Estudios digital,estudios digital,0328-185X,1852-1568,,GERARDO CAETANO,single_source_row,not_applicable,,1,TRUE,Gerardo Caetano,1,FALSE,FALSE,JRN116,,FALSE,FALSE,,,,,,,FALSE,,,,,,,,,,,,,FALSE,FALSE,FALSE,,,,,,,,,,,,,,,,,FALSE,,,,,,FALSE,FALSE,,,,,,,,,,,,TRUE,FALSE
ART00194,Economistas y política en Uruguay (1932 - 2004),economistas y politica en uruguay 1932 2004,2009,published,TRUE,Quantum,quantum,0797-7859,,,"GARCÉ, A.",single_source_row,not_applicable,,1,TRUE,Adolfo Garcé,1,FALSE,FALSE,JRN256,15,FALSE,FALSE,,,,,,,FALSE,,,,,,,,,,,,,FALSE,FALSE,FALSE,,,,,,,,,,,,,,,,,FALSE,,,,,,FALSE,FALSE,,,,,,,,,,,,TRUE,FALSE
ART00195,El déficit de género en la democracia uruguaya,el deficit de genero en la democracia uruguaya,2009,published,FALSE,Revista Latinoamericana de Desarrollo Humano,revista latinoamericana de desarrollo humano,0001-0002,,,NIKI JOHNSON,single_source_row,not_applicable,,1,TRUE,Niki Johnson,1,FALSE,FALSE,JRN335,,FALSE,FALSE,,,,,,,FALSE,,,,,,,,,,,,,FALSE,FALSE,FALSE,,,,,,,,,,,,,,,,,FALSE,,,,,,FALSE,FALSE,,,,,,,,,,,,TRUE,FALSE
ART00196,El intruso y sus desafíos: la irrupción del gobierno del Frente Amplio en el bipartidismo centenario del Uruguay,el intruso y sus desafios la irrupcion del gobierno del frente amplio en el bipartidismo centenario del uruguay,2009,published,TRUE,Metapolítica,metapolitica,1405-4558,1605-0576,,CONSTANZA MOREIRA,single_source_row,not_applicable,,1,TRUE,Constanza Moreira,1,FALSE,FALSE,JRN195,,FALSE,FALSE,,,,,,,FALSE,,,,,,,,,,,,,FALSE,FALSE,FALSE,,,,,,,,,,,,,,,,,FALSE,,,,,,FALSE,FALSE,,,,,,,,,,,,TRUE,FALSE
ART00197,El Poder Judicial Electrónico en Iberoamérica 2009,el poder judicial electronico en iberoamerica 2009,2009,published,TRUE,Scientia Iuridica,scientia iuridica,0870-8185,,,JOSE MIGUEL BUSQUETS,single_source_row,not_applicable,,1,TRUE,José Busquets,1,FALSE,FALSE,JRN356,,FALSE,FALSE,,,,,,,FALSE,,,,,,,,,,,,,FALSE,FALSE,FALSE,,,,,,,,,,,,,,,,,FALSE,,,,,,FALSE,FALSE,,,,,,,,,,,,TRUE,FALSE
ART00198,El Programa de Aulas Comunitarias de Uruguay: un puente hacia la inclusión en la educación media,el programa de aulas comunitarias de uruguay un puente hacia la inclusion en la educacion media,2009,published,TRUE,REICE Revista Iberoamericana sobre Calidad Eficacia y Cambio en Educación,reice revista iberoamericana sobre calidad eficacia y cambio en educacion,,1696-4713,,MARÍA ESTER MANCEBO,single_source_row,not_applicable,,1,TRUE,María Ester Mancebo,1,FALSE,FALSE,JRN262,46,TRUE,FALSE,,,,,,,TRUE,21100897232,"REICE. Revista Iberoamericana Sobre Calidad, Eficacia y Cambio en Educacion",423,0.549,Q2,31,Sociology and Political Science,423,0.549,Q2,exact_issn,high,TRUE,FALSE,TRUE,21100897232,"REICE. Revista Iberoamericana Sobre Calidad, Eficacia y Cambio en Educacion",3.7,0.549,1.172,85,384,103,93,91,1434,93.0% 91/1434 Cultural Studies,Active,2003-2026,exact_issn,high,FALSE,,,,,,FALSE,FALSE,,,,,,,TRUE,,,FALSE,TRUE,TRUE,FALSE
ART00199,From Patronage to Program: The emergence of party oriented legislators in Brazil,from patronage to program the emergence of party oriented legislators in brazil,2009,published,TRUE,Comparative Political Studies,comparative political studies,0010-4140,,10.1177/0010414008325572,FRANCES HAGOPIAN | CARLOS GERVASONI | MORAES,single_source_row,not_applicable,,3,FALSE,Juan Andrés Moraes,1,FALSE,FALSE,JRN054,192,TRUE,FALSE,,,,,,,TRUE,13447,Comparative Political Studies,10,3.796,Q1,142,Sociology and Political Science,10,3.796,Q1,exact_issn,high,TRUE,FALSE,TRUE,13447,Comparative Political Studies,8.6,3.796,2.886,88,2556,296,96,54,1530,96.0% 54/1530 Sociology and Political Science,Active,1968-2026,exact_issn,high,TRUE,COMPARATIVE POLITICAL STUDIES,0010-4140,A1,exact_issn,high,FALSE,FALSE,,,,,,,TRUE,TRUE,,TRUE,TRUE,TRUE,FALSE
ART00200,Integración regional y estrategias de reinserción internacional en América del Sur. Razones para la incertidumbre,integracion regional y estrategias de reinsercion internacional en america del sur razones para la incertidumbre,2009,published,TRUE,Nueva Sociedad,nueva sociedad,0251-3552,,,GERARDO CAETANO,fuzzy_title_year_journal_authors,high,Peer-review flag differed across CV occurrences; TRUE retained and conflict documented.,1,TRUE,Gerardo Caetano,1,FALSE,FALSE,JRN205,,FALSE,FALSE,,,,,,,FALSE,,,,,,,,,,,,,FALSE,FALSE,FALSE,,,,,,,,,,,,,,,,,TRUE,NUEVA SOCIEDAD,0251-3552,A1,exact_issn,high,FALSE,FALSE,,,,,,,,TRUE,,,,TRUE,FALSE
ART00201,La construcción de un Índice de Desarrollo Político en el marco del paradigma del desarrollo humano. Aplicación al caso uruguayo,la construccion de un indice de desarrollo politico en el marco del paradigma del desarrollo humano aplicacion al caso uruguayo,2009,published,FALSE,"Revista Latinoamericana de Desarrollo Humano, 61",revista latinoamericana de desarrollo humano 61,0001-0002,,,"TRAVERSA, FEDERICO | BUQUET, DANIEL",fuzzy_title_year_journal_authors,high,,2,FALSE,Daniel Buquet | Federico Traversa,2,TRUE,FALSE,JRN335,9,FALSE,FALSE,,,,,,,FALSE,,,,,,,,,,,,,FALSE,FALSE,FALSE,,,,,,,,,,,,,,,,,FALSE,,,,,,FALSE,FALSE,,,,,,,,,,,,TRUE,FALSE
ART00202,Las primarias de junio en Uruguay,las primarias de junio en uruguay,2009,published,FALSE,Boletín de Política Comparada,boletin de politica comparada,,1851-8192,,"CHASQUETTI, DANIEL",single_source_row,not_applicable,,1,TRUE,Daniel Chasquetti,1,FALSE,FALSE,JRN034,,FALSE,FALSE,,,,,,,FALSE,,,,,,,,,,,,,FALSE,FALSE,FALSE,,,,,,,,,,,,,,,,,FALSE,,,,,,FALSE,FALSE,,,,,,,,,,,,TRUE,FALSE
ART00203,Le système et les partis politiques après la victoire du Frente Amplio,le systeme et les partis politiques apres la victoire du frente amplio,2009,published,TRUE,Problèmes d Amérique latine,problemes d amerique latine,0765-1333,1968-3898,,YAFFÉ,single_source_row,not_applicable,,1,TRUE,Jaime Yaffé,1,FALSE,FALSE,JRN250,1,FALSE,FALSE,,,,,,,FALSE,,,,,,,,,,,,,FALSE,FALSE,FALSE,,,,,,,,,,,,,,,,,FALSE,,,,,,FALSE,FALSE,,,,,,,,,,,,TRUE,FALSE
ART00204,"Los nuevos gobiernos progresistas en el Cono Sur: Argentina, Chile y Uruguay en el siglo XXI",los nuevos gobiernos progresistas en el cono sur argentina chile y uruguay en el siglo xxi,2009,published,TRUE,"Sistema, 208-209",sistema 208 209,0210-0223,,,"BUQUET, D",single_source_row,not_applicable,,1,TRUE,Daniel Buquet,1,FALSE,FALSE,JRN360,4,FALSE,FALSE,,,,,,,FALSE,,,,,,,,,,,,,FALSE,FALSE,FALSE,,,,,,,,,,,,,,,,,FALSE,,,,,,FALSE,FALSE,,,,,,,,,,,,TRUE,FALSE
ART00205,"Los procesos de reforma previsional en Chile, Brasil y Uruguay. Entre legados y transformaciones",los procesos de reforma previsional en chile brasil y uruguay entre legados y transformaciones,2009,published,FALSE,Ponto de Vista,ponto de vista,,1983-733X,,"ANTÍA, FLORENCIA | PROVASI LANZARA, ARNALDO",single_source_row,not_applicable,,2,FALSE,Florencia Antía,1,FALSE,FALSE,JRN244,,FALSE,FALSE,,,,,,,FALSE,,,,,,,,,,,,,FALSE,FALSE,FALSE,,,,,,,,,,,,,,,,,FALSE,,,,,,FALSE,FALSE,,,,,,,,,,,,TRUE,FALSE
ART00206,Modernizar y democratizar la Administración Pública. Una mirada desde la realidad latinoamericana,modernizar y democratizar la administracion publica una mirada desde la realidad latinoamericana,2009,published,TRUE,Revista Enfoques,revista enfoques,0718-0241,0718-9656,,"FUENTES, G. | GÜEMES, C. | ISAZA, C.",single_source_row,not_applicable,,3,FALSE,Guillermo Fuentes,1,FALSE,FALSE,JRN317,70,FALSE,FALSE,,,,,,,FALSE,,,,,,,,,,,,,FALSE,FALSE,FALSE,,,,,,,,,,,,,,,,,FALSE,,,,,,TRUE,TRUE,TRUE,FALSE,Revista enfoques,https://www.latindex.org/latindex/ficha/15580,exact_normalized_name,high,,,TRUE,,,TRUE,FALSE
ART00207,Oración laica por José Pedro Barrán,oracion laica por jose pedro barran,2009,published,FALSE,Revista de la Academia Nacional de Letras,revista de la academia nacional de letras,1688-3543,,,GERARDO CAETANO,single_source_row,not_applicable,,1,TRUE,Gerardo Caetano,1,FALSE,FALSE,JRN298,,FALSE,FALSE,,,,,,,FALSE,,,,,,,,,,,,,FALSE,FALSE,FALSE,,,,,,,,,,,,,,,,,FALSE,,,,,,FALSE,FALSE,,,,,,,,,,,,TRUE,FALSE
ART00208,Patronazgo y estrategias de movilización partidaria. Evidencia desde los gobiernos subnacionales de Uruguay,patronazgo y estrategias de movilizacion partidaria evidencia desde los gobiernos subnacionales de uruguay,2009,published,TRUE,Revista Uruguaya de Ciencia Política,revista uruguaya de ciencia politica,,0797-9789,,CARNEIRO,single_source_row,not_applicable,,1,TRUE,Fabricio Carneiro,1,FALSE,FALSE,JRN351,30,FALSE,FALSE,,,,,,,FALSE,,,,,,,,,,,ambiguous,low,FALSE,FALSE,FALSE,,,,,,,,,,,,,,,ambiguous,low,TRUE,REVISTA URUGUAYA DE CIENCIA POLITICA,1688-499X,A1,exact_issn,high,TRUE,TRUE,TRUE,FALSE,Revista uruguaya de ciencia política,https://www.latindex.org/latindex/ficha/16727,exact_normalized_name,high,,TRUE,TRUE,,,TRUE,FALSE
ART00209,URUGUAY 2008: De las reformas a la competencia electoral.,uruguay 2008 de las reformas a la competencia electoral,2009,published,TRUE,Revista de Ciencia Política (Chile),revista de ciencia politica chile,0716-1417,0718-090X,,"BUQUET, D",single_source_row,not_applicable,,1,TRUE,Daniel Buquet,1,FALSE,FALSE,JRN280,21,TRUE,TRUE,5100152922,Revista de Ciencia Politica,79,0.975,Q1,28,TRUE,5100152922,Revista de Ciencia Politica,188,0.975,Q1,28,Political Science and International Relations,79,0.975,Q1,exact_issn,high,TRUE,TRUE,TRUE,5100152922,Revista de Ciencia Politica,3.4,0.975,1.404,79,258,77,77,166,745,77.0% 166/745 Political Science and International Relations,Active,2006-2025; 2002,exact_issn,high,TRUE,REVISTA DE CIENCIA POLÍTICA (SANTIAGO. EN LÍNEA),0718-090X,A1,exact_issn,high,TRUE,TRUE,TRUE,FALSE,Revista de ciencia política,https://www.latindex.org/latindex/ficha/14054,exact_normalized_name,high,TRUE,TRUE,TRUE,TRUE,TRUE,TRUE,FALSE
ART00210,"Uruguay, región e inserción internacional",uruguay region e insercion internacional,2009,published,FALSE,"DEP: Diplomaci, Estratégia y Política",dep diplomaci estrategia y politica,1808-0480,,,GERARDO CAETANO,single_source_row,not_applicable,,1,TRUE,Gerardo Caetano,1,FALSE,FALSE,JRN083,,FALSE,FALSE,,,,,,,FALSE,,,,,,,,,,,,,FALSE,FALSE,FALSE,,,,,,,,,,,,,,,,,FALSE,,,,,,FALSE,FALSE,,,,,,,,,,,,TRUE,FALSE
ART00211,A criação do nível de governo municipal no Uruguai,a criacao do nivel de governo municipal no uruguai,2010,published,FALSE,Boletim OPSA,boletim opsa,,1809-8827,,DANIELA VAIRO,single_source_row,not_applicable,,1,TRUE,Daniela Vairo,1,FALSE,FALSE,JRN032,,FALSE,FALSE,,,,,,,FALSE,,,,,,,,,,,,,FALSE,FALSE,FALSE,,,,,,,,,,,,,,,,,TRUE,BOLETIM OPSA,1809-8827,B1,exact_issn,high,FALSE,FALSE,,,,,,,,TRUE,,,,TRUE,FALSE
ART00212,Ciudadanía y nación en el Uruguay del Centenario (1910-1930) La forja de una cultura estatista,ciudadania y nacion en el uruguay del centenario 1910 1930 la forja de una cultura estatista,2010,published,TRUE,"Iberoamericana, N° 39",iberoamericana n 39,1577-3388,2255-520X,,GERARDO CAETANO,single_source_row,not_applicable,,1,TRUE,Gerardo Caetano,1,FALSE,FALSE,JRN150,50,FALSE,FALSE,,,,,,,FALSE,,,,,,,,,,,,,FALSE,FALSE,FALSE,,,,,,,,,,,,,,,,,FALSE,,,,conflict,low,TRUE,TRUE,TRUE,FALSE,Iberoamericana,https://www.latindex.org/latindex/ficha/22814,exact_normalized_name,high,,,TRUE,,,TRUE,FALSE
ART00213,«¿Cómo pude haber escrito esto?« Entrevista a José Pedro Barrán,como pude haber escrito esto entrevista a jose pedro barran,2010,published,TRUE,Contemporánea,contemporanea,1688-7638,1688-9746,,MARKARIAN | YAFFÉ,single_source_row,not_applicable,,2,FALSE,Jaime Yaffé,1,FALSE,FALSE,JRN060,,FALSE,FALSE,,,,,,,FALSE,,,,,,,,,,,,,FALSE,FALSE,FALSE,,,,,,,,,,,,,,,,,FALSE,,,,ambiguous,low,FALSE,FALSE,,,,,,,,,,,,TRUE,FALSE
ART00214,Comportamiento electoral en Uruguay: dilucidando las claves del triunfo electoral de Jose Mujica en las presidenciales de 2009,comportamiento electoral en uruguay dilucidando las claves del triunfo electoral de jose mujica en las presidenciales de 2009,2010,published,FALSE,Em Debate,em debate,,2176-4883,,DANIELA VAIRO | José Raúl Rodríguez,single_source_row,not_applicable,,2,FALSE,Daniela Vairo,1,FALSE,FALSE,JRN101,,FALSE,FALSE,,,,,,,FALSE,,,,,,,,,,,,,FALSE,FALSE,FALSE,,,,,,,,,,,,,,,,,FALSE,,,,,,FALSE,FALSE,,,,,,,,,,,,TRUE,FALSE
ART00215,Dime quién eres y te diré que tan igualitario/a eres: valores de género e implicancias para la participación política en Uruguay,dime quien eres y te dire que tan igualitario a eres valores de genero e implicancias para la participacion politica en uruguay,2010,published,TRUE,Revista de Ciencias Sociales,revista de ciencias sociales,0797-5538,1688-4981,,DANIELA VAIRO | VERÓNICA PÉREZ,single_source_row,not_applicable,,2,FALSE,Daniela Vairo,1,FALSE,FALSE,JRN281,4,FALSE,FALSE,,,,,,,FALSE,,,,,,,,,,,,,FALSE,FALSE,FALSE,,,,,,,,,,,,,,,,,TRUE,REVISTA DE CIENCIAS SOCIALES,1688-4981,A2,exact_issn,high,TRUE,TRUE,TRUE,FALSE,Revista de ciencias sociales - Universidad del Zulia. Facultad de Ciencias Económicas y Sociales,https://www.latindex.org/latindex/ficha/14132,exact_normalized_name,high,,TRUE,TRUE,,,TRUE,FALSE
ART00216,Dime quien eres y te diré qué tan igualitario eres,dime quien eres y te dire que tan igualitario eres,2010,published,TRUE,Revista de Ciencias Sociales,revista de ciencias sociales,0797-5538,1688-4981,,VERÓNICA PÉREZ | DANIELA VAIRO | Verónica Pérez Bentancur,single_source_row,not_applicable,,3,FALSE,Verónica Pérez Bentancur,1,FALSE,FALSE,JRN281,,FALSE,FALSE,,,,,,,FALSE,,,,,,,,,,,,,FALSE,FALSE,FALSE,,,,,,,,,,,,,,,,,TRUE,REVISTA DE CIENCIAS SOCIALES,1688-4981,A2,exact_issn,high,TRUE,TRUE,TRUE,FALSE,Revista de ciencias sociales - Universidad del Zulia. Facultad de Ciencias Económicas y Sociales,https://www.latindex.org/latindex/ficha/14132,exact_normalized_name,high,,TRUE,TRUE,,,TRUE,FALSE
ART00217,Dimensión institucional de los procesos de integración regional. Retos de innovación a cuatro décadas de la firma del Tratado de la Cuenca del Plata (1969-2009),dimension institucional de los procesos de integracion regional retos de innovacion a cuatro decadas de la firma del tratado de la cuenca del plata 1969 2009,2010,published,TRUE,Relaciones Internacionales,relaciones internacionales,,1515-3371,,GERARDO CAETANO,single_source_row,not_applicable,,1,TRUE,Gerardo Caetano,1,FALSE,FALSE,JRN264,3,FALSE,FALSE,,,,,,,FALSE,,,,,,,,,,,,,FALSE,FALSE,FALSE,,,,,,,,,,,,,,,,,TRUE,RELACIONES INTERNACIONALES (LA PLATA),1515-3371,A2,exact_issn,high,FALSE,FALSE,,,,,ambiguous,low,,TRUE,,,,TRUE,FALSE
ART00218,Dimensiones del Poder Judicial electrónico: evidencia y análisis,dimensiones del poder judicial electronico evidencia y analisis,2010,published,FALSE,Espacio Abierto,espacio abierto,0334-6950,,,JOSE MIGUEL BUSQUETS,single_source_row,not_applicable,,1,TRUE,José Busquets,1,FALSE,FALSE,JRN111,0,FALSE,FALSE,,,,,,,FALSE,,,,,,,,,,,,,FALSE,FALSE,FALSE,,,,,,,,,,,,,,,,,FALSE,,,,ambiguous,low,FALSE,FALSE,,,,,,,,,,,,TRUE,FALSE
ART00219,"Economía y dictadura en Uruguay. Una visión panorámica de su evolución y sus relaciones con la economía internacional, 1973-1984",economia y dictadura en uruguay una vision panoramica de su evolucion y sus relaciones con la economia internacional 1973 1984,2010,published,TRUE,Revista de Historia (Costa Rica),revista de historia costa rica,1012-9790,2215-4744,,YAFFÉ,single_source_row,not_applicable,,1,TRUE,Jaime Yaffé,1,FALSE,FALSE,JRN296,15,FALSE,FALSE,,,,,,,FALSE,,,,,,,,,,,,,FALSE,FALSE,FALSE,,,,,,,,,,,,,,,,,FALSE,,,,ambiguous,low,FALSE,FALSE,,,,,,,,,,,,TRUE,FALSE
ART00220,El Bicentenario como oportunidad: teoría y agenda para nuevos balances y prospectos en América Latina,el bicentenario como oportunidad teoria y agenda para nuevos balances y prospectos en america latina,2010,published,TRUE,"Estudios digital, 23-24",estudios digital 23 24,0328-185X,1852-1568,,GERARDO CAETANO,single_source_row,not_applicable,,1,TRUE,Gerardo Caetano,1,FALSE,FALSE,JRN116,5,FALSE,FALSE,,,,,,,FALSE,,,,,,,,,,,,,FALSE,FALSE,FALSE,,,,,,,,,,,,,,,,,FALSE,,,,,,FALSE,FALSE,,,,,,,,,,,,TRUE,FALSE
ART00221,El Poder Judicial Electrónico en Iberoamérica 2009,el poder judicial electronico en iberoamerica 2009,2010,published,TRUE,Revista de la Facultad de Derecho y Ciencias Sociales,revista de la facultad de derecho y ciencias sociales,0797-0447,,,JOSE MIGUEL BUSQUETS,single_source_row,not_applicable,,1,TRUE,José Busquets,1,FALSE,FALSE,JRN303,,FALSE,FALSE,,,,,,,FALSE,,,,,,,,,,,,,FALSE,FALSE,FALSE,,,,,,,,,,,,,,,,,FALSE,,,,,,FALSE,FALSE,,,,,,,,,,,,TRUE,FALSE
ART00222,El régimen democrático y su legitimidad en América del Sur: actualización del debate,el regimen democratico y su legitimidad en america del sur actualizacion del debate,2010,published,FALSE,Observador On-line,observador on line,,1809-7588,,DANIELA VAIRO,single_source_row,not_applicable,,1,TRUE,Daniela Vairo,1,FALSE,FALSE,JRN207,,FALSE,FALSE,,,,,,,FALSE,,,,,,,,,,,,,FALSE,FALSE,FALSE,,,,,,,,,,,,,,,,,FALSE,,,,,,FALSE,FALSE,,,,,,,,,,,,TRUE,FALSE
ART00223,"El significado político de los Ministerios Sociales en Argentina, Chile y Uruguay",el significado politico de los ministerios sociales en argentina chile y uruguay,2010,published,TRUE,Revista Estado Gobierno y Gestión Pública,revista estado gobierno y gestion publica,,0717-6759,,"MIDAGLIA, C. | CASTILLO, M. | FUENTES, G.",single_source_row,not_applicable,,3,FALSE,Guillermo Fuentes,1,FALSE,FALSE,JRN320,68,FALSE,FALSE,,,,,,,FALSE,,,,,,,,,,,,,FALSE,FALSE,FALSE,,,,,,,,,,,,,,,,,TRUE,"ESTADO, GOBIERNO, GESTIÓN PÚBLICA (EN LÍNEA)",0717-8980,B1,exact_issn,high,FALSE,FALSE,,,,,ambiguous,low,,TRUE,,,,TRUE,FALSE
ART00224,El sistema de salud uruguayo en post dictadura: análisis de la reforma del Frente Amplio y las condiciones que la hicieron posible,el sistema de salud uruguayo en post dictadura analisis de la reforma del frente amplio y las condiciones que la hicieron posible,2010,published,TRUE,Revista Uruguaya de Ciencia Política,revista uruguaya de ciencia politica,,0797-9789,,"FUENTES, G.",single_source_row,not_applicable,,1,TRUE,Guillermo Fuentes,1,FALSE,FALSE,JRN351,61,FALSE,FALSE,,,,,,,FALSE,,,,,,,,,,,ambiguous,low,FALSE,FALSE,FALSE,,,,,,,,,,,,,,,ambiguous,low,TRUE,REVISTA URUGUAYA DE CIENCIA POLITICA,1688-499X,A1,exact_issn,high,TRUE,TRUE,TRUE,FALSE,Revista uruguaya de ciencia política,https://www.latindex.org/latindex/ficha/16727,exact_normalized_name,high,,TRUE,TRUE,,,TRUE,FALSE
ART00225,Homosexualidad y cárceles políticas uruguayas. La homofobia como política de resistencia,homosexualidad y carceles politicas uruguayas la homofobia como politica de resistencia,2010,published,TRUE,Sexualidad Salud y Sociedad (Rio de Janeiro),sexualidad salud y sociedad rio de janeiro,,1984-6487,,DIEGO SEMPOL,single_source_row,not_applicable,,1,TRUE,Diego Sempol,1,FALSE,FALSE,JRN358,20,FALSE,FALSE,,,,,,,FALSE,,,,,,,,,,,,,FALSE,FALSE,FALSE,,,,,,,,,,,,,,,,,TRUE,"SEXUALIDAD, SALUD Y SOCIEDAD (RIO DE JANEIRO)",1984-6487,A1,exact_issn,high,FALSE,FALSE,,,,,,,,TRUE,,,,TRUE,FALSE
ART00226,"Inequidades y Plan de Equidad. Impactos sobre los niveles de indigencia, pobreza y desigualdad",inequidades y plan de equidad impactos sobre los niveles de indigencia pobreza y desigualdad,2010,published,FALSE,Trabajo Social,trabajo social,0797-0226,1688-7891,,RAFAEL TEJERA,single_source_row,not_applicable,,1,TRUE,Rafael Tejera,1,FALSE,FALSE,JRN391,,FALSE,FALSE,,,,,,,FALSE,,,,,,,,,,,,,FALSE,FALSE,FALSE,,,,,,,,,,,,,,,,,FALSE,,,,,,FALSE,FALSE,,,,,,,,,,,,TRUE,FALSE
ART00227,"Izquierdas, política exterior y estrategias de inserción internacional en América del Sur (1999-2009)",izquierdas politica exterior y estrategias de insercion internacional en america del sur 1999 2009,2010,published,TRUE,Confluenze,confluenze,,2036-0967,,GERARDO CAETANO,single_source_row,not_applicable,,1,TRUE,Gerardo Caetano,1,FALSE,FALSE,JRN056,3,TRUE,FALSE,,,,,,,TRUE,21100259514,Confluenze,1271,0.123,Q4,5,Sociology and Political Science,1271,0.123,Q4,exact_issn,high,TRUE,FALSE,TRUE,21100259514,Confluenze,0.2,0.123,0.371,14,36,190,26,1417,1936,26.0% 1417/1936 History,Active,2013-2025,exact_issn,high,TRUE,CONFLUENZE (BOLOGNA),2036-0967,A1,exact_issn,high,FALSE,FALSE,,,,,,,TRUE,TRUE,,FALSE,FALSE,TRUE,FALSE
ART00228,José Mujica como nuevo presidente uruguayo,jose mujica como nuevo presidente uruguayo,2010,published,FALSE,Umbrales,umbrales,1994-4543,1994-9987,,GERARDO CAETANO,single_source_row,not_applicable,,1,TRUE,Gerardo Caetano,1,FALSE,FALSE,JRN396,,FALSE,FALSE,,,,,,,FALSE,,,,,,,,,,,,,FALSE,FALSE,FALSE,,,,,,,,,,,,,,,,,FALSE,,,,,,FALSE,FALSE,,,,,,,,,,,,TRUE,FALSE
ART00229,La nueva legislación educativa en Uruguay: el derecho a la educación como compromiso de políticas,la nueva legislacion educativa en uruguay el derecho a la educacion como compromiso de politicas,2010,published,TRUE,Propuesta Educativa,propuesta educativa,1995-7785,0327-4829,,BENTANCUR NICOLÁS,single_source_row,not_applicable,,1,TRUE,Nicolás Bentancur,1,FALSE,FALSE,JRN251,3,FALSE,FALSE,,,,,,,FALSE,,,,,,,,,,,,,FALSE,FALSE,FALSE,,,,,,,,,,,,,,,,,FALSE,,,,,,FALSE,FALSE,,,,,,,,,,,,TRUE,FALSE
ART00230,La utopía de Tomás Moro: una sociedad disciplinaria,la utopia de tomas moro una sociedad disciplinaria,2010,published,TRUE,Pléyade,pleyade,0718-655X,0719-3696,,GERMÁN BIDEGAIN,single_source_row,not_applicable,,1,TRUE,Germán Bidegain,1,FALSE,FALSE,JRN229,30,FALSE,FALSE,,,,,,,FALSE,,,,,,,,,,,,,FALSE,FALSE,FALSE,,,,,,,,,,,,,,,,,FALSE,,,,,,FALSE,FALSE,,,,,,,,,,,,TRUE,FALSE
ART00231,La violencia bajo la lupa. Una revisión de la literatura sobre violencia y política en los sesenta,la violencia bajo la lupa una revision de la literatura sobre violencia y politica en los sesenta,2010,published,TRUE,Revista Uruguaya de Ciencia Política,revista uruguaya de ciencia politica,,0797-9789,,MARCHESI | YAFFÉ,single_source_row,not_applicable,,2,FALSE,Jaime Yaffé,1,FALSE,FALSE,JRN351,65,FALSE,FALSE,,,,,,,FALSE,,,,,,,,,,,ambiguous,low,FALSE,FALSE,FALSE,,,,,,,,,,,,,,,ambiguous,low,TRUE,REVISTA URUGUAYA DE CIENCIA POLITICA,1688-499X,A1,exact_issn,high,TRUE,TRUE,TRUE,FALSE,Revista uruguaya de ciencia política,https://www.latindex.org/latindex/ficha/16727,exact_normalized_name,high,,TRUE,TRUE,,,TRUE,FALSE
ART00232,Latin American Party Systems book review,latin american party systems book review,2010,published,TRUE,Revista de ciencia política (Santiago),revista de ciencia politica santiago,,0718-090X,,GERMÁN BIDEGAIN | BIDEGAIN RESERVE,single_source_row,not_applicable,,2,FALSE,Germán Bidegain,1,FALSE,FALSE,JRN280,,TRUE,TRUE,5100152922,Revista de Ciencia Politica,79,0.975,Q1,28,TRUE,5100152922,Revista de Ciencia Politica,188,0.975,Q1,28,Political Science and International Relations,79,0.975,Q1,exact_issn,high,TRUE,TRUE,TRUE,5100152922,Revista de Ciencia Politica,3.4,0.975,1.404,79,258,77,77,166,745,77.0% 166/745 Political Science and International Relations,Active,2006-2025; 2002,exact_issn,high,TRUE,REVISTA DE CIENCIA POLÍTICA (SANTIAGO. EN LÍNEA),0718-090X,A1,exact_issn,high,TRUE,TRUE,TRUE,FALSE,Revista de ciencia política,https://www.latindex.org/latindex/ficha/14054,exact_normalized_name,high,TRUE,TRUE,TRUE,TRUE,TRUE,TRUE,FALSE
ART00233,Pobreza y Derechos Humanos. Cambios en la ciudadanía y nuevas democracias en América Latina,pobreza y derechos humanos cambios en la ciudadania y nuevas democracias en america latina,2010,published,FALSE,Revista do Instituto Brasileiro de Direitos Humanos,revista do instituto brasileiro de direitos humanos,1677-1419,,,GERARDO CAETANO,single_source_row,not_applicable,,1,TRUE,Gerardo Caetano,1,FALSE,FALSE,JRN312,8,FALSE,FALSE,,,,,,,FALSE,,,,,,,,,,,,,FALSE,FALSE,FALSE,,,,,,,,,,,,,,,,,FALSE,,,,,,FALSE,FALSE,,,,,,,,,,,,TRUE,FALSE
ART00234,"¿Qué hacer con los sectores medios? Coaliciones sociales, bienestar y socialdemocracia en la periferia capitalista",que hacer con los sectores medios coaliciones sociales bienestar y socialdemocracia en la periferia capitalista,2010,published,FALSE,Nueva Sociedad,nueva sociedad,0251-3552,,,"TRAVERSA, FEDERICO",single_source_row,not_applicable,,1,TRUE,Federico Traversa,1,FALSE,FALSE,JRN205,,FALSE,FALSE,,,,,,,FALSE,,,,,,,,,,,,,FALSE,FALSE,FALSE,,,,,,,,,,,,,,,,,TRUE,NUEVA SOCIEDAD,0251-3552,A1,exact_issn,high,FALSE,FALSE,,,,,,,,TRUE,,,,TRUE,FALSE
ART00235,"Regímenes de acumulación capitalista, un enfoque estructural para analizar la estabilidad de la democracia (1945-2001)",regimenes de acumulacion capitalista un enfoque estructural para analizar la estabilidad de la democracia 1945 2001,2010,published,TRUE,Revista de Ciencia Política (Chile),revista de ciencia politica chile,0716-1417,0718-090X,,"TRAVERSA, FEDERICO",single_source_row,not_applicable,,1,TRUE,Federico Traversa,1,FALSE,FALSE,JRN280,3,TRUE,TRUE,5100152922,Revista de Ciencia Politica,79,0.975,Q1,28,TRUE,5100152922,Revista de Ciencia Politica,188,0.975,Q1,28,Political Science and International Relations,79,0.975,Q1,exact_issn,high,TRUE,TRUE,TRUE,5100152922,Revista de Ciencia Politica,3.4,0.975,1.404,79,258,77,77,166,745,77.0% 166/745 Political Science and International Relations,Active,2006-2025; 2002,exact_issn,high,TRUE,REVISTA DE CIENCIA POLÍTICA (SANTIAGO. EN LÍNEA),0718-090X,A1,exact_issn,high,TRUE,TRUE,TRUE,FALSE,Revista de ciencia política,https://www.latindex.org/latindex/ficha/14054,exact_normalized_name,high,TRUE,TRUE,TRUE,TRUE,TRUE,TRUE,FALSE
ART00236,"Reseña. """"Presidentes y Parlamentos: ¿quién controla la actividad legislativa en América Latina?"""" de Mercedes García Montero",resena presidentes y parlamentos quien controla la actividad legislativa en america latina de mercedes garcia montero,2010,published,TRUE,Revista Española de Investigaciones Sociológicas,revista espanola de investigaciones sociologicas,0210-5233,1988-5903,,"CHASQUETTI, DANIEL",single_source_row,not_applicable,,1,TRUE,Daniel Chasquetti,1,FALSE,FALSE,JRN319,,TRUE,FALSE,,,,,,,TRUE,5600153110,Revista Espanola de Investigaciones Sociologicas,640,0.343,Q2,26,Sociology and Political Science,640,0.343,Q2,exact_issn,high,TRUE,FALSE,TRUE,5600153110,Revista Espanola de Investigaciones Sociologicas,2,0.343,0.835,59,267,136,58,628,1530,58.0% 628/1530 Sociology and Political Science,Active,2008-2026; 1980-1983,exact_issn,high,FALSE,,,,,,TRUE,TRUE,TRUE,FALSE,Revista española de investigaciones sociológicas,https://www.latindex.org/latindex/ficha/15637,exact_normalized_name,high,TRUE,,TRUE,FALSE,TRUE,TRUE,FALSE
ART00237,"Reseña sobre el libro Intellectuals and Left Politics in Uruguay, 1958-2006 de Stephen Gregory",resena sobre el libro intellectuals and left politics in uruguay 1958 2006 de stephen gregory,2010,published,FALSE,Contemporánea,contemporanea,1688-7638,1688-9746,,"GARCÉ, A.",single_source_row,not_applicable,,1,TRUE,Adolfo Garcé,1,FALSE,FALSE,JRN060,,FALSE,FALSE,,,,,,,FALSE,,,,,,,,,,,,,FALSE,FALSE,FALSE,,,,,,,,,,,,,,,,,FALSE,,,,ambiguous,low,FALSE,FALSE,,,,,,,,,,,,TRUE,FALSE
ART00238,Revisionismos e izquierdas en Uruguay y Argentina,revisionismos e izquierdas en uruguay y argentina,2010,published,TRUE,Revista Uruguaya de Ciencia Política,revista uruguaya de ciencia politica,,0797-9789,,"RILLA, JOSÉ",single_source_row,not_applicable,,1,TRUE,José Rilla,1,FALSE,FALSE,JRN351,14,FALSE,FALSE,,,,,,,FALSE,,,,,,,,,,,ambiguous,low,FALSE,FALSE,FALSE,,,,,,,,,,,,,,,ambiguous,low,TRUE,REVISTA URUGUAYA DE CIENCIA POLITICA,1688-499X,A1,exact_issn,high,TRUE,TRUE,TRUE,FALSE,Revista uruguaya de ciencia política,https://www.latindex.org/latindex/ficha/16727,exact_normalized_name,high,,TRUE,TRUE,,,TRUE,FALSE
ART00239,Una resignificación proteica. Trayectorias del concepto,una resignificacion proteica trayectorias del concepto,2010,published,TRUE,"Alcores, N° 9",alcores n 9,1886-8770,2990-2908,,GERARDO CAETANO,single_source_row,not_applicable,,1,TRUE,Gerardo Caetano,1,FALSE,FALSE,JRN010,,FALSE,FALSE,,,,,,,FALSE,,,,,,,,,,,,,FALSE,FALSE,FALSE,,,,,,,,,,,,,,,,,FALSE,,,,,,FALSE,FALSE,,,,,,,,,,,,TRUE,FALSE
ART00240,Uruguay 2009: De Tabaré Vázquez a José Mujica,uruguay 2009 de tabare vazquez a jose mujica,2010,published,TRUE,,,,,,"GARCÉ, A.",single_source_row,not_applicable,,1,TRUE,Adolfo Garcé,1,FALSE,FALSE,,53,,,,,,,,,,,,,,,,,,,,,,,,,,,,,,,,,,,,,,,,,,,,,,,,,,,,,,,,,,,,TRUE,FALSE
ART00241,“A propósito de las complejas relaciones entre Historia y memoria: el horizonte democrático y los requerimientos de una nueva “orquestación del tiempo””,a proposito de las complejas relaciones entre historia y memoria el horizonte democratico y los requerimientos de una nueva orquestacion del tiempo,2011,published,TRUE,Boletín del Instituto de Historia Argentina y Americana Dr Emilio Ravignani,boletin del instituto de historia argentina y americana dr emilio ravignani,0524-9767,1850-2563,,GERARDO CAETANO,single_source_row,not_applicable,,1,TRUE,Gerardo Caetano,1,FALSE,FALSE,JRN035,1,FALSE,FALSE,,,,,,,FALSE,,,,,,,,,,,,,FALSE,FALSE,FALSE,,,,,,,,,,,,,,,,,FALSE,,,,,,FALSE,FALSE,,,,,,,,,,,,TRUE,FALSE
ART00242,Beyond governance theories: a Latin American Perspective,beyond governance theories a latin american perspective,2011,published,TRUE,Policy and Society,policy and society,1449-4035,1839-3373,,ZURBRIGGEN,single_source_row,not_applicable,,1,TRUE,Cristina Zurbriggen,1,FALSE,FALSE,JRN232,,TRUE,TRUE,5700168564,Policy and Society,40,1.442,Q1,70,TRUE,5700168564,Policy and Society,95,1.442,Q1,70,Political Science and International Relations,40,1.442,Q1,exact_issn,high,TRUE,TRUE,TRUE,5700168564,Policy and Society,13.6,1.442,2.446,87,1922,141,99,2,745,99.0% 2/745 Political Science and International Relations,Active,2008-2026; 2002-2003,exact_issn,high,TRUE,POLICY AND SOCIETY,1449-4035,A1,exact_issn,high,FALSE,FALSE,,,,,,,TRUE,TRUE,,TRUE,TRUE,TRUE,FALSE
ART00243,Ciudadanía y Elecciones en el Uruguay Contemporáneo (2009-2010),ciudadania y elecciones en el uruguay contemporaneo 2009 2010,2011,published,TRUE,"Temas y Debates, N° 21",temas y debates n 21,1666-0714,1853-984X,,GERARDO CAETANO,single_source_row,not_applicable,,1,TRUE,Gerardo Caetano,1,FALSE,FALSE,JRN379,5,FALSE,FALSE,,,,,,,FALSE,,,,,,,,,,,,,FALSE,FALSE,FALSE,,,,,,,,,,,,,,,,,TRUE,TD. TEMAS Y DEBATES (ROSARIO),1666-0714,A2,exact_issn,high,FALSE,FALSE,,,,,,,,TRUE,,,,TRUE,FALSE
ART00244,El Poder Judicial uruguayo en perspectiva comparada,el poder judicial uruguayo en perspectiva comparada,2011,published,FALSE,Espacio Abierto,espacio abierto,0334-6950,,,JOSE MIGUEL BUSQUETS,single_source_row,not_applicable,,1,TRUE,José Busquets,1,FALSE,FALSE,JRN111,0,FALSE,FALSE,,,,,,,FALSE,,,,,,,,,,,,,FALSE,FALSE,FALSE,,,,,,,,,,,,,,,,,FALSE,,,,ambiguous,low,FALSE,FALSE,,,,,,,,,,,,TRUE,FALSE
ART00245,El secreto del éxito: presidentes y cárteles legislativos en Uruguay (1995-2010),el secreto del exito presidentes y carteles legislativos en uruguay 1995 2010,2011,published,TRUE,Revista Uruguaya de Ciencia Política,revista uruguaya de ciencia politica,,0797-9789,,"CHASQUETTI, DANIEL",single_source_row,not_applicable,,1,TRUE,Daniel Chasquetti,1,FALSE,FALSE,JRN351,53,FALSE,FALSE,,,,,,,FALSE,,,,,,,,,,,ambiguous,low,FALSE,FALSE,FALSE,,,,,,,,,,,,,,,ambiguous,low,TRUE,REVISTA URUGUAYA DE CIENCIA POLITICA,1688-499X,A1,exact_issn,high,TRUE,TRUE,TRUE,FALSE,Revista uruguaya de ciencia política,https://www.latindex.org/latindex/ficha/16727,exact_normalized_name,high,,TRUE,TRUE,,,TRUE,FALSE
ART00246,"El Significado Político de los Ministerios Sociales en Argentina, Chile y Uruguay",el significado politico de los ministerios sociales en argentina chile y uruguay,2011,published,TRUE,Revista Estado Gobierno y Gestión Pública,revista estado gobierno y gestion publica,,0717-6759,,CARMEN MIDAGLIA | CASTILLO M. | GUILLERM FUENTES,single_source_row,not_applicable,,3,FALSE,Carmen Midaglia,1,FALSE,FALSE,JRN320,,FALSE,FALSE,,,,,,,FALSE,,,,,,,,,,,,,FALSE,FALSE,FALSE,,,,,,,,,,,,,,,,,TRUE,"ESTADO, GOBIERNO, GESTIÓN PÚBLICA (EN LÍNEA)",0717-8980,B1,exact_issn,high,FALSE,FALSE,,,,,ambiguous,low,,TRUE,,,,TRUE,FALSE
ART00247,Elaboración de un Índice de Estatus Socioeconómico aplicando el modelo de Rasch en muestras representativas de escuelas en tres regiones de América Latina,elaboracion de un indice de estatus socioeconomico aplicando el modelo de rasch en muestras representativas de escuelas en tres regiones de america latina,2011,published,TRUE,Revista Latinoamericana de Estudios Educativos,revista latinoamericana de estudios educativos,0185-1284,,,"HARETCHE, C.",single_source_row,not_applicable,,1,TRUE,Carmen Haretche,1,FALSE,FALSE,JRN336,,FALSE,FALSE,,,,,,,FALSE,,,,,,,,,,,,,FALSE,FALSE,FALSE,,,,,,,,,,,,,,,,,FALSE,,,,,,FALSE,FALSE,,,,,,,,,,,,TRUE,FALSE
ART00248,Gobernanza una mirada desde América Latina,gobernanza una mirada desde america latina,2011,published,TRUE,Perfiles Latinoamericanos,perfiles latinoamericanos,0188-7653,2309-4982,,ZURBRIGGEN,single_source_row,not_applicable,,1,TRUE,Cristina Zurbriggen,1,FALSE,FALSE,JRN226,,TRUE,FALSE,,,,,,,TRUE,5600153356,Perfiles Latinoamericanos,941,0.203,Q3,16,Sociology and Political Science,941,0.203,Q3,exact_issn,high,TRUE,FALSE,TRUE,5600153356,Perfiles Latinoamericanos,0.9,0.203,0.769,39,100,112,36,977,1530,36.0% 977/1530 Sociology and Political Science,Active,2008-2026,exact_issn,high,FALSE,,,,,,FALSE,FALSE,,,,,,,TRUE,,,FALSE,FALSE,TRUE,FALSE
ART00249,Ideologías políticas y adaptación partidaria: el caso del MLN-Tupamaros (1985-2009),ideologias politicas y adaptacion partidaria el caso del mln tupamaros 1985 2009,2011,published,TRUE,Revista de Ciencia Política (Chile),revista de ciencia politica chile,0716-1417,0718-090X,,"GARCÉ, A.",single_source_row,not_applicable,,1,TRUE,Adolfo Garcé,1,FALSE,FALSE,JRN280,37,TRUE,TRUE,5100152922,Revista de Ciencia Politica,79,0.975,Q1,28,TRUE,5100152922,Revista de Ciencia Politica,188,0.975,Q1,28,Political Science and International Relations,79,0.975,Q1,exact_issn,high,TRUE,TRUE,TRUE,5100152922,Revista de Ciencia Politica,3.4,0.975,1.404,79,258,77,77,166,745,77.0% 166/745 Political Science and International Relations,Active,2006-2025; 2002,exact_issn,high,TRUE,REVISTA DE CIENCIA POLÍTICA (SANTIAGO. EN LÍNEA),0718-090X,A1,exact_issn,high,TRUE,TRUE,TRUE,FALSE,Revista de ciencia política,https://www.latindex.org/latindex/ficha/14054,exact_normalized_name,high,TRUE,TRUE,TRUE,TRUE,TRUE,TRUE,FALSE
ART00250,Inclusión educativa y gobiernos progresistas en el Cono Sur: una mirada al contenido de programas seleccionados (2005-2010),inclusion educativa y gobiernos progresistas en el cono sur una mirada al contenido de programas seleccionados 2005 2010,2011,published,TRUE,Políticas Educativas,politicas educativas,,1982-3207,,MARÍA ESTER MANCEBO | COAUTORA,single_source_row,not_applicable,,2,FALSE,María Ester Mancebo,1,FALSE,FALSE,JRN241,22,FALSE,FALSE,,,,,,,FALSE,,,,,,,,,,,,,FALSE,FALSE,FALSE,,,,,,,,,,,,,,,,,TRUE,POLÍTICAS EDUCATIVAS,1982-3207,A4,exact_issn,high,FALSE,FALSE,,,,,,,,TRUE,,,,TRUE,FALSE
ART00251,Independencias”,independencias,2011,published,TRUE,Crítica Contemporánea,critica contemporanea,,1688-7840,,GERARDO CAETANO,single_source_row,not_applicable,,1,TRUE,Gerardo Caetano,1,FALSE,FALSE,JRN063,,FALSE,FALSE,,,,,,,FALSE,,,,,,,,,,,,,FALSE,FALSE,FALSE,,,,,,,,,,,,,,,,,FALSE,,,,,,FALSE,FALSE,,,,,,,,,,,,TRUE,FALSE
ART00252,Investigación y políticas públicas: Planes de desarrollo en Uruguay en tiempos de la Alianza para el Progreso,investigacion y politicas publicas planes de desarrollo en uruguay en tiempos de la alianza para el progreso,2011,published,TRUE,Contemporánea,contemporanea,1688-7638,1688-9746,,"GARCÉ, A.",single_source_row,not_applicable,,1,TRUE,Adolfo Garcé,1,FALSE,FALSE,JRN060,23,FALSE,FALSE,,,,,,,FALSE,,,,,,,,,,,,,FALSE,FALSE,FALSE,,,,,,,,,,,,,,,,,FALSE,,,,ambiguous,low,FALSE,FALSE,,,,,,,,,,,,TRUE,FALSE
ART00253,José Vasconcellos y su paso por el Uruguay de los años 20,jose vasconcellos y su paso por el uruguay de los anos 20,2011,published,TRUE,"Secuencia, N° 80",secuencia n 80,0186-0348,2395-8464,,GERARDO CAETANO,single_source_row,not_applicable,,1,TRUE,Gerardo Caetano,1,FALSE,FALSE,JRN357,,TRUE,FALSE,,,,,,,TRUE,19400157126,Secuencia,1253,0.127,Q4,6,Sociology and Political Science,1253,0.127,Q4,exact_issn,high,TRUE,FALSE,TRUE,19400157126,Secuencia,0.3,0.127,0.77,20,49,155,44,1075,1936,44.0% 1075/1936 History,Active,2016-2026; 2001-2002; 1989; 1987,exact_issn,high,TRUE,SECUENCIA,2395-8464,A1,exact_issn,high,FALSE,FALSE,,,,,,,TRUE,TRUE,,FALSE,FALSE,TRUE,FALSE
ART00254,La enseñanza de políticas públicas por medio de un juego de rol. Análisis de experiencias en la Facultad de Ciencias Sociales de la Universidad de la República (Uruguay) 2010-2011,la ensenanza de politicas publicas por medio de un juego de rol analisis de experiencias en la facultad de ciencias sociales de la universidad de la republica uruguay 2010 2011,2011,published,TRUE,Revista Estado Gobierno y Gestión Pública,revista estado gobierno y gestion publica,,0717-6759,10.5354/0717-8980.2011.17927,BENTANCUR NICOLÁS,single_source_row,not_applicable,,1,TRUE,Nicolás Bentancur,1,FALSE,FALSE,JRN320,4,FALSE,FALSE,,,,,,,FALSE,,,,,,,,,,,,,FALSE,FALSE,FALSE,,,,,,,,,,,,,,,,,TRUE,"ESTADO, GOBIERNO, GESTIÓN PÚBLICA (EN LÍNEA)",0717-8980,B1,exact_issn,high,FALSE,FALSE,,,,,ambiguous,low,,TRUE,,,,TRUE,FALSE
ART00255,La otra revolución. Sobre la obra de Tulio Halperin Donghi,la otra revolucion sobre la obra de tulio halperin donghi,2011,published,TRUE,Prismas - Revista de historia intelectual,prismas revista de historia intelectual,1666-1508,1852-0499,,"RILLA, JOSÉ",single_source_row,not_applicable,,1,TRUE,José Rilla,1,FALSE,FALSE,JRN248,,FALSE,FALSE,,,,,,,FALSE,,,,,,,,,,,,,FALSE,FALSE,FALSE,,,,,,,,,,,,,,,,,TRUE,PRISMAS,1852-0499,A1,exact_issn,high,FALSE,FALSE,,,,,,,,TRUE,,,,TRUE,FALSE
ART00256,"La reconceptualización política de la voz """"democracia"""" en Iberoamérica antes y después de las Independencias.",la reconceptualizacion politica de la voz democracia en iberoamerica antes y despues de las independencias,2011,published,TRUE,Crítica Contemporánea,critica contemporanea,,1688-7840,,GERARDO CAETANO,single_source_row,not_applicable,,1,TRUE,Gerardo Caetano,1,FALSE,FALSE,JRN063,13,FALSE,FALSE,,,,,,,FALSE,,,,,,,,,,,,,FALSE,FALSE,FALSE,,,,,,,,,,,,,,,,,FALSE,,,,,,FALSE,FALSE,,,,,,,,,,,,TRUE,FALSE
ART00257,La reforma electoral de 1996 en Uruguay. Un análisis desde la narrativa analítica,la reforma electoral de 1996 en uruguay un analisis desde la narrativa analitica,2011,published,TRUE,Cultural,cultural,,1852-4508,,"LUJÁN, DIEGO Papeles de Trabajo Centro de Estudios Interdisciplinarios en Etnolingüística y Antropología Socio-",single_source_row,not_applicable,,1,TRUE,Diego Luján,1,FALSE,FALSE,JRN077,8,FALSE,FALSE,,,,,,,FALSE,,,,,,,,,,,,,FALSE,FALSE,FALSE,,,,,,,,,,,,,,,,,FALSE,,,,,,FALSE,FALSE,,,,,,,,,,,,TRUE,FALSE
ART00258,La utilidad del análisis de las redes de políticas públicas,la utilidad del analisis de las redes de politicas publicas,2011,published,TRUE,Argumentos Estudios críticos de la sociedad,argumentos estudios criticos de la sociedad,0187-5795,,,ZURBRIGGEN,single_source_row,not_applicable,,1,TRUE,Cristina Zurbriggen,1,FALSE,FALSE,JRN026,,FALSE,FALSE,,,,,,,FALSE,,,,,,,,,,,,,FALSE,FALSE,FALSE,,,,,,,,,,,,,,,,,FALSE,,,,,,FALSE,FALSE,,,,,,,,,,,,TRUE,FALSE
ART00259,Las claves del éxito de Mujica en las presidenciales uruguayas de 2009,las claves del exito de mujica en las presidenciales uruguayas de 2009,2011,published,TRUE,Revista Debates,revista debates,2236-479X,1982-5269,10.22456/1982-5269.21017,"JOSÉ RAÚL RODRÍGUEZ | VAIRO, DANIELA | José Raul Rodríguez Pinho",doi_propagated_by_title_year_journal,high,,3,FALSE,Daniela Vairo | José Raul Rodríguez Pinho,2,TRUE,FALSE,JRN307,6,FALSE,FALSE,,,,,,,FALSE,,,,,,,,,,,,,FALSE,FALSE,FALSE,,,,,,,,,,,,,,,,,FALSE,,,,conflict,low,FALSE,FALSE,,,,,,,,,,,,TRUE,FALSE
ART00260,Los archivos represivos en los procesos de,los archivos represivos en los procesos de,2011,published,TRUE,"Perfiles Latinoamericanos, N° 37, - 32",perfiles latinoamericanos n 37 32,0188-7653,2309-4982,,GERARDO CAETANO,single_source_row,not_applicable,,1,TRUE,Gerardo Caetano,1,FALSE,FALSE,JRN226,,TRUE,FALSE,,,,,,,TRUE,5600153356,Perfiles Latinoamericanos,941,0.203,Q3,16,Sociology and Political Science,941,0.203,Q3,exact_issn,high,TRUE,FALSE,TRUE,5600153356,Perfiles Latinoamericanos,0.9,0.203,0.769,39,100,112,36,977,1530,36.0% 977/1530 Sociology and Political Science,Active,2008-2026,exact_issn,high,FALSE,,,,,,FALSE,FALSE,,,,,,,TRUE,,,FALSE,FALSE,TRUE,FALSE
ART00261,"Muchas dudas, algunas certezas y escaso entusiasmo. Las elecciones municipales 2010 en Uruguay.",muchas dudas algunas certezas y escaso entusiasmo las elecciones municipales 2010 en uruguay,2011,published,TRUE,Revista Uruguaya de Ciencia Política,revista uruguaya de ciencia politica,,0797-9789,,ANTONIO CARDARELLO,single_source_row,not_applicable,,1,TRUE,Antonio Cardarello,1,FALSE,FALSE,JRN351,33,FALSE,FALSE,,,,,,,FALSE,,,,,,,,,,,ambiguous,low,FALSE,FALSE,FALSE,,,,,,,,,,,,,,,ambiguous,low,TRUE,REVISTA URUGUAYA DE CIENCIA POLITICA,1688-499X,A1,exact_issn,high,TRUE,TRUE,TRUE,FALSE,Revista uruguaya de ciencia política,https://www.latindex.org/latindex/ficha/16727,exact_normalized_name,high,,TRUE,TRUE,,,TRUE,FALSE
ART00262,"Multi-pillared social insurance systems: The post-reform picture in Chile, Uruguay and Brazil",multi pillared social insurance systems the post reform picture in chile uruguay and brazil,2011,published,TRUE,International Social Security Review,international social security review,0020-871X,1468-246X,,"ANTÍA, FLORENCIA | PROVASI LANZARA, ARNALDO",single_source_row,not_applicable,,2,FALSE,Florencia Antía,1,FALSE,FALSE,JRN166,18,TRUE,FALSE,,,,,,,TRUE,18165,International Social Security Review,571,0.385,Q2,36,Sociology and Political Science,571,0.385,Q2,exact_issn,high,TRUE,FALSE,TRUE,18165,International Social Security Review,2.5,0.385,0.927,65,186,74,66,514,1530,66.0% 514/1530 Sociology and Political Science,Active,1967-2026,exact_issn,high,FALSE,,,,,,FALSE,FALSE,,,,,,,TRUE,,,FALSE,TRUE,TRUE,FALSE
ART00263,Participación electoral en las elecciones primarias en Uruguay,participacion electoral en las elecciones primarias en uruguay,2011,published,TRUE,Revista Debates,revista debates,,1982-5269,,"BUQUET, D | PIÑEIRO, R",single_source_row,not_applicable,,2,FALSE,Daniel Buquet,1,FALSE,FALSE,JRN307,36,FALSE,FALSE,,,,,,,FALSE,,,,,,,,,,,,,FALSE,FALSE,FALSE,,,,,,,,,,,,,,,,,FALSE,,,,conflict,low,FALSE,FALSE,,,,,,,,,,,,TRUE,FALSE
ART00264,Políticas sociales y desarrollo. Los desafíos para las izquierdas de Chile y Uruguay,politicas sociales y desarrollo los desafios para las izquierdas de chile y uruguay,2011,published,FALSE,Cuadernos del pensamiento latinoamericano,cuadernos del pensamiento latinoamericano,0717-0999,,,"ANTÍA, FLORENCIA",single_source_row,not_applicable,,1,TRUE,Florencia Antía,1,FALSE,FALSE,JRN074,12,FALSE,FALSE,,,,,,,FALSE,,,,,,,,,,,,,FALSE,FALSE,FALSE,,,,,,,,,,,,,,,,,FALSE,,,,,,FALSE,FALSE,,,,,,,,,,,,TRUE,FALSE
ART00265,Reseña de libro de De Giorgi,resena de libro de de giorgi,2011,published,TRUE,Revista Uruguaya de Ciencia Política,revista uruguaya de ciencia politica,,0797-9789,,MARÍA ESTER MANCEBO,single_source_row,not_applicable,,1,TRUE,María Ester Mancebo,1,FALSE,FALSE,JRN351,,FALSE,FALSE,,,,,,,FALSE,,,,,,,,,,,ambiguous,low,FALSE,FALSE,FALSE,,,,,,,,,,,,,,,ambiguous,low,TRUE,REVISTA URUGUAYA DE CIENCIA POLITICA,1688-499X,A1,exact_issn,high,TRUE,TRUE,TRUE,FALSE,Revista uruguaya de ciencia política,https://www.latindex.org/latindex/ficha/16727,exact_normalized_name,high,,TRUE,TRUE,,,TRUE,FALSE
ART00266,"reseña de Reforma del Estado y políticas públicas de la Administración Vázquez: acumulaciones, conflictos y desafíos",resena de reforma del estado y politicas publicas de la administracion vazquez acumulaciones conflictos y desafios,2011,published,TRUE,Revista Uruguaya de Ciencia Política,revista uruguaya de ciencia politica,,0797-9789,,GERMÁN BIDEGAIN,single_source_row,not_applicable,,1,TRUE,Germán Bidegain,1,FALSE,FALSE,JRN351,,FALSE,FALSE,,,,,,,FALSE,,,,,,,,,,,ambiguous,low,FALSE,FALSE,FALSE,,,,,,,,,,,,,,,ambiguous,low,TRUE,REVISTA URUGUAYA DE CIENCIA POLITICA,1688-499X,A1,exact_issn,high,TRUE,TRUE,TRUE,FALSE,Revista uruguaya de ciencia política,https://www.latindex.org/latindex/ficha/16727,exact_normalized_name,high,,TRUE,TRUE,,,TRUE,FALSE
ART00267,“A cien años de la muerte del barón de Rio Branco”,a cien anos de la muerte del baron de rio branco,2012,published,TRUE,Cuadernos del CLAEH,cuadernos del claeh,,0797-6062,,GERARDO CAETANO,single_source_row,not_applicable,,1,TRUE,Gerardo Caetano,1,FALSE,FALSE,JRN073,,FALSE,FALSE,,,,,,,FALSE,,,,,,,,,,,,,FALSE,FALSE,FALSE,,,,,,,,,,,,,,,,,FALSE,,,,,,FALSE,FALSE,,,,,,,,,,,,TRUE,FALSE
ART00268,“A propósito de las políticas de ciudad en Uruguay: la ciudad batllista y algunos ecos contemporáneos”,a proposito de las politicas de ciudad en uruguay la ciudad batllista y algunos ecos contemporaneos,2012,published,FALSE,"Revista de la Facultad de la Arquitectura, Diseño y Urbanismo",revista de la facultad de la arquitectura diseno y urbanismo,0797-9703,1688-9703,,GERARDO CAETANO,single_source_row,not_applicable,,1,TRUE,Gerardo Caetano,1,FALSE,FALSE,JRN304,,FALSE,FALSE,,,,,,,FALSE,,,,,,,,,,,,,FALSE,FALSE,FALSE,,,,,,,,,,,,,,,,,FALSE,,,,,,FALSE,FALSE,,,,,,,,,,,,TRUE,FALSE
ART00269,"Aporte para una topografía de las políticas educativas en Uruguay: instituciones, ideas y actores",aporte para una topografia de las politicas educativas en uruguay instituciones ideas y actores,2012,published,TRUE,Revista Uruguaya de Ciencia Política,revista uruguaya de ciencia politica,,0797-9789,,BENTANCUR NICOLÁS,single_source_row,not_applicable,,1,TRUE,Nicolás Bentancur,1,FALSE,FALSE,JRN351,67,FALSE,FALSE,,,,,,,FALSE,,,,,,,,,,,ambiguous,low,FALSE,FALSE,FALSE,,,,,,,,,,,,,,,ambiguous,low,TRUE,REVISTA URUGUAYA DE CIENCIA POLITICA,1688-499X,A1,exact_issn,high,TRUE,TRUE,TRUE,FALSE,Revista uruguaya de ciencia política,https://www.latindex.org/latindex/ficha/16727,exact_normalized_name,high,,TRUE,TRUE,,,TRUE,FALSE
ART00270,Apuntes para la caracterización del trabajo interdisciplinario en la Universidad de la República (Uruguay),apuntes para la caracterizacion del trabajo interdisciplinario en la universidad de la republica uruguay,2012,published,TRUE,Revista Digital Universitaria,revista digital universitaria,,1607-6079,,"CRUZ, P. | REPETTO, LORENA | VIENNI, B. | AGUIAR, X.",single_source_row,not_applicable,,4,FALSE,Lorena Repetto,1,FALSE,FALSE,JRN311,23,FALSE,FALSE,,,,,,,FALSE,,,,,,,,,,,,,FALSE,FALSE,FALSE,,,,,,,,,,,,,,,,,FALSE,,,,,,FALSE,FALSE,,,,,,,,,,,,TRUE,FALSE
ART00271,Apuntes sobre la independencia judicial,apuntes sobre la independencia judicial,2012,published,FALSE,Espacio Abierto,espacio abierto,0334-6950,,,JOSE MIGUEL BUSQUETS,single_source_row,not_applicable,,1,TRUE,José Busquets,1,FALSE,FALSE,JRN111,0,FALSE,FALSE,,,,,,,FALSE,,,,,,,,,,,,,FALSE,FALSE,FALSE,,,,,,,,,,,,,,,,,FALSE,,,,ambiguous,low,FALSE,FALSE,,,,,,,,,,,,TRUE,FALSE
ART00272,Camaradas y compañeros,camaradas y companeros,2012,published,FALSE,Revista Uruguaya de Ciencia Política,revista uruguaya de ciencia politica,,0797-9789,,YAFFÉ,single_source_row,not_applicable,,1,TRUE,Jaime Yaffé,1,FALSE,FALSE,JRN351,,FALSE,FALSE,,,,,,,FALSE,,,,,,,,,,,ambiguous,low,FALSE,FALSE,FALSE,,,,,,,,,,,,,,,ambiguous,low,TRUE,REVISTA URUGUAYA DE CIENCIA POLITICA,1688-499X,A1,exact_issn,high,TRUE,TRUE,TRUE,FALSE,Revista uruguaya de ciencia política,https://www.latindex.org/latindex/ficha/16727,exact_normalized_name,high,,TRUE,TRUE,,,TRUE,FALSE
ART00273,Cambios certezas e incertidumbres: elecciones departamentales y municipales 2010 (reseña),cambios certezas e incertidumbres elecciones departamentales y municipales 2010 resena,2012,published,FALSE,RECSO,recso,1688-7727,1688-6682,,"BUQUET, D",single_source_row,not_applicable,,1,TRUE,Daniel Buquet,1,FALSE,FALSE,JRN258,,FALSE,FALSE,,,,,,,FALSE,,,,,,,,,,,,,FALSE,FALSE,FALSE,,,,,,,,,,,,,,,,,FALSE,,,,,,FALSE,FALSE,,,,,,,,,,,,TRUE,FALSE
ART00274,Corruption and politics in Uruguay: from particularism to universalism,corruption and politics in uruguay from particularism to universalism,2012,published,TRUE,Studies of Changing Societies,studies of changing societies,,2225-2215,,"DANIELA VAIRO | DANIEL BUQUET | SELIOS, LUCIA | RAFAEL PIÑEIRO RODRIGUEZ | RICHARD SALVAT",exact_title_year_journal,high,,5,FALSE,Daniel Buquet | Daniela Vairo,2,TRUE,FALSE,JRN372,0,FALSE,FALSE,,,,,,,FALSE,,,,,,,,,,,,,FALSE,FALSE,FALSE,,,,,,,,,,,,,,,,,FALSE,,,,,,FALSE,FALSE,,,,,,,,,,,,TRUE,FALSE
ART00275,De las emulfiestas y contramarchas al abajo todos los muros. La Unión de Juventudes Comunistas entre la renovación y la crisis (1985-1991),de las emulfiestas y contramarchas al abajo todos los muros la union de juventudes comunistas entre la renovacion y la crisis 1985 1991,2012,published,TRUE,Encuentros Latinoamericanos,encuentros latinoamericanos,,1688-437X,,DE GIORGI,single_source_row,not_applicable,,1,TRUE,Ana Laura de Giorgi,1,FALSE,FALSE,JRN104,5,FALSE,FALSE,,,,,,,FALSE,,,,,,,,,,,,,FALSE,FALSE,FALSE,,,,,,,,,,,,,,,,,FALSE,,,,,,FALSE,FALSE,,,,,,,,,,,,TRUE,FALSE
ART00276,Democracia en Uruguay. Historia reciente y desafíos,democracia en uruguay historia reciente y desafios,2012,published,TRUE,Desafíos,desafios,0124-4035,2145-5112,,GERARDO CAETANO,single_source_row,not_applicable,,1,TRUE,Gerardo Caetano,1,FALSE,FALSE,JRN084,3,FALSE,FALSE,,,,,,,FALSE,,,,,,,,,,,,,FALSE,FALSE,FALSE,,,,,,,,,,,,,,,,,TRUE,DESAFÍOS (ONLINE),2145-5112,A1,exact_issn,high,TRUE,TRUE,TRUE,TRUE,Desafíos,https://www.latindex.org/latindex/ficha/5705,exact_normalized_name,high,,TRUE,TRUE,,,TRUE,FALSE
ART00277,"Descentralización, financiamiento y gobernanza educativa en Chile y Uruguay",descentralizacion financiamiento y gobernanza educativa en chile y uruguay,2012,published,TRUE,Revista Uruguaya de Ciencia Política,revista uruguaya de ciencia politica,,0797-9789,,MARÍA ESTER MANCEBO,single_source_row,not_applicable,,1,TRUE,María Ester Mancebo,1,FALSE,FALSE,JRN351,31,FALSE,FALSE,,,,,,,FALSE,,,,,,,,,,,ambiguous,low,FALSE,FALSE,FALSE,,,,,,,,,,,,,,,ambiguous,low,TRUE,REVISTA URUGUAYA DE CIENCIA POLITICA,1688-499X,A1,exact_issn,high,TRUE,TRUE,TRUE,FALSE,Revista uruguaya de ciencia política,https://www.latindex.org/latindex/ficha/16727,exact_normalized_name,high,,TRUE,TRUE,,,TRUE,FALSE
ART00278,Direct Democracy Worldwide (reseña),direct democracy worldwide resena,2012,published,TRUE,Política y Gobierno,politica y gobierno,1405-1060,1665-2037,,"BUQUET, D",single_source_row,not_applicable,,1,TRUE,Daniel Buquet,1,FALSE,FALSE,JRN239,,TRUE,TRUE,19600165500,Politica y Gobierno,579,0.136,Q4,17,FALSE,,,,,,,Political Science and International Relations,579,0.136,Q4,exact_issn,high,TRUE,TRUE,FALSE,19600165500,Politica y Gobierno,1.3,0.136,0.306,43,59,46,47,393,745,47.0% 393/745 Political Science and International Relations,Active,2005-2026; 2000-2003,exact_issn,high,TRUE,POLITICA Y GOBIERNO,1665-2037,A1,exact_issn,high,FALSE,FALSE,,,,,,,TRUE,TRUE,,FALSE,FALSE,TRUE,FALSE
ART00279,Uruguay: ¿Dónde está el piloto? A dos años de gobierno del Presidente Mujica (2010-2011),uruguay donde esta el piloto a dos anos de gobierno del presidente mujica 2010 2011,2012,published,TRUE,Revista de Ciencia Política (Chile),revista de ciencia politica chile,0716-1417,0718-090X,,"LUJÁN, DIEGO | ALEJANDRO GUEDES | JUAN ANDRÉS MORAES",fuzzy_title_year_journal_authors,high,,3,FALSE,Diego Luján | Juan Andrés Moraes,2,TRUE,FALSE,JRN280,11,TRUE,TRUE,5100152922,Revista de Ciencia Politica,79,0.975,Q1,28,TRUE,5100152922,Revista de Ciencia Politica,188,0.975,Q1,28,Political Science and International Relations,79,0.975,Q1,exact_issn,high,TRUE,TRUE,TRUE,5100152922,Revista de Ciencia Politica,3.4,0.975,1.404,79,258,77,77,166,745,77.0% 166/745 Political Science and International Relations,Active,2006-2025; 2002,exact_issn,high,TRUE,REVISTA DE CIENCIA POLÍTICA (SANTIAGO. EN LÍNEA),0718-090X,A1,exact_issn,high,TRUE,TRUE,TRUE,FALSE,Revista de ciencia política,https://www.latindex.org/latindex/ficha/14054,exact_normalized_name,high,TRUE,TRUE,TRUE,TRUE,TRUE,TRUE,FALSE
ART00280,"El """"consenso de los perdedores"""" y la legitimidad de la democracia en América del Sur",el consenso de los perdedores y la legitimidad de la democracia en america del sur,2012,published,TRUE,Política y Gobierno,politica y gobierno,1405-1060,1665-2037,,DANIELA VAIRO,single_source_row,not_applicable,,1,TRUE,Daniela Vairo,1,FALSE,FALSE,JRN239,32,TRUE,TRUE,19600165500,Politica y Gobierno,579,0.136,Q4,17,FALSE,,,,,,,Political Science and International Relations,579,0.136,Q4,exact_issn,high,TRUE,TRUE,FALSE,19600165500,Politica y Gobierno,1.3,0.136,0.306,43,59,46,47,393,745,47.0% 393/745 Political Science and International Relations,Active,2005-2026; 2000-2003,exact_issn,high,TRUE,POLITICA Y GOBIERNO,1665-2037,A1,exact_issn,high,FALSE,FALSE,,,,,,,TRUE,TRUE,,FALSE,FALSE,TRUE,FALSE
ART00281,EL desarrollo de la Ciencia Política en Uruguay,el desarrollo de la ciencia politica en uruguay,2012,published,TRUE,Revista Política,revista politica,,0716-1077,,"BUQUET, D",single_source_row,not_applicable,,1,TRUE,Daniel Buquet,1,FALSE,FALSE,JRN346,52,FALSE,FALSE,,,,,,,FALSE,,,,,,,,,,,,,FALSE,FALSE,FALSE,,,,,,,,,,,,,,,,,FALSE,,,,conflict,low,FALSE,FALSE,,,,,,,,,,,,TRUE,FALSE
ART00282,"El desarrollo de la Ciencia Política en Uruguay (1989-2009): Temas, teorías y metodologías",el desarrollo de la ciencia politica en uruguay 1989 2009 temas teorias y metodologias,2012,published,TRUE,Revista Uruguaya de Ciencia Política,revista uruguaya de ciencia politica,,0797-9789,,ROCHA-CARPIUC,single_source_row,not_applicable,,1,TRUE,Cecilia Rocha-Carpiuc,1,FALSE,FALSE,JRN351,,FALSE,FALSE,,,,,,,FALSE,,,,,,,,,,,ambiguous,low,FALSE,FALSE,FALSE,,,,,,,,,,,,,,,ambiguous,low,TRUE,REVISTA URUGUAYA DE CIENCIA POLITICA,1688-499X,A1,exact_issn,high,TRUE,TRUE,TRUE,FALSE,Revista uruguaya de ciencia política,https://www.latindex.org/latindex/ficha/16727,exact_normalized_name,high,,TRUE,TRUE,,,TRUE,FALSE
ART00283,El Estado post-desarrollista,el estado post desarrollista,2012,published,FALSE,,,,,,ZURBRIGGEN,single_source_row,not_applicable,"A systematic journal placeholder/misalignment was corrected only where local URL, volume, pages or CV notes corroborated the replacement; otherwise journal metadata was left missing.",1,TRUE,Cristina Zurbriggen,1,FALSE,FALSE,,,,,,,,,,,,,,,,,,,,,,,,,,,,,,,,,,,,,,,,,,,,,,,,,,,,,,,,,,,,,,TRUE,FALSE
ART00284,“El irresistible anhelo de inmortalidad. Los gobernadores y la reelección inmediata en Argentina (1983-2007)«,el irresistible anhelo de inmortalidad los gobernadores y la reeleccion inmediata en argentina 1983 2007,2012,published,TRUE,REVISTA SAAP,revista saap,1666-7883,1853-1970,,ANTONIO CARDARELLO,single_source_row,not_applicable,,1,TRUE,Antonio Cardarello,1,FALSE,FALSE,JRN349,60,FALSE,FALSE,,,,,,,FALSE,,,,,,,,,,,,,FALSE,FALSE,FALSE,,,,,,,,,,,,,,,,,FALSE,,,,conflict,low,TRUE,TRUE,TRUE,FALSE,Revista SAAP,https://www.latindex.org/latindex/ficha/16554,exact_normalized_name,high,,,TRUE,,,TRUE,FALSE
ART00285,"El Poder Judicial Electrónico en Iberoamérica, 2011",el poder judicial electronico en iberoamerica 2011,2012,published,TRUE,Democracia Digital e Governo Eletrônico,democracia digital e governo eletronico,,2175-9391,,JOSE MIGUEL BUSQUETS,single_source_row,not_applicable,,1,TRUE,José Busquets,1,FALSE,FALSE,JRN080,4,FALSE,FALSE,,,,,,,FALSE,,,,,,,,,,,,,FALSE,FALSE,FALSE,,,,,,,,,,,,,,,,,FALSE,,,,,,FALSE,FALSE,,,,,,,,,,,,TRUE,FALSE
ART00286,El proceso de negociación de la reforma de la seguidad social en Uruguay,el proceso de negociacion de la reforma de la seguidad social en uruguay,2012,published,TRUE,Revista Uruguaya de Ciencia Política,revista uruguaya de ciencia politica,,0797-9789,,JOSE MIGUEL BUSQUETS,single_source_row,not_applicable,,1,TRUE,José Busquets,1,FALSE,FALSE,JRN351,0,FALSE,FALSE,,,,,,,FALSE,,,,,,,,,,,ambiguous,low,FALSE,FALSE,FALSE,,,,,,,,,,,,,,,ambiguous,low,TRUE,REVISTA URUGUAYA DE CIENCIA POLITICA,1688-499X,A1,exact_issn,high,TRUE,TRUE,TRUE,FALSE,Revista uruguaya de ciencia política,https://www.latindex.org/latindex/ficha/16727,exact_normalized_name,high,,TRUE,TRUE,,,TRUE,FALSE
ART00287,El viejo partido socialista y los origenes de la nueva izquierda,el viejo partido socialista y los origenes de la nueva izquierda,2012,published,TRUE,Contemporánea,contemporanea,1688-7638,1688-9746,,YAFFÉ,single_source_row,not_applicable,,1,TRUE,Jaime Yaffé,1,FALSE,FALSE,JRN060,,FALSE,FALSE,,,,,,,FALSE,,,,,,,,,,,,,FALSE,FALSE,FALSE,,,,,,,,,,,,,,,,,FALSE,,,,ambiguous,low,FALSE,FALSE,,,,,,,,,,,,TRUE,FALSE
ART00288,Elecciones 2009 en Uruguay: permanencia de lealtades políticas y accountability electoral,elecciones 2009 en uruguay permanencia de lealtades politicas y accountability electoral,2012,published,TRUE,Opinião Pública,opiniao publica,,1807-0191,,"DANIELA VAIRO | SELIOS, LUCIA",single_source_row,not_applicable,,2,FALSE,Daniela Vairo,1,FALSE,FALSE,JRN213,22,TRUE,FALSE,,,,,,,TRUE,5100154603,Opiniao Publica,445,0.52,Q2,25,Sociology and Political Science,445,0.52,Q2,exact_issn,high,TRUE,FALSE,TRUE,5100154603,Opiniao Publica,1.5,0.52,1.294,44,148,97,51,736,1530,51.0% 736/1530 Sociology and Political Science,Active,2006-2026,exact_issn,high,TRUE,OPINIÃO PÚBLICA,1807-0191,A1,exact_issn,high,FALSE,FALSE,,,,,,,TRUE,TRUE,,FALSE,TRUE,TRUE,FALSE
ART00289,Elecciones y democracia en América Latina,elecciones y democracia en america latina,2012,published,FALSE,Revista de Derecho Electoral,revista de derecho electoral,1995-2945,,,"BUQUET, D",single_source_row,not_applicable,,1,TRUE,Daniel Buquet,1,FALSE,FALSE,JRN283,,FALSE,FALSE,,,,,,,FALSE,,,,,,,,,,,,,FALSE,FALSE,FALSE,,,,,,,,,,,,,,,,,FALSE,,,,,,TRUE,TRUE,TRUE,FALSE,Revista de Derecho Electoral,https://www.latindex.org/latindex/ficha/14210,exact_normalized_name,high,,,TRUE,,,TRUE,FALSE
ART00290,En torno a la democracia. Perspectivas situadas Norte-Sur,en torno a la democracia perspectivas situadas norte sur,2012,published,TRUE,REVISTA SAAP,revista saap,1666-7883,1853-1970,,"LUJÁN, DIEGO",single_source_row,not_applicable,,1,TRUE,Diego Luján,1,FALSE,FALSE,JRN349,0,FALSE,FALSE,,,,,,,FALSE,,,,,,,,,,,,,FALSE,FALSE,FALSE,,,,,,,,,,,,,,,,,FALSE,,,,conflict,low,TRUE,TRUE,TRUE,FALSE,Revista SAAP,https://www.latindex.org/latindex/ficha/16554,exact_normalized_name,high,,,TRUE,,,TRUE,FALSE
ART00291,Factions With Clout: Presidential Cabinet Coalition and Policy in the Uruguayan Parliament,factions with clout presidential cabinet coalition and policy in the uruguayan parliament,2012,published,TRUE,Party Politics,party politics,1354-0688,1460-3683,10.1177/1354068810377460,MORAES | ERIC MAGAR,single_source_row,not_applicable,,2,FALSE,Juan Andrés Moraes,1,FALSE,FALSE,JRN220,36,TRUE,FALSE,,,,,,,TRUE,67863,Party Politics,55,1.93,Q1,98,Sociology and Political Science,55,1.93,Q1,exact_issn,high,TRUE,FALSE,TRUE,67863,Party Politics,6.2,1.93,1.968,86,2149,348,90,140,1530,90.0% 140/1530 Sociology and Political Science,Active,1995-2026,exact_issn,high,TRUE,PARTY POLITICS,1354-0688,A1,exact_issn,high,FALSE,FALSE,,,,,,,TRUE,TRUE,,TRUE,TRUE,TRUE,FALSE
ART00292,Homenaje a la corrección y a quienes la protagonizan,homenaje a la correccion y a quienes la protagonizan,2012,published,FALSE,Revista de la Academia Nacional de Letras,revista de la academia nacional de letras,1688-3543,,,GERARDO CAETANO,single_source_row,not_applicable,,1,TRUE,Gerardo Caetano,1,FALSE,FALSE,JRN298,,FALSE,FALSE,,,,,,,FALSE,,,,,,,,,,,,,FALSE,FALSE,FALSE,,,,,,,,,,,,,,,,,FALSE,,,,,,FALSE,FALSE,,,,,,,,,,,,TRUE,FALSE
ART00293,"La centralidad de la política era algo que queríamos en el presente... (con Romeo Pérez y Gerardo Caetano, entrevista de BRuno, Duffau, Ferrerira)",la centralidad de la politica era algo que queriamos en el presente con romeo perez y gerardo caetano entrevista de bruno duffau ferrerira,2012,published,FALSE,Contemporánea,contemporanea,1688-7638,1688-9746,,"RILLA, JOSÉ | CAETANO- PÉREZ ANTÓN",single_source_row,not_applicable,,2,FALSE,José Rilla,1,FALSE,FALSE,JRN060,,FALSE,FALSE,,,,,,,FALSE,,,,,,,,,,,,,FALSE,FALSE,FALSE,,,,,,,,,,,,,,,,,FALSE,,,,ambiguous,low,FALSE,FALSE,,,,,,,,,,,,TRUE,FALSE
ART00294,"La cuestión de la democracia en los discursos y prácticas de los comunistas uruguayos, desde la fundación del PCU al Gobierno del Frente Amplio.",la cuestion de la democracia en los discursos y practicas de los comunistas uruguayos desde la fundacion del pcu al gobierno del frente amplio,2012,published,TRUE,Naveg mérica Revista electrónica editada por la Asociación Española de Americanistas,naveg merica revista electronica editada por la asociacion espanola de americanistas,,1989-211X,,DE GIORGI | Adolfo Garcé | Federico Lanza,exact_title_year_journal,high,,3,FALSE,Ana Laura de Giorgi | Adolfo Garcé,2,TRUE,FALSE,JRN200,1,FALSE,FALSE,,,,,,,FALSE,,,,,,,,,,,,,FALSE,FALSE,FALSE,,,,,,,,,,,,,,,,,FALSE,,,,,,FALSE,FALSE,,,,,,,,,,,,TRUE,FALSE
ART00295,La dictadura uruguaya (1973-1985): nuevas perspectivas de investigación e interpretación historiográfica,la dictadura uruguaya 1973 1985 nuevas perspectivas de investigacion e interpretacion historiografica,2012,published,TRUE,Estudos Ibero-Americanos,estudos ibero americanos,0101-4064,1980-864X,,YAFFÉ,single_source_row,not_applicable,,1,TRUE,Jaime Yaffé,1,FALSE,FALSE,JRN122,52,FALSE,FALSE,,,,,,,FALSE,,,,,,,,,,,,,FALSE,FALSE,FALSE,,,,,,,,,,,,,,,,,FALSE,,,,conflict,low,FALSE,FALSE,,,,,,,,,,,,TRUE,FALSE
ART00296,La exclusión educativa en los países del Cono Sur: aproximación conceptual y dimensionamiento,la exclusion educativa en los paises del cono sur aproximacion conceptual y dimensionamiento,2012,published,TRUE,Revista de Ciencias Sociales,revista de ciencias sociales,0797-5538,1688-4981,,MARÍA ESTER MANCEBO | COAUTORA,single_source_row,not_applicable,,2,FALSE,María Ester Mancebo,1,FALSE,FALSE,JRN281,29,FALSE,FALSE,,,,,,,FALSE,,,,,,,,,,,,,FALSE,FALSE,FALSE,,,,,,,,,,,,,,,,,TRUE,REVISTA DE CIENCIAS SOCIALES,1688-4981,A2,exact_issn,high,TRUE,TRUE,TRUE,FALSE,Revista de ciencias sociales - Universidad del Zulia. Facultad de Ciencias Económicas y Sociales,https://www.latindex.org/latindex/ficha/14132,exact_normalized_name,high,,TRUE,TRUE,,,TRUE,FALSE
ART00297,La justicia uruguaya: un enfoque político,la justicia uruguaya un enfoque politico,2012,published,FALSE,Espacio Abierto. Revista del CIEJ-AFJU,espacio abierto revista del ciej afju,1688-5953,,,CONSTANZA MOREIRA,single_source_row,not_applicable,,1,TRUE,Constanza Moreira,1,FALSE,FALSE,JRN112,,FALSE,FALSE,,,,,,,FALSE,,,,,,,,,,,,,FALSE,FALSE,FALSE,,,,,,,,,,,,,,,,,TRUE,ESPACIO ABIERTO (MONTEVIDEO),1688-5953,B3,exact_issn,high,FALSE,FALSE,,,,,,,,TRUE,,,,TRUE,FALSE
ART00298,La transición democrática uruguaya: caricatura homofóbica y movimientos homosexuales,la transicion democratica uruguaya caricatura homofobica y movimientos homosexuales,2012,published,TRUE,deSignis,designis,1578-4223,2462-7259,,DIEGO SEMPOL,single_source_row,not_applicable,,1,TRUE,Diego Sempol,1,FALSE,FALSE,JRN088,4,FALSE,FALSE,,,,,,,FALSE,,,,,,,,,,,,,FALSE,FALSE,FALSE,,,,,,,,,,,,,,,,,FALSE,,,,,,FALSE,FALSE,,,,,,,,,,,,TRUE,FALSE
ART00299,Los impactos de la crisis en la cooperación española: desafío y oportunidades. Reflexiones desde América Latina,los impactos de la crisis en la cooperacion espanola desafio y oportunidades reflexiones desde america latina,2012,published,FALSE,Tiempo de Paz,tiempo de paz,0212-8926,2254-6685,,"LÓPEZ, CAMILO | FITTIPALDI, MARTÍN | DAGUERRE, JUAN",single_source_row,not_applicable,,3,FALSE,Camilo López,1,FALSE,FALSE,JRN389,2,FALSE,FALSE,,,,,,,FALSE,,,,,,,,,,,,,FALSE,FALSE,FALSE,,,,,,,,,,,,,,,,,FALSE,,,,,,FALSE,FALSE,,,,,,,,,,,,TRUE,FALSE
ART00300,¿Mujeres en los márgenes?: sistemas de comisiones y poder de asignación en el Parlamento uruguayo,mujeres en los margenes sistemas de comisiones y poder de asignacion en el parlamento uruguayo,2012,published,TRUE,Revista de Ciencia Política (Chile),revista de ciencia politica chile,0716-1417,0718-090X,,"CHASQUETTI, DANIEL | PÉREZ HORVATH, VERÓNICA | Verónica Pérez Bentancur",fuzzy_title_year_journal_authors,high,,3,FALSE,Daniel Chasquetti | Verónica Pérez Bentancur,2,TRUE,FALSE,JRN280,42,TRUE,TRUE,5100152922,Revista de Ciencia Politica,79,0.975,Q1,28,TRUE,5100152922,Revista de Ciencia Politica,188,0.975,Q1,28,Political Science and International Relations,79,0.975,Q1,exact_issn,high,TRUE,TRUE,TRUE,5100152922,Revista de Ciencia Politica,3.4,0.975,1.404,79,258,77,77,166,745,77.0% 166/745 Political Science and International Relations,Active,2006-2025; 2002,exact_issn,high,TRUE,REVISTA DE CIENCIA POLÍTICA (SANTIAGO. EN LÍNEA),0718-090X,A1,exact_issn,high,TRUE,TRUE,TRUE,FALSE,Revista de ciencia política,https://www.latindex.org/latindex/ficha/14054,exact_normalized_name,high,TRUE,TRUE,TRUE,TRUE,TRUE,TRUE,FALSE
ART00301,Parlamento re-activo. De cómo partidos poderosos habitan en una legislatura con potestades recortadas,parlamento re activo de como partidos poderosos habitan en una legislatura con potestades recortadas,2012,published,TRUE,POSTData. Revista de Reflexión y Análisis Político,postdata revista de reflexion y analisis politico,1515-209X,1851-9601,,"CHASQUETTI, DANIEL",single_source_row,not_applicable,,1,TRUE,Daniel Chasquetti,1,FALSE,FALSE,JRN245,6,FALSE,FALSE,,,,,,,FALSE,,,,,,,,,,,,,FALSE,FALSE,FALSE,,,,,,,,,,,,,,,,,FALSE,,,,,,FALSE,FALSE,,,,,,,,,,,,TRUE,FALSE
ART00302,"Políticas educativas en tiempos de cambio. Actores, programas e instituciones en Uruguay y la región",politicas educativas en tiempos de cambio actores programas e instituciones en uruguay y la region,2012,published,TRUE,Revista Uruguaya de Ciencia Política,revista uruguaya de ciencia politica,,0797-9789,,MARIA ESTER MANCEBO | BENTANCUR NICOLÁS,single_source_row,not_applicable,,2,FALSE,Nicolás Bentancur,1,FALSE,FALSE,JRN351,57,FALSE,FALSE,,,,,,,FALSE,,,,,,,,,,,ambiguous,low,FALSE,FALSE,FALSE,,,,,,,,,,,,,,,ambiguous,low,TRUE,REVISTA URUGUAYA DE CIENCIA POLITICA,1688-499X,A1,exact_issn,high,TRUE,TRUE,TRUE,FALSE,Revista uruguaya de ciencia política,https://www.latindex.org/latindex/ficha/16727,exact_normalized_name,high,,TRUE,TRUE,,,TRUE,FALSE
ART00303,Presentación del volumen temático «Políticas educativas en tiempos de cambio«,presentacion del volumen tematico politicas educativas en tiempos de cambio,2012,published,FALSE,Revista Uruguaya de Ciencia Política,revista uruguaya de ciencia politica,,0797-9789,,MARÍA ESTER MANCEBO | COAUTOR,single_source_row,not_applicable,,2,FALSE,María Ester Mancebo,1,FALSE,FALSE,JRN351,,FALSE,FALSE,,,,,,,FALSE,,,,,,,,,,,ambiguous,low,FALSE,FALSE,FALSE,,,,,,,,,,,,,,,ambiguous,low,TRUE,REVISTA URUGUAYA DE CIENCIA POLITICA,1688-499X,A1,exact_issn,high,TRUE,TRUE,TRUE,FALSE,Revista uruguaya de ciencia política,https://www.latindex.org/latindex/ficha/16727,exact_normalized_name,high,,TRUE,TRUE,,,TRUE,FALSE
ART00304,"Reseña """"La política en tiempos de los Kirchners"""" de Miguel De Luca y Andrés Malamud",resena la politica en tiempos de los kirchners de miguel de luca y andres malamud,2012,published,TRUE,Revista Uruguaya de Ciencia Política,revista uruguaya de ciencia politica,,0797-9789,,"CHASQUETTI, DANIEL",single_source_row,not_applicable,,1,TRUE,Daniel Chasquetti,1,FALSE,FALSE,JRN351,,FALSE,FALSE,,,,,,,FALSE,,,,,,,,,,,ambiguous,low,FALSE,FALSE,FALSE,,,,,,,,,,,,,,,ambiguous,low,TRUE,REVISTA URUGUAYA DE CIENCIA POLITICA,1688-499X,A1,exact_issn,high,TRUE,TRUE,TRUE,FALSE,Revista uruguaya de ciencia política,https://www.latindex.org/latindex/ficha/16727,exact_normalized_name,high,,TRUE,TRUE,,,TRUE,FALSE
ART00305,Un balance crítico de los programas sociales en América Latina. Entre el liberalismo y el retorno del Estado,un balance critico de los programas sociales en america latina entre el liberalismo y el retorno del estado,2012,published,FALSE,Nueva Sociedad,nueva sociedad,0251-3552,,,CARMEN MIDAGLIA,single_source_row,not_applicable,,1,TRUE,Carmen Midaglia,1,FALSE,FALSE,JRN205,,FALSE,FALSE,,,,,,,FALSE,,,,,,,,,,,,,FALSE,FALSE,FALSE,,,,,,,,,,,,,,,,,TRUE,NUEVA SOCIEDAD,0251-3552,A1,exact_issn,high,FALSE,FALSE,,,,,,,,TRUE,,,,TRUE,FALSE
ART00306,“Uruguay y la perspectiva sudamericana”,uruguay y la perspectiva sudamericana,2012,published,FALSE,,,,,,GERARDO CAETANO,single_source_row,not_applicable,"A systematic journal placeholder/misalignment was corrected only where local URL, volume, pages or CV notes corroborated the replacement; otherwise journal metadata was left missing.",1,TRUE,Gerardo Caetano,1,FALSE,FALSE,,,,,,,,,,,,,,,,,,,,,,,,,,,,,,,,,,,,,,,,,,,,,,,,,,,,,,,,,,,,,,TRUE,FALSE
ART00307,"Vania Markarian, el 68 uruguayo (reseña)",vania markarian el 68 uruguayo resena,2012,published,TRUE,Contemporánea,contemporanea,1688-7638,1688-9746,,"RILLA, JOSÉ",single_source_row,not_applicable,,1,TRUE,José Rilla,1,FALSE,FALSE,JRN060,,FALSE,FALSE,,,,,,,FALSE,,,,,,,,,,,,,FALSE,FALSE,FALSE,,,,,,,,,,,,,,,,,FALSE,,,,ambiguous,low,FALSE,FALSE,,,,,,,,,,,,TRUE,FALSE
ART00308,“A esquerda política e a distribución do benestar en Uruguai”,a esquerda politica e a distribucion do benestar en uruguai,2013,published,TRUE,Tempo Exterior,tempo exterior,1579-6582,2340-3497,,CARMEN MIDAGLIA | CASTILLO M. | GUILLERM FUENTES,exact_title_year_journal,high,"Peer-review flag differed across CV occurrences; TRUE retained and conflict documented. A systematic journal placeholder/misalignment was corrected only where local URL, volume, pages or CV notes corroborated the replacement; otherwise journal metadata was left missing.",3,FALSE,Guillermo Fuentes | Carmen Midaglia,2,TRUE,FALSE,JRN381,3,FALSE,FALSE,,,,,,,FALSE,,,,,,,,,,,,,FALSE,FALSE,FALSE,,,,,,,,,,,,,,,,,TRUE,TEMPO EXTERIOR,1579-6582,A3,exact_issn,high,FALSE,FALSE,,,,,,,,TRUE,,,,TRUE,FALSE
ART00309,Barrán y la historia reciente,barran y la historia reciente,2013,published,FALSE,Deslindes - Revista de la Biblioteca Nacional,deslindes revista de la biblioteca nacional,0797-6402,,,MARKARIAN | YAFFÉ,single_source_row,not_applicable,,2,FALSE,Jaime Yaffé,1,FALSE,FALSE,JRN089,2,FALSE,FALSE,,,,,,,FALSE,,,,,,,,,,,,,FALSE,FALSE,FALSE,,,,,,,,,,,,,,,,,FALSE,,,,,,FALSE,FALSE,,,,,,,,,,,,TRUE,FALSE
ART00310,Cabinets and Legislative Cartels in Uruguay: Examining the Legislative Consequences of Government Formation,cabinets and legislative cartels in uruguay examining the legislative consequences of government formation,2013,published,TRUE,Journal of Politics in Latin America,journal of politics in latin america,1866-802X,1868-4890,,"CHASQUETTI, DANIEL",single_source_row,not_applicable,,1,TRUE,Daniel Chasquetti,1,FALSE,FALSE,JRN177,19,TRUE,TRUE,19900191425,Journal of Politics in Latin America,90,0.927,Q1,21,TRUE,19900191425,Journal of Politics in Latin America,201,0.927,Q1,21,Political Science and International Relations,90,0.927,Q1,exact_issn,high,TRUE,TRUE,TRUE,19900191425,Journal of Politics in Latin America,2.8,0.927,1.501,62,187,66,72,203,745,72.0% 203/745 Political Science and International Relations,Active,2015-2026,exact_issn,high,FALSE,,,,conflict,low,FALSE,FALSE,,,,,,,TRUE,,,TRUE,TRUE,TRUE,FALSE
ART00311,Cambios y continuidades de la izquierda en Uruguay: un análisis a partir de las propuestas programáticas del Frente Amplio (1971-2009,cambios y continuidades de la izquierda en uruguay un analisis a partir de las propuestas programaticas del frente amplio 1971 2009,2013,published,TRUE,Revista Uruguaya de Ciencia Política,revista uruguaya de ciencia politica,,0797-9789,,VERÓNICA PÉREZ | MIGUEL LORENZONI | Verónica Pérez Bentancur,single_source_row,not_applicable,,3,FALSE,Verónica Pérez Bentancur,1,FALSE,FALSE,JRN351,45,FALSE,FALSE,,,,,,,FALSE,,,,,,,,,,,ambiguous,low,FALSE,FALSE,FALSE,,,,,,,,,,,,,,,ambiguous,low,TRUE,REVISTA URUGUAYA DE CIENCIA POLITICA,1688-499X,A1,exact_issn,high,TRUE,TRUE,TRUE,FALSE,Revista uruguaya de ciencia política,https://www.latindex.org/latindex/ficha/16727,exact_normalized_name,high,,TRUE,TRUE,,,TRUE,FALSE
ART00312,Capacidades institucionales de los gobiernos departamentales en Uruguay en el marco de la descentralización fiscal. Un análisis de tres gobiernos frenteamplistas,capacidades institucionales de los gobiernos departamentales en uruguay en el marco de la descentralizacion fiscal un analisis de tres gobiernos frenteamplistas,2013,published,TRUE,Revista Perspectivas de Políticas Públicas,revista perspectivas de politicas publicas,,2362-2105,,MARTÍN FREIGEDO,single_source_row,not_applicable,,1,TRUE,Martín Freigedo,1,FALSE,FALSE,JRN344,,FALSE,FALSE,,,,,,,FALSE,,,,,,,,,,,,,FALSE,FALSE,FALSE,,,,,,,,,,,,,,,,,FALSE,,,,,,FALSE,FALSE,,,,,,,,,,,,TRUE,FALSE
ART00313,Capacity building for local coastal managers: a participatory approach for integrated coastal and marine zones management in Uruguay,capacity building for local coastal managers a participatory approach for integrated coastal and marine zones management in uruguay,2013,published,TRUE,Revista de Gestão Costeira Integrada,revista de gestao costeira integrada,,1646-8872,,"RAFAEL TEJERA | Luciana Echevarría, Alberto Gómez, Clara Piriz, Cristina Quintas, Rafael Tejera, Daniel Conde | Daniel Conde | Alberto GÓMEZ | Clara Piriz | Cristina Quintas",single_source_row,not_applicable,,6,FALSE,Rafael Tejera,1,FALSE,FALSE,JRN292,,FALSE,FALSE,,,,,,,FALSE,,,,,,,,,,,,,FALSE,FALSE,FALSE,,,,,,,,,,,,,,,,,FALSE,,,,,,FALSE,FALSE,,,,,,,,,,,,TRUE,FALSE
ART00314,Competencia interna y adaptación partidaria en el Frente Amplio de Uruguay,competencia interna y adaptacion partidaria en el frente amplio de uruguay,2013,published,TRUE,Perfiles Latinoamericanos,perfiles latinoamericanos,0188-7653,2309-4982,,YAFFÉ,single_source_row,not_applicable,,1,TRUE,Jaime Yaffé,1,FALSE,FALSE,JRN226,33,TRUE,FALSE,,,,,,,TRUE,5600153356,Perfiles Latinoamericanos,941,0.203,Q3,16,Sociology and Political Science,941,0.203,Q3,exact_issn,high,TRUE,FALSE,TRUE,5600153356,Perfiles Latinoamericanos,0.9,0.203,0.769,39,100,112,36,977,1530,36.0% 977/1530 Sociology and Political Science,Active,2008-2026,exact_issn,high,FALSE,,,,,,FALSE,FALSE,,,,,,,TRUE,,,FALSE,FALSE,TRUE,FALSE
ART00315,Compilación Revista Uruguaya de Ciencia Política Vol 22 No 1-Introducción y Compilación,compilacion revista uruguaya de ciencia politica vol 22 no 1 introduccion y compilacion,2013,published,TRUE,Revista Uruguaya de Ciencia Política,revista uruguaya de ciencia politica,,0797-9789,,CARMEN MIDAGLIA | GUILLERM FUENTES,single_source_row,not_applicable,,2,FALSE,Carmen Midaglia,1,FALSE,FALSE,JRN351,,FALSE,FALSE,,,,,,,FALSE,,,,,,,,,,,ambiguous,low,FALSE,FALSE,FALSE,,,,,,,,,,,,,,,ambiguous,low,TRUE,REVISTA URUGUAYA DE CIENCIA POLITICA,1688-499X,A1,exact_issn,high,TRUE,TRUE,TRUE,FALSE,Revista uruguaya de ciencia política,https://www.latindex.org/latindex/ficha/16727,exact_normalized_name,high,,TRUE,TRUE,,,TRUE,FALSE
ART00316,"Consolidación y transformación partidaria. Institucionalización, liderazgo y capacidad de adaptación en el Frente Amplio de Uruguay",consolidacion y transformacion partidaria institucionalizacion liderazgo y capacidad de adaptacion en el frente amplio de uruguay,2013,published,TRUE,Iberoamericana,iberoamericana,1577-3388,2255-520X,,YAFFÉ,single_source_row,not_applicable,,1,TRUE,Jaime Yaffé,1,FALSE,FALSE,JRN150,12,FALSE,FALSE,,,,,,,FALSE,,,,,,,,,,,,,FALSE,FALSE,FALSE,,,,,,,,,,,,,,,,,FALSE,,,,conflict,low,TRUE,TRUE,TRUE,FALSE,Iberoamericana,https://www.latindex.org/latindex/ficha/22814,exact_normalized_name,high,,,TRUE,,,TRUE,FALSE
ART00317,"Culturas políticas rivales en la izquierda uruguaya de los sesenta Jerarquía, autoridad y disciplina en comunistas, socialistas y tupamaros",culturas politicas rivales en la izquierda uruguaya de los sesenta jerarquia autoridad y disciplina en comunistas socialistas y tupamaros,2013,published,TRUE,,,,,,DE GIORGI,single_source_row,not_applicable,,1,TRUE,Ana Laura de Giorgi,1,FALSE,FALSE,,9,,,,,,,,,,,,,,,,,,,,,,,,,,,,,,,,,,,,,,,,,,,,,,,,,,,,,,,,,,,,TRUE,FALSE
ART00318,Dime quién eres y te diré que tan igualitario/a eres: valores de género e implicancias para la participación política en Uruguay,dime quien eres y te dire que tan igualitario a eres valores de genero e implicancias para la participacion politica en uruguay,2013,published,TRUE,Revista Debates,revista debates,2236-479X,1982-5269,,DANIELA VAIRO | VERÓNICA PÉREZ,single_source_row,not_applicable,,2,FALSE,Daniela Vairo,1,FALSE,FALSE,JRN307,4,FALSE,FALSE,,,,,,,FALSE,,,,,,,,,,,,,FALSE,FALSE,FALSE,,,,,,,,,,,,,,,,,FALSE,,,,conflict,low,FALSE,FALSE,,,,,,,,,,,,TRUE,FALSE
ART00319,"Educación, trabajo y nuevas desigualdades. Hacia una economía política del conocimiento para el capitalismo contemporáneo.",educacion trabajo y nuevas desigualdades hacia una economia politica del conocimiento para el capitalismo contemporaneo,2013,published,FALSE,Nueva Sociedad,nueva sociedad,0251-3552,,,"TRAVERSA, FEDERICO",single_source_row,not_applicable,,1,TRUE,Federico Traversa,1,FALSE,FALSE,JRN205,14,FALSE,FALSE,,,,,,,FALSE,,,,,,,,,,,,,FALSE,FALSE,FALSE,,,,,,,,,,,,,,,,,TRUE,NUEVA SOCIEDAD,0251-3552,A1,exact_issn,high,FALSE,FALSE,,,,,,,,TRUE,,,,TRUE,FALSE
ART00320,El concepto “democracia” en el lenguaje político iberoamericano (1770-1870).,el concepto democracia en el lenguaje politico iberoamericano 1770 1870,2013,published,TRUE,Bicentenario,bicentenario,0717-7747,,,GERARDO CAETANO,single_source_row,not_applicable,,1,TRUE,Gerardo Caetano,1,FALSE,FALSE,JRN031,,FALSE,FALSE,,,,,,,FALSE,,,,,,,,,,,,,FALSE,FALSE,FALSE,,,,,,,,,,,,,,,,,FALSE,,,,,,FALSE,FALSE,,,,,,,,,,,,TRUE,FALSE
ART00321,El poder judicial electrónico en Iberoamérica en el 2011 y 2013: estado del arte,el poder judicial electronico en iberoamerica en el 2011 y 2013 estado del arte,2013,published,TRUE,Democracia Digital e Governo Eletrônico,democracia digital e governo eletronico,,2175-9391,,JOSE MIGUEL BUSQUETS,single_source_row,not_applicable,,1,TRUE,José Busquets,1,FALSE,FALSE,JRN080,3,FALSE,FALSE,,,,,,,FALSE,,,,,,,,,,,,,FALSE,FALSE,FALSE,,,,,,,,,,,,,,,,,FALSE,,,,,,FALSE,FALSE,,,,,,,,,,,,TRUE,FALSE
ART00322,"“El próximo Barrán. Recuerdos, ideas, hipótesis”",el proximo barran recuerdos ideas hipotesis,2013,published,FALSE,Deslindes - Revista de la Biblioteca Nacional,deslindes revista de la biblioteca nacional,0797-6402,,,GERARDO CAETANO,single_source_row,not_applicable,,1,TRUE,Gerardo Caetano,1,FALSE,FALSE,JRN089,1,FALSE,FALSE,,,,,,,FALSE,,,,,,,,,,,,,FALSE,FALSE,FALSE,,,,,,,,,,,,,,,,,FALSE,,,,,,FALSE,FALSE,,,,,,,,,,,,TRUE,FALSE
ART00323,"Estudio comparado del Poder Judicial Electrónico en Iberoamérica, 2013",estudio comparado del poder judicial electronico en iberoamerica 2013,2013,published,TRUE,Revista de la Facultad de Derecho,revista de la facultad de derecho,0797-8316,2301-0665,,JOSE MIGUEL BUSQUETS,single_source_row,not_applicable,,1,TRUE,José Busquets,1,FALSE,FALSE,JRN301,0,FALSE,FALSE,,,,,,,FALSE,,,,,,,,,,,,,FALSE,FALSE,FALSE,,,,,,,,,,,,,,,,,FALSE,,,,ambiguous,low,FALSE,FALSE,,,,,,,,,,,,TRUE,FALSE
ART00324,Evidencia y análisis de la evolución del Poder Judicial Electrónico en Uruguay (2009-2013),evidencia y analisis de la evolucion del poder judicial electronico en uruguay 2009 2013,2013,published,FALSE,Espacio Abierto,espacio abierto,0334-6950,,,JOSE MIGUEL BUSQUETS,single_source_row,not_applicable,,1,TRUE,José Busquets,1,FALSE,FALSE,JRN111,0,FALSE,FALSE,,,,,,,FALSE,,,,,,,,,,,,,FALSE,FALSE,FALSE,,,,,,,,,,,,,,,,,FALSE,,,,ambiguous,low,FALSE,FALSE,,,,,,,,,,,,TRUE,FALSE
ART00325,Filosofía y política en Uruguay: Carlos Vaz Ferreira y la promoción del “republicanismo liberal”,filosofia y politica en uruguay carlos vaz ferreira y la promocion del republicanismo liberal,2013,published,TRUE,Prismas - Revista de historia intelectual,prismas revista de historia intelectual,1666-1508,1852-0499,,GERARDO CAETANO,single_source_row,not_applicable,,1,TRUE,Gerardo Caetano,1,FALSE,FALSE,JRN248,4,FALSE,FALSE,,,,,,,FALSE,,,,,,,,,,,,,FALSE,FALSE,FALSE,,,,,,,,,,,,,,,,,TRUE,PRISMAS,1852-0499,A1,exact_issn,high,FALSE,FALSE,,,,,,,,TRUE,,,,TRUE,FALSE
ART00326,Gobernanza y diseño institucional: marco conceptual y análisis de caso (Regulación y gobierno del sistema educativo en Uruguay),gobernanza y diseno institucional marco conceptual y analisis de caso regulacion y gobierno del sistema educativo en uruguay,2013,published,TRUE,Revista Internacional de Investigación en Ciencias Sociales,revista internacional de investigacion en ciencias sociales,,2226-4000,,BENTANCUR NICOLÁS,single_source_row,not_applicable,,1,TRUE,Nicolás Bentancur,1,FALSE,FALSE,JRN333,15,FALSE,FALSE,,,,,,,FALSE,,,,,,,,,,,,,FALSE,FALSE,FALSE,,,,,,,,,,,,,,,,,FALSE,,,,,,FALSE,FALSE,,,,,,,,,,,,TRUE,FALSE
ART00327,Intimidad y (homo)sexualidad: entre la empiria y la teoría social,intimidad y homo sexualidad entre la empiria y la teoria social,2013,published,FALSE,Deslindes - Revista de la Biblioteca Nacional,deslindes revista de la biblioteca nacional,0797-6402,,,DIEGO SEMPOL,single_source_row,not_applicable,,1,TRUE,Diego Sempol,1,FALSE,FALSE,JRN089,5,FALSE,FALSE,,,,,,,FALSE,,,,,,,,,,,,,FALSE,FALSE,FALSE,,,,,,,,,,,,,,,,,FALSE,,,,,,FALSE,FALSE,,,,,,,,,,,,TRUE,FALSE
ART00328,Introducción del Número Temático sobre Estados de bienestar en América Latina,introduccion del numero tematico sobre estados de bienestar en america latina,2013,published,TRUE,Revista Uruguaya de Ciencia Política,revista uruguaya de ciencia politica,,0797-9789,,CARMEN MIDAGLIA,single_source_row,not_applicable,,1,TRUE,Carmen Midaglia,1,FALSE,FALSE,JRN351,,FALSE,FALSE,,,,,,,FALSE,,,,,,,,,,,ambiguous,low,FALSE,FALSE,FALSE,,,,,,,,,,,,,,,ambiguous,low,TRUE,REVISTA URUGUAYA DE CIENCIA POLITICA,1688-499X,A1,exact_issn,high,TRUE,TRUE,TRUE,FALSE,Revista uruguaya de ciencia política,https://www.latindex.org/latindex/ficha/16727,exact_normalized_name,high,,TRUE,TRUE,,,TRUE,FALSE
ART00329,"José L. Martí, La República deliberativa. Una teoría sobre la democracia. Madrid: Marcial Pons, 2006",jose l marti la republica deliberativa una teoria sobre la democracia madrid marcial pons 2006,2013,published,TRUE,Erasmus,erasmus,1514-6049,2718-6288,,JULIÁN GONZÁLEZ | Julián González Scandizzi,single_source_row,not_applicable,,2,FALSE,Julián González Scandizzi,1,FALSE,FALSE,JRN108,,FALSE,FALSE,,,,,,,FALSE,,,,,,,,,,,,,FALSE,FALSE,FALSE,,,,,,,,,,,,,,,,,FALSE,,,,,,FALSE,FALSE,,,,,,,,,,,,TRUE,FALSE
ART00330,“La Cuenta de pérdidas y ganancias. El Frente Amplio y la Elección de Gobiernos Departamentales 2010”,la cuenta de perdidas y ganancias el frente amplio y la eleccion de gobiernos departamentales 2010,2013,published,TRUE,Revista iberoamericana de estudios municipales,revista iberoamericana de estudios municipales,,0719-1790,,ANTONIO CARDARELLO,single_source_row,not_applicable,,1,TRUE,Antonio Cardarello,1,FALSE,FALSE,JRN329,7,FALSE,FALSE,,,,,,,FALSE,,,,,,,,,,,,,FALSE,FALSE,FALSE,,,,,,,,,,,,,,,,,TRUE,REVISTA IBEROAMERICANA DE ESTUDIOS MUNICIPALES,0719-1790,A4,exact_issn,high,TRUE,TRUE,TRUE,FALSE,Revista iberoamericana de estudios municipales,https://www.latindex.org/latindex/ficha/22784,exact_normalized_name,high,,TRUE,TRUE,,,TRUE,FALSE
ART00331,"“La designación de gabinetes en Uruguay: estrategia legislativa, jerarquía de los ministerios y afiliación partidaria de los ministros”",la designacion de gabinetes en uruguay estrategia legislativa jerarquia de los ministerios y afiliacion partidaria de los ministros,2013,published,TRUE,AMÉRICA LATINA HOY,america latina hoy,1130-2887,2340-4396,,"CHASQUETTI, DANIEL | BUQUET, DANIEL | CARDARELLO, ANTONIO",fuzzy_title_year_journal_authors,high,,3,FALSE,Daniel Buquet | Antonio Cardarello | Daniel Chasquetti,3,TRUE,FALSE,JRN014,93,TRUE,FALSE,,,,,,,TRUE,19700169837,America Latina Hoy,295,0.725,Q1,14,Sociology and Political Science,295,0.725,Q1,exact_issn,high,TRUE,FALSE,TRUE,19700169837,America Latina Hoy,0.7,0.725,0.478,42,44,59,55,306,692,55.0% 306/692 Arts and Humanities (miscellaneous),Active,2011-2026,exact_issn,high,TRUE,AMÉRICA LATINA HOY,1130-2887,A1,exact_issn,high,TRUE,TRUE,TRUE,FALSE,América Latina hoy,https://www.latindex.org/latindex/ficha/22330,exact_normalized_name,high,TRUE,TRUE,TRUE,TRUE,TRUE,TRUE,FALSE
ART00332,La distinción comunista. Clase y cultura en el PCU de los 60´,la distincion comunista clase y cultura en el pcu de los 60,2013,published,TRUE,Prácticas de Oficio,practicas de oficio,,1851-6076,,DE GIORGI,single_source_row,not_applicable,,1,TRUE,Ana Laura de Giorgi,1,FALSE,FALSE,JRN246,1,FALSE,FALSE,,,,,,,FALSE,,,,,,,,,,,,,FALSE,FALSE,FALSE,,,,,,,,,,,,,,,,,FALSE,,,,,,FALSE,FALSE,,,,,,,,,,,,TRUE,FALSE
ART00333,La nueva institucionalidad educativa en el Cono Sur: permanencias y novedades en la regulación de los sistemas de enseñanza,la nueva institucionalidad educativa en el cono sur permanencias y novedades en la regulacion de los sistemas de ensenanza,2013,published,TRUE,Horizontes Latinoamericanos,horizontes latinoamericanos,2358-6621,2318-8626,,BENTANCUR NICOLÁS,single_source_row,not_applicable,,1,TRUE,Nicolás Bentancur,1,FALSE,FALSE,JRN146,3,FALSE,FALSE,,,,,,,FALSE,,,,,,,,,,,,,FALSE,FALSE,FALSE,,,,,,,,,,,,,,,,,FALSE,,,,,,FALSE,FALSE,,,,,,,,,,,,TRUE,FALSE
ART00334,La paradoja de la estabilidad política en Venezuela: un federalismo centralizado,la paradoja de la estabilidad politica en venezuela un federalismo centralizado,2013,published,TRUE,Provincia,provincia,1317-9535,,,LIZBONA COHEN,single_source_row,not_applicable,,1,TRUE,Alexandra Lizbona,1,FALSE,FALSE,JRN252,8,FALSE,FALSE,,,,,,,FALSE,,,,,,,,,,,,,FALSE,FALSE,FALSE,,,,,,,,,,,,,,,,,FALSE,,,,,,FALSE,FALSE,,,,,,,,,,,,TRUE,FALSE
ART00335,La polìtica de la fe,la politica de la fe,2013,published,TRUE,Contemporánea,contemporanea,1688-7638,1688-9746,,YAFFÉ,single_source_row,not_applicable,,1,TRUE,Jaime Yaffé,1,FALSE,FALSE,JRN060,,FALSE,FALSE,,,,,,,FALSE,,,,,,,,,,,,,FALSE,FALSE,FALSE,,,,,,,,,,,,,,,,,FALSE,,,,ambiguous,low,FALSE,FALSE,,,,,,,,,,,,TRUE,FALSE
ART00336,La renovación del sistema de protección uruguayo: el desafío de superar la dualización,la renovacion del sistema de proteccion uruguayo el desafio de superar la dualizacion,2013,published,TRUE,Revista Uruguaya de Ciencia Política,revista uruguaya de ciencia politica,,0797-9789,,"ANTÍA, FLORENCIA | MIDAGLIA, CARMEN | FUENTES, GUILLERMO | CASTILLO, MARCELO",exact_title_year_journal,high,,4,FALSE,Florencia Antía | Guillermo Fuentes | Carmen Midaglia,3,TRUE,FALSE,JRN351,139,FALSE,FALSE,,,,,,,FALSE,,,,,,,,,,,ambiguous,low,FALSE,FALSE,FALSE,,,,,,,,,,,,,,,ambiguous,low,TRUE,REVISTA URUGUAYA DE CIENCIA POLITICA,1688-499X,A1,exact_issn,high,TRUE,TRUE,TRUE,FALSE,Revista uruguaya de ciencia política,https://www.latindex.org/latindex/ficha/16727,exact_normalized_name,high,,TRUE,TRUE,,,TRUE,FALSE
ART00337,"Laicidad, ciudadanía y política en el Uruguay contemporáneo: matrices y revisiones de una cultura laicista",laicidad ciudadania y politica en el uruguay contemporaneo matrices y revisiones de una cultura laicista,2013,published,TRUE,Cultura y religión,cultura y religion,,0718-4727,,GERARDO CAETANO,single_source_row,not_applicable,,1,TRUE,Gerardo Caetano,1,FALSE,FALSE,JRN076,33,FALSE,FALSE,,,,,,,FALSE,,,,,,,,,,,,,FALSE,FALSE,FALSE,,,,,,,,,,,,,,,,,FALSE,,,,,,FALSE,FALSE,,,,,,,,,,,,TRUE,FALSE
ART00338,“Las políticas públicas regionales y sus dimensiones institucionales. Apuntes teóricos y un análisis de caso”,las politicas publicas regionales y sus dimensiones institucionales apuntes teoricos y un analisis de caso,2013,published,TRUE,Perspectivas Internacionales,perspectivas internacionales,1900-4257,,,Carlos Luján | Gerardo Caetano,exact_title_year_journal,high,,2,FALSE,Gerardo Caetano | Carlos Luján,2,TRUE,FALSE,JRN227,5,FALSE,FALSE,,,,,,,FALSE,,,,,,,,,,,,,FALSE,FALSE,FALSE,,,,,,,,,,,,,,,,,FALSE,,,,,,FALSE,FALSE,,,,,,,,,,,,TRUE,FALSE
ART00339,Las relaciones de Sudamérica con el mundo árabe en los inicios del siglo XXI. Hacia un diálogo birregional más fecundo,las relaciones de sudamerica con el mundo arabe en los inicios del siglo xxi hacia un dialogo birregional mas fecundo,2013,published,FALSE,Política Internacional,politica internacional,0873-6650,,,"Carlos Luján | LÓPEZ, CAMILO",exact_title_year_journal,high,,2,FALSE,Camilo López | Carlos Luján,2,TRUE,FALSE,JRN236,,FALSE,FALSE,,,,,,,FALSE,,,,,,,,,,,,,FALSE,FALSE,FALSE,,,,,,,,,,,,,,,,,TRUE,POLÍTICA INTERNACIONAL (LA HABANA. EN LÍNEA),2707-7330,C,exact_normalized_name,high,FALSE,FALSE,,,,,ambiguous,low,,TRUE,,,,TRUE,FALSE
ART00340,"“Lenguaje, política y Derecho.”",lenguaje politica y derecho,2013,published,FALSE,Revista de la Academia Nacional de Letras,revista de la academia nacional de letras,1688-3543,,,GERARDO CAETANO,single_source_row,not_applicable,,1,TRUE,Gerardo Caetano,1,FALSE,FALSE,JRN298,,FALSE,FALSE,,,,,,,FALSE,,,,,,,,,,,,,FALSE,FALSE,FALSE,,,,,,,,,,,,,,,,,FALSE,,,,,,FALSE,FALSE,,,,,,,,,,,,TRUE,FALSE
ART00341,"¿Liderazgo, organización o ideología? Las diferentes vías de adaptación partidaria de los movimientos guerrilleros. Los casos de Nicaragua, El Salvador y Uruguay",liderazgo organizacion o ideologia las diferentes vias de adaptacion partidaria de los movimientos guerrilleros los casos de nicaragua el salvador y uruguay,2013,published,TRUE,Revista Española de Ciencia Política,revista espanola de ciencia politica,1575-6548,2173-9870,,"GARCÉ, A. | MARTÍ I PUIG, S. | MARTÍN, A.",single_source_row,not_applicable,,3,FALSE,Adolfo Garcé,1,FALSE,FALSE,JRN318,26,TRUE,TRUE,11600153566,Revista Espanola de Ciencia Politica,431,0.223,Q3,14,TRUE,11600153566,Revista Espanola de Ciencia Politica,876,0.223,Q3,14,Political Science and International Relations,431,0.223,Q3,exact_issn,high,TRUE,TRUE,TRUE,11600153566,Revista Espanola de Ciencia Politica,1.1,0.223,0.461,39,114,102,42,428,745,42.0% 428/745 Political Science and International Relations,Active,2012-2026,exact_issn,high,FALSE,,,,,,TRUE,TRUE,TRUE,FALSE,Revista española de ciencia política,https://www.latindex.org/latindex/ficha/15592,exact_normalized_name,high,TRUE,,TRUE,FALSE,FALSE,TRUE,FALSE
ART00342,Los usos del pasado en la política (entrevista de Micaela Iturralde (CONICET - CEHis - UNMdP) y Fernando Manuel Suárez (CEHis - UNMdP),los usos del pasado en la politica entrevista de micaela iturralde conicet cehis unmdp y fernando manuel suarez cehis unmdp,2013,published,FALSE,Polhis,polhis,,1853-7723,,"RILLA, JOSÉ",single_source_row,not_applicable,,1,TRUE,José Rilla,1,FALSE,FALSE,JRN230,,FALSE,FALSE,,,,,,,FALSE,,,,,,,,,,,,,FALSE,FALSE,FALSE,,,,,,,,,,,,,,,,,FALSE,,,,,,FALSE,FALSE,,,,,,,,,,,,TRUE,FALSE
ART00343,"Memorias y patrimonios del pasado reciente Olvido, desvanecimiento e instauración en Montevideo",memorias y patrimonios del pasado reciente olvido desvanecimiento e instauracion en montevideo,2013,published,TRUE,Revista Memória em Rede,revista memoria em rede,,2177-4129,,"RILLA, JOSÉ",single_source_row,not_applicable,,1,TRUE,José Rilla,1,FALSE,FALSE,JRN339,,FALSE,FALSE,,,,,,,FALSE,,,,,,,,,,,,,FALSE,FALSE,FALSE,,,,,,,,,,,,,,,,,TRUE,REVISTA MEMÓRIA EM REDE,2177-4129,A2,exact_issn,high,FALSE,FALSE,,,,,,,,TRUE,,,,TRUE,FALSE
ART00344,Mucho más que foco o partido: las militancias de comunistas y tupamaros durante los 60 en Uruguay,mucho mas que foco o partido las militancias de comunistas y tupamaros durante los 60 en uruguay,2013,published,TRUE,Revista de Antropología y Sociología Virajes,revista de antropologia y sociologia virajes,0123-4471,2462-9782,,DE GIORGI,single_source_row,not_applicable,,1,TRUE,Ana Laura de Giorgi,1,FALSE,FALSE,JRN279,2,FALSE,FALSE,,,,,,,FALSE,,,,,,,,,,,,,FALSE,FALSE,FALSE,,,,,,,,,,,,,,,,,FALSE,,,,,,FALSE,FALSE,,,,,,,,,,,,TRUE,FALSE
ART00345,Nueva evidencia sobre equidad educativa en seis países latinoamericanos,nueva evidencia sobre equidad educativa en seis paises latinoamericanos,2013,published,TRUE,Revista Latinoamericana de Estudios Educativos,revista latinoamericana de estudios educativos,0185-1284,,,"HARETCHE, C.",single_source_row,not_applicable,,1,TRUE,Carmen Haretche,1,FALSE,FALSE,JRN336,,FALSE,FALSE,,,,,,,FALSE,,,,,,,,,,,,,FALSE,FALSE,FALSE,,,,,,,,,,,,,,,,,FALSE,,,,,,FALSE,FALSE,,,,,,,,,,,,TRUE,FALSE
ART00346,“O Uruguai “progresista” ante una nova encrucillada: as esixencias do “cambio no cambio”,o uruguai progresista ante una nova encrucillada as esixencias do cambio no cambio,2013,published,TRUE,Tempo Exterior,tempo exterior,1579-6582,2340-3497,,GERARDO CAETANO,single_source_row,not_applicable,,1,TRUE,Gerardo Caetano,1,FALSE,FALSE,JRN381,0,FALSE,FALSE,,,,,,,FALSE,,,,,,,,,,,,,FALSE,FALSE,FALSE,,,,,,,,,,,,,,,,,TRUE,TEMPO EXTERIOR,1579-6582,A3,exact_issn,high,FALSE,FALSE,,,,,,,,TRUE,,,,TRUE,FALSE
ART00347,Pensando o público: os desenvolvimentos da Ciência Política sobre Estado e Políticas Públicas no Uruguai (1987 2012),pensando o publico os desenvolvimentos da ciencia politica sobre estado e politicas publicas no uruguai 1987 2012,2013,published,TRUE,Revista Debates,revista debates,2236-479X,1982-5269,,BENTANCUR NICOLÁS | MARIA ESTER MANCEBO,fuzzy_title_year_journal_authors,high,,2,FALSE,Nicolás Bentancur | María Ester Mancebo,2,TRUE,FALSE,JRN307,25,FALSE,FALSE,,,,,,,FALSE,,,,,,,,,,,,,FALSE,FALSE,FALSE,,,,,,,,,,,,,,,,,FALSE,,,,conflict,low,FALSE,FALSE,,,,,,,,,,,,TRUE,FALSE
ART00348,Permanencia y rupturas. Una mirada en torno a las matrices de bienestar social en Argentina y Uruguay a comienzos del siglo XXI,permanencia y rupturas una mirada en torno a las matrices de bienestar social en argentina y uruguay a comienzos del siglo xxi,2013,published,TRUE,Papel Político,papel politico,0122-4409,2145-0617,,"KSIAZENICKI, I. | FUENTES, G.",single_source_row,not_applicable,,2,FALSE,Guillermo Fuentes,1,FALSE,FALSE,JRN215,6,FALSE,FALSE,,,,,,,FALSE,,,,,,,,,,,,,FALSE,FALSE,FALSE,,,,,,,,,,,,,,,,,FALSE,,,,,,FALSE,FALSE,,,,,,,,,,,,TRUE,FALSE
ART00349,Política y ciudadanía en el Uruguay contemporáneo. Cambios visibles en el último ciclo electoral. (2009-2010),politica y ciudadania en el uruguay contemporaneo cambios visibles en el ultimo ciclo electoral 2009 2010,2013,published,TRUE,Observatorio Latinoamericano,observatorio latinoamericano,,1853-2713,,GERARDO CAETANO,single_source_row,not_applicable,,1,TRUE,Gerardo Caetano,1,FALSE,FALSE,JRN209,0,FALSE,FALSE,,,,,,,FALSE,,,,,,,,,,,,,FALSE,FALSE,FALSE,,,,,,,,,,,,,,,,,TRUE,OLAC: OBSERVATORIO LATINOAMERICANO Y CARIBEÑO (ONLINE),1853-2713,A3,exact_issn,high,FALSE,FALSE,,,,,,,,TRUE,,,,TRUE,FALSE
ART00350,¿PROTESTA O CAMBIO INSTITUCIONAL? DETERMINANTE DEL VOTO NULO Y BLANCO EN LAS ELECCIONES DEPARTAMENTALES DE 2010 EN URUGUAY,protesta o cambio institucional determinante del voto nulo y blanco en las elecciones departamentales de 2010 en uruguay,2013,published,TRUE,Revista iberoamericana de estudios municipales,revista iberoamericana de estudios municipales,,0718-8838,,MARTÍN FREIGEDO | CISNEROS,single_source_row,not_applicable,,2,FALSE,Martín Freigedo,1,FALSE,FALSE,JRN329,,FALSE,FALSE,,,,,,,FALSE,,,,,,,,,,,,,FALSE,FALSE,FALSE,,,,,,,,,,,,,,,,,TRUE,REVISTA IBEROAMERICANA DE ESTUDIOS MUNICIPALES,0719-1790,A4,exact_issn,high,TRUE,TRUE,TRUE,FALSE,Revista iberoamericana de estudios municipales,https://www.latindex.org/latindex/ficha/22784,exact_normalized_name,high,,TRUE,TRUE,,,TRUE,FALSE
ART00351,Religious parties in Chile: the Christian Democratic Party and the Independent Democratic Union.,religious parties in chile the christian democratic party and the independent democratic union,2013,published,TRUE,Democratization,democratization,1351-0347,1743-890X,10.1080/13510347.2013.801258,"MONESTIER, FELIPE | LUNA, JUAN PABLO | ROSENBLATT, FERNANDO",single_source_row,not_applicable,,3,FALSE,Felipe Monestier,1,FALSE,FALSE,JRN081,21,TRUE,TRUE,24034,Democratization,21,1.848,Q1,83,FALSE,,,,,,,Political Science and International Relations,21,1.848,Q1,exact_issn,high,TRUE,TRUE,FALSE,24034,Democratization,5.6,1.848,2.323,80,1764,314,91,66,745,91.0% 66/745 Political Science and International Relations,Active,1994-2026,exact_issn,high,TRUE,DEMOCRATIZATION,1743-890X,A1,exact_issn,high,FALSE,FALSE,,,,,,,TRUE,TRUE,,TRUE,TRUE,TRUE,FALSE
ART00352,"Reseña """"Making Brazil Work"""" de Marcus Melo y Carlos Pereira",resena making brazil work de marcus melo y carlos pereira,2013,published,TRUE,Revista Uruguaya de Ciencia Política,revista uruguaya de ciencia politica,,0797-9789,,"CHASQUETTI, DANIEL",single_source_row,not_applicable,,1,TRUE,Daniel Chasquetti,1,FALSE,FALSE,JRN351,,FALSE,FALSE,,,,,,,FALSE,,,,,,,,,,,ambiguous,low,FALSE,FALSE,FALSE,,,,,,,,,,,,,,,ambiguous,low,TRUE,REVISTA URUGUAYA DE CIENCIA POLITICA,1688-499X,A1,exact_issn,high,TRUE,TRUE,TRUE,FALSE,Revista uruguaya de ciencia política,https://www.latindex.org/latindex/ficha/16727,exact_normalized_name,high,,TRUE,TRUE,,,TRUE,FALSE
ART00353,"Review: Evelyne Huber y John D. Stephens (2012), Democracy and the Left. Social Policy and Inequality in Latin America. Chicago: The University of Chicago Press, 368 pp.",review evelyne huber y john d stephens 2012 democracy and the left social policy and inequality in latin america chicago the university of chicago press 368 pp,2013,published,TRUE,Revista de Ciencia Política (Chile),revista de ciencia politica chile,0716-1417,0718-090X,10.4067/s0718-090x2013000200007,"MONESTIER, FELIPE",single_source_row,not_applicable,,1,TRUE,Felipe Monestier,1,FALSE,FALSE,JRN280,,TRUE,TRUE,5100152922,Revista de Ciencia Politica,79,0.975,Q1,28,TRUE,5100152922,Revista de Ciencia Politica,188,0.975,Q1,28,Political Science and International Relations,79,0.975,Q1,exact_issn,high,TRUE,TRUE,TRUE,5100152922,Revista de Ciencia Politica,3.4,0.975,1.404,79,258,77,77,166,745,77.0% 166/745 Political Science and International Relations,Active,2006-2025; 2002,exact_issn,high,TRUE,REVISTA DE CIENCIA POLÍTICA (SANTIAGO. EN LÍNEA),0718-090X,A1,exact_issn,high,TRUE,TRUE,TRUE,FALSE,Revista de ciencia política,https://www.latindex.org/latindex/ficha/14054,exact_normalized_name,high,TRUE,TRUE,TRUE,TRUE,TRUE,TRUE,FALSE
ART00354,Tendencias en la Evolución Demográfica de la sociedad uruguaya en el último medio siglo,tendencias en la evolucion demografica de la sociedad uruguaya en el ultimo medio siglo,2013,published,FALSE,Observatorio Latinoamericano,observatorio latinoamericano,,1853-2713,,YAFFÉ,single_source_row,not_applicable,,1,TRUE,Jaime Yaffé,1,FALSE,FALSE,JRN209,,FALSE,FALSE,,,,,,,FALSE,,,,,,,,,,,,,FALSE,FALSE,FALSE,,,,,,,,,,,,,,,,,TRUE,OLAC: OBSERVATORIO LATINOAMERICANO Y CARIBEÑO (ONLINE),1853-2713,A3,exact_issn,high,FALSE,FALSE,,,,,,,,TRUE,,,,TRUE,FALSE
ART00355,Tolerancia y Discursos de Poder en el Uruguay Progresista,tolerancia y discursos de poder en el uruguay progresista,2013,published,TRUE,Revista Estudos Hum(e)anos,revista estudos hum e anos,,2177-1006,,CARNEIRO | GIOSCIA,single_source_row,not_applicable,,2,FALSE,Fabricio Carneiro,1,FALSE,FALSE,JRN325,5,FALSE,FALSE,,,,,,,FALSE,,,,,,,,,,,,,FALSE,FALSE,FALSE,,,,,,,,,,,,,,,,,FALSE,,,,,,FALSE,FALSE,,,,,,,,,,,,TRUE,FALSE
ART00356,Uruguay: ¿El Año Bisagra?,uruguay el ano bisagra,2013,published,TRUE,Revista de Ciencia Política (Chile),revista de ciencia politica chile,0716-1417,0718-090X,,GERMÁN BIDEGAIN,single_source_row,not_applicable,,1,TRUE,Germán Bidegain,1,FALSE,FALSE,JRN280,28,TRUE,TRUE,5100152922,Revista de Ciencia Politica,79,0.975,Q1,28,TRUE,5100152922,Revista de Ciencia Politica,188,0.975,Q1,28,Political Science and International Relations,79,0.975,Q1,exact_issn,high,TRUE,TRUE,TRUE,5100152922,Revista de Ciencia Politica,3.4,0.975,1.404,79,258,77,77,166,745,77.0% 166/745 Political Science and International Relations,Active,2006-2025; 2002,exact_issn,high,TRUE,REVISTA DE CIENCIA POLÍTICA (SANTIAGO. EN LÍNEA),0718-090X,A1,exact_issn,high,TRUE,TRUE,TRUE,FALSE,Revista de ciencia política,https://www.latindex.org/latindex/ficha/14054,exact_normalized_name,high,TRUE,TRUE,TRUE,TRUE,TRUE,TRUE,FALSE
ART00357,Artigas y Suárez. El lugar del fútbol en la sociedad uruguaya,artigas y suarez el lugar del futbol en la sociedad uruguaya,2014,published,TRUE,Desbordes Revista de Investigaciones Escuela de Ciencias sociales artes y humanidades - UNAD,desbordes revista de investigaciones escuela de ciencias sociales artes y humanidades unad,2027-5579,2539-4150,,GERARDO CAETANO,single_source_row,not_applicable,,1,TRUE,Gerardo Caetano,1,FALSE,FALSE,JRN086,,FALSE,FALSE,,,,,,,FALSE,,,,,,,,,,,,,FALSE,FALSE,FALSE,,,,,,,,,,,,,,,,,FALSE,,,,,,FALSE,FALSE,,,,,,,,,,,,TRUE,FALSE
ART00358,Asignación partidaria y especialización: las legisladoras en el sistema de comisiones de la Cámara de Diputados de Argentina,asignacion partidaria y especializacion las legisladoras en el sistema de comisiones de la camara de diputados de argentina,2014,published,TRUE,Revista Uruguaya de Ciencia Política,revista uruguaya de ciencia politica,,0797-9789,,Verónica Pérez Bentancur,single_source_row,not_applicable,,1,TRUE,Verónica Pérez Bentancur,1,FALSE,FALSE,JRN351,19,FALSE,FALSE,,,,,,,FALSE,,,,,,,,,,,ambiguous,low,FALSE,FALSE,FALSE,,,,,,,,,,,,,,,ambiguous,low,TRUE,REVISTA URUGUAYA DE CIENCIA POLITICA,1688-499X,A1,exact_issn,high,TRUE,TRUE,TRUE,FALSE,Revista uruguaya de ciencia política,https://www.latindex.org/latindex/ficha/16727,exact_normalized_name,high,,TRUE,TRUE,,,TRUE,FALSE
ART00359,Carlos y su irrupción en el espacio público. Reflexiones sobre la dimensión política de Carlos: cine- retrato de un caminante de Mario Handler.,carlos y su irrupcion en el espacio publico reflexiones sobre la dimension politica de carlos cine retrato de un caminante de mario handler,2014,published,FALSE,"33cines, 1 3",33cines 1 3,1688-6933,,,"REPETTO, LORENA",single_source_row,not_applicable,,1,TRUE,Lorena Repetto,1,FALSE,FALSE,JRN001,,FALSE,FALSE,,,,,,,FALSE,,,,,,,,,,,,,FALSE,FALSE,FALSE,,,,,,,,,,,,,,,,,FALSE,,,,,,FALSE,FALSE,,,,,,,,,,,,TRUE,FALSE
ART00360,Cuando baja la Marea: los cambios de las protecciones sociales en América Latina en el siglo XXI,cuando baja la marea los cambios de las protecciones sociales en america latina en el siglo xxi,2014,published,FALSE,Horizontes Latinoamericanos,horizontes latinoamericanos,2358-6621,2318-8626,,CARMEN MIDAGLIA | CASTILLO M.,single_source_row,not_applicable,,2,FALSE,Carmen Midaglia,1,FALSE,FALSE,JRN146,,FALSE,FALSE,,,,,,,FALSE,,,,,,,,,,,,,FALSE,FALSE,FALSE,,,,,,,,,,,,,,,,,FALSE,,,,,,FALSE,FALSE,,,,,,,,,,,,TRUE,FALSE
ART00361,De la Gobernanza neoliberal a la gobernanza del bien público. Los servicios del agua en América Latina,de la gobernanza neoliberal a la gobernanza del bien publico los servicios del agua en america latina,2014,published,TRUE,Revista Estado y Políticas Públicas,revista estado y politicas publicas,2413-8274,2310-550X,,ZURBRIGGEN,single_source_row,not_applicable,,1,TRUE,Cristina Zurbriggen,1,FALSE,FALSE,JRN321,,FALSE,FALSE,,,,,,,FALSE,,,,,,,,,,,,,FALSE,FALSE,FALSE,,,,,,,,,,,,,,,,,TRUE,REVISTA ESTADO Y POLÍTICAS PÚBLICAS,2310-550X,A3,exact_issn,high,FALSE,FALSE,,,,,,,,TRUE,,,,TRUE,FALSE
ART00362,De Mujica a Tabaré: Uruguay hacia un tercer gobierno de izquierda,de mujica a tabare uruguay hacia un tercer gobierno de izquierda,2014,published,FALSE,Foreign Affairs Latinoamérica,foreign affairs latinoamerica,1665-1707,,,"ALEJANDRO MILANESI | FREIGEDO, MARTíN",single_source_row,not_applicable,,2,FALSE,Alejandro Milanesi,1,FALSE,FALSE,JRN128,,FALSE,FALSE,,,,,,,FALSE,,,,,,,,,,,,,FALSE,FALSE,FALSE,,,,,,,,,,,,,,,,,TRUE,FOREIGN AFFAIRS: LATINOAMEIRCA,1665-1707,A2,exact_issn,high,FALSE,FALSE,,,,,,,,TRUE,,,,TRUE,FALSE
ART00363,El Partido Comunista y la vía armada,el partido comunista y la via armada,2014,published,TRUE,Izquierdas,izquierdas,,0718-5049,,"GARCÉ, A.",single_source_row,not_applicable,,1,TRUE,Adolfo Garcé,1,FALSE,FALSE,JRN167,,TRUE,TRUE,21100258911,Izquierdas,477,0.194,Q3,13,TRUE,21100258911,Izquierdas,967,0.194,Q3,13,Political Science and International Relations,477,0.194,Q3,exact_issn,high,TRUE,TRUE,TRUE,21100258911,Izquierdas,0.3,0.194,0.357,20,98,310,44,1075,1936,44.0% 1075/1936 History,Active,2013-2026,exact_issn,high,TRUE,IZQUIERDAS (SANTIAGO),0718-5049,A1,exact_issn,high,FALSE,FALSE,,,,,,,TRUE,TRUE,,FALSE,FALSE,TRUE,FALSE
ART00364,“Escenarios para el futuro del Uruguay en el contexto latinoamericano contemporáneo”,escenarios para el futuro del uruguay en el contexto latinoamericano contemporaneo,2014,published,TRUE,Relaciones Internacionales,relaciones internacionales,,1515-3371,,GERARDO CAETANO | RODRIGO AROCENA,single_source_row,not_applicable,,2,FALSE,Gerardo Caetano,1,FALSE,FALSE,JRN264,0,FALSE,FALSE,,,,,,,FALSE,,,,,,,,,,,,,FALSE,FALSE,FALSE,,,,,,,,,,,,,,,,,TRUE,RELACIONES INTERNACIONALES (LA PLATA),1515-3371,A2,exact_issn,high,FALSE,FALSE,,,,,ambiguous,low,,TRUE,,,,TRUE,FALSE
ART00365,"Freidenberg, Flavia, y Julieta Suárez Cao (eds.) Territorio y Poder: Nuevos actores y competencia política en los sistemas de partidos multinivel en América Latina. Instituto de Iberoamérica. Universidad de Salamanca. Ediciones de la Universidad de Salamanca, España.",freidenberg flavia y julieta suarez cao eds territorio y poder nuevos actores y competencia politica en los sistemas de partidos multinivel en america latina instituto de iberoamerica universidad de salamanca ediciones de la universidad de salamanca espana,2014,published,TRUE,Revista Uruguaya de Ciencia Política,revista uruguaya de ciencia politica,,0797-9789,,ANTONIO CARDARELLO,single_source_row,not_applicable,,1,TRUE,Antonio Cardarello,1,FALSE,FALSE,JRN351,,FALSE,FALSE,,,,,,,FALSE,,,,,,,,,,,ambiguous,low,FALSE,FALSE,FALSE,,,,,,,,,,,,,,,ambiguous,low,TRUE,REVISTA URUGUAYA DE CIENCIA POLITICA,1688-499X,A1,exact_issn,high,TRUE,TRUE,TRUE,FALSE,Revista uruguaya de ciencia política,https://www.latindex.org/latindex/ficha/16727,exact_normalized_name,high,,TRUE,TRUE,,,TRUE,FALSE
ART00366,Governance a Latin America Perspective,governance a latin america perspective,2014,published,TRUE,Policy and Society,policy and society,1449-4035,1839-3373,,ZURBRIGGEN,single_source_row,not_applicable,,1,TRUE,Cristina Zurbriggen,1,FALSE,FALSE,JRN232,,TRUE,TRUE,5700168564,Policy and Society,40,1.442,Q1,70,TRUE,5700168564,Policy and Society,95,1.442,Q1,70,Political Science and International Relations,40,1.442,Q1,exact_issn,high,TRUE,TRUE,TRUE,5700168564,Policy and Society,13.6,1.442,2.446,87,1922,141,99,2,745,99.0% 2/745 Political Science and International Relations,Active,2008-2026; 2002-2003,exact_issn,high,TRUE,POLICY AND SOCIETY,1449-4035,A1,exact_issn,high,FALSE,FALSE,,,,,,,TRUE,TRUE,,TRUE,TRUE,TRUE,FALSE
ART00367,¿Hacia una hegemonía del “modelo mainstream norteamericano”?,hacia una hegemonia del modelo mainstream norteamericano,2014,published,TRUE,Revista Latinoamericana de Investigación Crítica,revista latinoamericana de investigacion critica,2409-1308,,,ROCHA-CARPIUC,single_source_row,not_applicable,,1,TRUE,Cecilia Rocha-Carpiuc,1,FALSE,FALSE,JRN337,7,FALSE,FALSE,,,,,,,FALSE,,,,,,,,,,,,,FALSE,FALSE,FALSE,,,,,,,,,,,,,,,,,FALSE,,,,,,FALSE,FALSE,,,,,,,,,,,,TRUE,FALSE
ART00368,Innovación y co-creación - nuevos desafíos para las políticas públicas,innovacion y co creacion nuevos desafios para las politicas publicas,2014,published,TRUE,Revista de Gestión Pública,revista de gestion publica,,0719-1839,,"ZURBRIGGEN | GONZÁLEZ LAGO, MARIANA",single_source_row,not_applicable,,2,FALSE,Cristina Zurbriggen,1,FALSE,FALSE,JRN293,,FALSE,FALSE,,,,,,,FALSE,,,,,,,,,,,,,FALSE,FALSE,FALSE,,,,,,,,,,,,,,,,,FALSE,,,,,,FALSE,FALSE,,,,,,,,,,,,TRUE,FALSE
ART00369,La Bancada Femenina en Uruguay: un 'actor crítico' para la representación sustantiva de las mujeres en el parlamento,la bancada femenina en uruguay un actor critico para la representacion sustantiva de las mujeres en el parlamento,2014,published,TRUE,AMÉRICA LATINA HOY,america latina hoy,1130-2887,2340-4396,,NIKI JOHNSON,single_source_row,not_applicable,,1,TRUE,Niki Johnson,1,FALSE,FALSE,JRN014,46,TRUE,FALSE,,,,,,,TRUE,19700169837,America Latina Hoy,295,0.725,Q1,14,Sociology and Political Science,295,0.725,Q1,exact_issn,high,TRUE,FALSE,TRUE,19700169837,America Latina Hoy,0.7,0.725,0.478,42,44,59,55,306,692,55.0% 306/692 Arts and Humanities (miscellaneous),Active,2011-2026,exact_issn,high,TRUE,AMÉRICA LATINA HOY,1130-2887,A1,exact_issn,high,TRUE,TRUE,TRUE,FALSE,América Latina hoy,https://www.latindex.org/latindex/ficha/22330,exact_normalized_name,high,TRUE,TRUE,TRUE,TRUE,TRUE,TRUE,FALSE
ART00370,La consolidación de un nuevo sistema de partidos en Uruguay,la consolidacion de un nuevo sistema de partidos en uruguay,2014,published,TRUE,Revista Debates,revista debates,,1982-5269,,"BUQUET, D | PIÑEIRO, R",single_source_row,not_applicable,,2,FALSE,Daniel Buquet,1,FALSE,FALSE,JRN307,119,FALSE,FALSE,,,,,,,FALSE,,,,,,,,,,,,,FALSE,FALSE,FALSE,,,,,,,,,,,,,,,,,FALSE,,,,conflict,low,FALSE,FALSE,,,,,,,,,,,,TRUE,FALSE
ART00371,“La democracia uruguaya: encrucijadas y rumbos ante el ciclo electoral 2014-2015”,la democracia uruguaya encrucijadas y rumbos ante el ciclo electoral 2014 2015,2014,published,TRUE,Estudios Sociales,estudios sociales,0327-4934,2250-6950,,GERARDO CAETANO,single_source_row,not_applicable,,1,TRUE,Gerardo Caetano,1,FALSE,FALSE,JRN119,4,FALSE,FALSE,,,,,,,FALSE,,,,,,,,,,,,,FALSE,FALSE,FALSE,,,,,,,,,,,,,,,,,FALSE,,,,,,FALSE,FALSE,,,,,,,,,,,,TRUE,FALSE
ART00372,La educación: ¿un “outsider” de la protección social?: un análisis a partir de las políticas de inclusión educativa en Uruguay (2005-2013).,la educacion un outsider de la proteccion social un analisis a partir de las politicas de inclusion educativa en uruguay 2005 2013,2014,published,TRUE,Psicología Conocimiento y Sociedad,psicologia conocimiento y sociedad,,1688-7026,,LIZBONA COHEN | MANCEBO MARÍA ESTER | CARNEIRO FABRICIO,exact_title_year_journal,high,,3,FALSE,Fabricio Carneiro | María Ester Mancebo | Alexandra Lizbona,3,TRUE,FALSE,JRN253,34,FALSE,FALSE,,,,,,,FALSE,,,,,,,,,,,,,FALSE,FALSE,FALSE,,,,,,,,,,,,,,,,,FALSE,,,,,,FALSE,FALSE,,,,,,,,,,,,TRUE,FALSE
ART00373,La evaluación en las aulas de secundaria básica en cuatro países de América Latina,la evaluacion en las aulas de secundaria basica en cuatro paises de america latina,2014,published,TRUE,Propuesta educativa (E),propuesta educativa e,1995-7785,,,"HARETCHE, C. | RAVELA, P. | LEYMONIÉ, J. | VIñAS, J.",single_source_row,not_applicable,,4,FALSE,Carmen Haretche,1,FALSE,FALSE,JRN251,,FALSE,FALSE,,,,,,,FALSE,,,,,,,,,,,,,FALSE,FALSE,FALSE,,,,,,,,,,,,,,,,,FALSE,,,,,,FALSE,FALSE,,,,,,,,,,,,TRUE,FALSE
ART00374,Nuevos retos para viejos principios: Desafíos de la autonomía y el pluralismo en la ciencia política de Uruguay,nuevos retos para viejos principios desafios de la autonomia y el pluralismo en la ciencia politica de uruguay,2014,published,TRUE,Iberoamericana,iberoamericana,1577-3388,2255-520X,,"GARCÉ, A.",single_source_row,not_applicable,,1,TRUE,Adolfo Garcé,1,FALSE,FALSE,JRN150,2,FALSE,FALSE,,,,,,,FALSE,,,,,,,,,,,,,FALSE,FALSE,FALSE,,,,,,,,,,,,,,,,,FALSE,,,,conflict,low,TRUE,TRUE,TRUE,FALSE,Iberoamericana,https://www.latindex.org/latindex/ficha/22814,exact_normalized_name,high,,,TRUE,,,TRUE,FALSE
ART00375,Políticas latinoamericanas en la gestión del agua: políticas latinoamericanas en la gestión del agua: de la gobernanza neoliberal a una gobernanza pública,politicas latinoamericanas en la gestion del agua politicas latinoamericanas en la gestion del agua de la gobernanza neoliberal a una gobernanza publica,2014,published,TRUE,Agua y Territorio / Water and Landscape,agua y territorio water and landscape,2340-8472,2340-7743,,ZURBRIGGEN,single_source_row,not_applicable,,1,TRUE,Cristina Zurbriggen,1,FALSE,FALSE,JRN009,,FALSE,FALSE,,,,,,,FALSE,,,,,,,,,,,,,FALSE,FALSE,FALSE,,,,,,,,,,,,,,,,,FALSE,,,,,,FALSE,FALSE,,,,,,,,,,,,TRUE,FALSE
ART00376,Presentación del número temático 'Representación de las mujeres en los cuerpos legislativos de América Latina' de la RUCP,presentacion del numero tematico representacion de las mujeres en los cuerpos legislativos de america latina de la rucp,2014,published,TRUE,Revista Uruguaya de Ciencia Política,revista uruguaya de ciencia politica,,0797-9789,,NIKI JOHNSON,single_source_row,not_applicable,,1,TRUE,Niki Johnson,1,FALSE,FALSE,JRN351,,FALSE,FALSE,,,,,,,FALSE,,,,,,,,,,,ambiguous,low,FALSE,FALSE,FALSE,,,,,,,,,,,,,,,ambiguous,low,TRUE,REVISTA URUGUAYA DE CIENCIA POLITICA,1688-499X,A1,exact_issn,high,TRUE,TRUE,TRUE,FALSE,Revista uruguaya de ciencia política,https://www.latindex.org/latindex/ficha/16727,exact_normalized_name,high,,TRUE,TRUE,,,TRUE,FALSE
ART00377,"Redes y Jerarquías. Participación, representación y gobernanza en América Latina",redes y jerarquias participacion representacion y gobernanza en america latina,2014,published,TRUE,Revista Estudiantil Latinoamericana de Ciencias Sociales,revista estudiantil latinoamericana de ciencias sociales,,2304-179X,,MARTÍN FREIGEDO,single_source_row,not_applicable,,1,TRUE,Martín Freigedo,1,FALSE,FALSE,JRN322,,FALSE,FALSE,,,,,,,FALSE,,,,,,,,,,,,,FALSE,FALSE,FALSE,,,,,,,,,,,,,,,,,FALSE,,,,,,FALSE,FALSE,,,,,,,,,,,,TRUE,FALSE
ART00378,"Regímenes políticos de conocimiento: Construyendo un nuevo concepto a partir de eventos de cambio seleccionados en políticas públicas del gobierno de Tabaré Vázquez (Uruguay, 2005-2009)",regimenes politicos de conocimiento construyendo un nuevo concepto a partir de eventos de cambio seleccionados en politicas publicas del gobierno de tabare vazquez uruguay 2005 2009,2014,published,TRUE,Revista de Ciencia Política (Chile),revista de ciencia politica chile,0716-1417,0718-090X,,"GARCÉ, A.",single_source_row,not_applicable,,1,TRUE,Adolfo Garcé,1,FALSE,FALSE,JRN280,59,TRUE,TRUE,5100152922,Revista de Ciencia Politica,79,0.975,Q1,28,TRUE,5100152922,Revista de Ciencia Politica,188,0.975,Q1,28,Political Science and International Relations,79,0.975,Q1,exact_issn,high,TRUE,TRUE,TRUE,5100152922,Revista de Ciencia Politica,3.4,0.975,1.404,79,258,77,77,166,745,77.0% 166/745 Political Science and International Relations,Active,2006-2025; 2002,exact_issn,high,TRUE,REVISTA DE CIENCIA POLÍTICA (SANTIAGO. EN LÍNEA),0718-090X,A1,exact_issn,high,TRUE,TRUE,TRUE,FALSE,Revista de ciencia política,https://www.latindex.org/latindex/ficha/14054,exact_normalized_name,high,TRUE,TRUE,TRUE,TRUE,TRUE,TRUE,FALSE
ART00379,Regulación del cannabis: ¿un asunto de seguridad? Entrada y mantenimiento en agenda de un problema de política pública,regulacion del cannabis un asunto de seguridad entrada y mantenimiento en agenda de un problema de politica publica,2014,published,TRUE,Revista Uruguaya de Ciencia Política,revista uruguaya de ciencia politica,,0797-9789,,"REPETTO, LORENA",single_source_row,not_applicable,,1,TRUE,Lorena Repetto,1,FALSE,FALSE,JRN351,40,FALSE,FALSE,,,,,,,FALSE,,,,,,,,,,,ambiguous,low,FALSE,FALSE,FALSE,,,,,,,,,,,,,,,ambiguous,low,TRUE,REVISTA URUGUAYA DE CIENCIA POLITICA,1688-499X,A1,exact_issn,high,TRUE,TRUE,TRUE,FALSE,Revista uruguaya de ciencia política,https://www.latindex.org/latindex/ficha/16727,exact_normalized_name,high,,TRUE,TRUE,,,TRUE,FALSE
ART00380,Repatriando al desterrado que nunca se marchó. ¿Un Habermas conflictivista?,repatriando al desterrado que nunca se marcho un habermas conflictivista,2014,published,TRUE,Estudios de Filosofía Práctica e Historia de las Ideas,estudios de filosofia practica e historia de las ideas,1515-7180,1851-9490,,JULIÁN GONZÁLEZ | Julián González Scandizzi,single_source_row,not_applicable,,2,FALSE,Julián González Scandizzi,1,FALSE,FALSE,JRN115,5,FALSE,FALSE,,,,,,,FALSE,,,,,,,,,,,,,FALSE,FALSE,FALSE,,,,,,,,,,,,,,,,,FALSE,,,,,,FALSE,FALSE,,,,,,,,,,,,TRUE,FALSE
ART00381,Reseña de “Entre el Desarrollo y el Buen Vivir: Recursos Naturales y Conflictos en los Territorios Indígenas”,resena de entre el desarrollo y el buen vivir recursos naturales y conflictos en los territorios indigenas,2014,published,TRUE,Revista Uruguaya de Ciencia Política,revista uruguaya de ciencia politica,,0797-9789,,GERMÁN BIDEGAIN,single_source_row,not_applicable,,1,TRUE,Germán Bidegain,1,FALSE,FALSE,JRN351,0,FALSE,FALSE,,,,,,,FALSE,,,,,,,,,,,ambiguous,low,FALSE,FALSE,FALSE,,,,,,,,,,,,,,,ambiguous,low,TRUE,REVISTA URUGUAYA DE CIENCIA POLITICA,1688-499X,A1,exact_issn,high,TRUE,TRUE,TRUE,FALSE,Revista uruguaya de ciencia política,https://www.latindex.org/latindex/ficha/16727,exact_normalized_name,high,,TRUE,TRUE,,,TRUE,FALSE
ART00382,RESEÑA DE LIBRO Giro a la izquierda y nuevas elites en Uruguay ¿Renovación o reconversión?,resena de libro giro a la izquierda y nuevas elites en uruguay renovacion o reconversion,2014,published,TRUE,Revista de Ciencias Sociales,revista de ciencias sociales,0797-5538,1688-4981,,DANIELA VAIRO,single_source_row,not_applicable,,1,TRUE,Daniela Vairo,1,FALSE,FALSE,JRN281,,FALSE,FALSE,,,,,,,FALSE,,,,,,,,,,,,,FALSE,FALSE,FALSE,,,,,,,,,,,,,,,,,TRUE,REVISTA DE CIENCIAS SOCIALES,1688-4981,A2,exact_issn,high,TRUE,TRUE,TRUE,FALSE,Revista de ciencias sociales - Universidad del Zulia. Facultad de Ciencias Económicas y Sociales,https://www.latindex.org/latindex/ficha/14132,exact_normalized_name,high,,TRUE,TRUE,,,TRUE,FALSE
ART00383,"Ser joven no es delito: transición democrática, razzias y gerontocracia",ser joven no es delito transicion democratica razzias y gerontocracia,2014,published,FALSE,Cuadernos de Historia,cuadernos de historia,1688-9800,2393-722X,,DIEGO SEMPOL | SEBASTIAN AGUIAR,single_source_row,not_applicable,,2,FALSE,Diego Sempol,1,FALSE,FALSE,JRN068,39,FALSE,FALSE,,,,,,,FALSE,,,,,,,,,,,,,FALSE,FALSE,FALSE,,,,,,,,,,,,,,,,,FALSE,,,,ambiguous,low,FALSE,FALSE,,,,,,,,,,,,TRUE,FALSE
ART00384,The Subnational Connection in Unitary Regimes: Progressive Ambition and Legislative Behavior in Uruguay,the subnational connection in unitary regimes progressive ambition and legislative behavior in uruguay,2014,published,TRUE,Legislative Studies Quarterly,legislative studies quarterly,0362-9805,1939-9162,10.1111/lsq.12034,"CHASQUETTI, DANIEL | MICOZZI, JUAN PABLO",single_source_row,not_applicable,,2,FALSE,Daniel Chasquetti,1,FALSE,FALSE,JRN191,78,TRUE,FALSE,,,,,,,TRUE,20444,Legislative Studies Quarterly,36,2.314,Q1,68,Sociology and Political Science,36,2.314,Q1,exact_issn,high,TRUE,FALSE,TRUE,20444,Legislative Studies Quarterly,3.2,2.314,1.792,59,558,175,73,403,1530,73.0% 403/1530 Sociology and Political Science,Active,1996-2026,exact_issn,high,FALSE,,,,,,FALSE,FALSE,,,,,,,TRUE,,,TRUE,TRUE,TRUE,FALSE
ART00385,UNASUR en la política exterior uruguaya. El posicionamiento de los partidos políticos durante el gobierno de José Mujica (2010 - 2014),unasur en la politica exterior uruguaya el posicionamiento de los partidos politicos durante el gobierno de jose mujica 2010 2014,2014,published,TRUE,Revista Perspectivas de Políticas Públicas,revista perspectivas de politicas publicas,1853-9254,,,"LÓPEZ, CAMILO",single_source_row,not_applicable,,1,TRUE,Camilo López,1,FALSE,FALSE,JRN344,1,FALSE,FALSE,,,,,,,FALSE,,,,,,,,,,,,,FALSE,FALSE,FALSE,,,,,,,,,,,,,,,,,FALSE,,,,,,FALSE,FALSE,,,,,,,,,,,,TRUE,FALSE
ART00386,Uruguay 2013: Un balance preelectoral,uruguay 2013 un balance preelectoral,2014,published,TRUE,Revista de Ciencia Política (Chile),revista de ciencia politica chile,0716-1417,0718-090X,,"MORAES | LOPEZ CARIBONI, SANTIAGO",single_source_row,not_applicable,,2,FALSE,Juan Andrés Moraes,1,FALSE,FALSE,JRN280,14,TRUE,TRUE,5100152922,Revista de Ciencia Politica,79,0.975,Q1,28,TRUE,5100152922,Revista de Ciencia Politica,188,0.975,Q1,28,Political Science and International Relations,79,0.975,Q1,exact_issn,high,TRUE,TRUE,TRUE,5100152922,Revista de Ciencia Politica,3.4,0.975,1.404,79,258,77,77,166,745,77.0% 166/745 Political Science and International Relations,Active,2006-2025; 2002,exact_issn,high,TRUE,REVISTA DE CIENCIA POLÍTICA (SANTIAGO. EN LÍNEA),0718-090X,A1,exact_issn,high,TRUE,TRUE,TRUE,FALSE,Revista de ciencia política,https://www.latindex.org/latindex/ficha/14054,exact_normalized_name,high,TRUE,TRUE,TRUE,TRUE,TRUE,TRUE,FALSE
ART00387,Uruguay: entre la izquierda y la derecha,uruguay entre la izquierda y la derecha,2014,published,FALSE,Foreign Affairs Latinoamérica,foreign affairs latinoamerica,1665-1707,,,"ALEJANDRO MILANESI | FREIGEDO, MARTíN",single_source_row,not_applicable,,2,FALSE,Alejandro Milanesi,1,FALSE,FALSE,JRN128,,FALSE,FALSE,,,,,,,FALSE,,,,,,,,,,,,,FALSE,FALSE,FALSE,,,,,,,,,,,,,,,,,TRUE,FOREIGN AFFAIRS: LATINOAMEIRCA,1665-1707,A2,exact_issn,high,FALSE,FALSE,,,,,,,,TRUE,,,,TRUE,FALSE
ART00388,Usos del Pasado.Claudia Hilb,usos del pasado claudia hilb,2014,published,TRUE,Contemporánea,contemporanea,1688-7638,1688-9746,,"RILLA, JOSÉ",single_source_row,not_applicable,,1,TRUE,José Rilla,1,FALSE,FALSE,JRN060,,FALSE,FALSE,,,,,,,FALSE,,,,,,,,,,,,,FALSE,FALSE,FALSE,,,,,,,,,,,,,,,,,FALSE,,,,ambiguous,low,FALSE,FALSE,,,,,,,,,,,,TRUE,FALSE
ART00389,A Natural Experiment in Political Decentralization: Local Institutions and Citizens' Political Engagement in Uruguay,a natural experiment in political decentralization local institutions and citizens political engagement in uruguay,2015,published,TRUE,Latin American Politics and Society,latin american politics and society,1531-426X,1548-2456,10.1111/j.1548-2456.2015.00268.x,"ROSENBLATT, FERRNANDO | MONESTIER, FELIPE | BIDEGAIN, GERMÁN | PIÑEIRO, RAFAEL",exact_doi,high,,4,FALSE,Germán Bidegain | Felipe Monestier,2,TRUE,FALSE,JRN188,18,TRUE,TRUE,26459,Latin American Politics and Society,63,1.107,Q1,58,TRUE,26459,Latin American Politics and Society,153,1.107,Q1,58,Political Science and International Relations,63,1.107,Q1,exact_issn,high,TRUE,TRUE,TRUE,26459,Latin American Politics and Society,3,1.107,1.384,69,341,113,75,186,745,75.0% 186/745 Political Science and International Relations,Active,2001-2026,exact_issn,high,FALSE,,,,conflict,low,FALSE,FALSE,,,,,,,TRUE,,,TRUE,TRUE,TRUE,FALSE
ART00390,"Abrir bajo otro sol los ojos de mi hijo Violencia, política e historiografía en Uruguay",abrir bajo otro sol los ojos de mi hijo violencia politica e historiografia en uruguay,2015,published,TRUE,Pasado Abierto,pasado abierto,,2451-6961,,"RILLA, JOSÉ",single_source_row,not_applicable,,1,TRUE,José Rilla,1,FALSE,FALSE,JRN221,0,FALSE,FALSE,,,,,,,FALSE,,,,,,,,,,,,,FALSE,FALSE,FALSE,,,,,,,,,,,,,,,,,TRUE,PASADO ABIERTO,2451-6961,A4,exact_issn,high,FALSE,FALSE,,,,,,,,TRUE,,,,TRUE,FALSE
ART00391,Análise do ciclo electoral 2014 en Uruguai e dos erros das enquisadoras,analise do ciclo electoral 2014 en uruguai e dos erros das enquisadoras,2015,published,TRUE,Tempo Exterior,tempo exterior,1579-6582,2340-3497,,GERARDO CAETANO,single_source_row,not_applicable,,1,TRUE,Gerardo Caetano,1,FALSE,FALSE,JRN381,7,FALSE,FALSE,,,,,,,FALSE,,,,,,,,,,,,,FALSE,FALSE,FALSE,,,,,,,,,,,,,,,,,TRUE,TEMPO EXTERIOR,1579-6582,A3,exact_issn,high,FALSE,FALSE,,,,,,,,TRUE,,,,TRUE,FALSE
ART00392,Análisis Comparado del Poder Judicial Electrónico en Iberoamérica (2009 y 2011),analisis comparado del poder judicial electronico en iberoamerica 2009 y 2011,2015,published,TRUE,Democracia Digital e Governo Eletrônico,democracia digital e governo eletronico,,2175-9391,,JOSE MIGUEL BUSQUETS,single_source_row,not_applicable,,1,TRUE,José Busquets,1,FALSE,FALSE,JRN080,2,FALSE,FALSE,,,,,,,FALSE,,,,,,,,,,,,,FALSE,FALSE,FALSE,,,,,,,,,,,,,,,,,FALSE,,,,,,FALSE,FALSE,,,,,,,,,,,,TRUE,FALSE
ART00393,Capacidades estatales y regulación en asociaciones público-privada: desafíos para las nuevas estrategias de desarrollo,capacidades estatales y regulacion en asociaciones publico privada desafios para las nuevas estrategias de desarrollo,2015,published,TRUE,Reforma y Democracia,reforma y democracia,1315-2378,2443-4620,,"ALEJANDRO MILANESI | FREIGEDO, MARTíN | FUENTES, GUILLERMO",fuzzy_title_year_journal_authors,high,,3,FALSE,Martín Freigedo | Guillermo Fuentes | Alejandro Milanesi,3,TRUE,FALSE,JRN260,29,TRUE,FALSE,,,,,,,TRUE,19700173159,Reforma y Democracia,1115,0.156,Q4,9,Sociology and Political Science,1115,0.156,Q4,exact_issn,high,TRUE,FALSE,TRUE,19700173159,Reforma y Democracia,0.4,0.156,0.24,19,31,85,14,1305,1530,14.0% 1305/1530 Sociology and Political Science,Active,2008-2026,exact_issn,high,TRUE,REVISTA DEL CLAD REFORMA Y DEMOCRACIA,1315-2378,B1,exact_issn,high,FALSE,FALSE,,,,,,,TRUE,TRUE,,FALSE,FALSE,TRUE,FALSE
ART00394,Co-creando valor publico. Desafíos pendientes para América Latina,co creando valor publico desafios pendientes para america latina,2015,published,TRUE,"Revista Iberoamericana de Ciencia, Tecnología y Sociedad",revista iberoamericana de ciencia tecnologia y sociedad,1668-0030,1850-0013,,"ZURBRIGGEN | GONZÁLEZ LAGO, MARIANA",single_source_row,not_applicable,,2,FALSE,Cristina Zurbriggen,1,FALSE,FALSE,JRN328,,FALSE,FALSE,,,,,,,FALSE,,,,,,,,,,,,,FALSE,FALSE,FALSE,,,,,,,,,,,,,,,,,FALSE,,,,,,FALSE,FALSE,,,,,,,,,,,,TRUE,FALSE
ART00395,Construyendo una coalición para romper el paisaje congelado: alcances y límites de la reforma de la salud en Uruguay (2005-2014),construyendo una coalicion para romper el paisaje congelado alcances y limites de la reforma de la salud en uruguay 2005 2014,2015,published,TRUE,Íconos - Revista de Ciencias Sociales,iconos revista de ciencias sociales,1390-1249,1390-8065,,MARTÍN FREIGEDO | GUILLERMO FUENTES | MARTíN RODRIGUEZ ARAúJO,exact_title_year_journal,high,,3,FALSE,Martín Freigedo | Guillermo Fuentes,2,TRUE,FALSE,JRN151,15,TRUE,FALSE,,,,,,,TRUE,21101044834,Iconos,722,0.301,Q2,9,Sociology and Political Science,722,0.301,Q2,exact_issn,high,TRUE,FALSE,TRUE,21101044834,Iconos,1.3,0.301,0.718,48,166,124,64,192,536,64.0% 192/536 Anthropology,Active,2019-2026,exact_issn,high,FALSE,,,,conflict,low,TRUE,TRUE,TRUE,FALSE,Íconos,https://www.latindex.org/latindex/ficha/8467,exact_normalized_name,high,TRUE,,TRUE,FALSE,TRUE,TRUE,FALSE
ART00396,Decentralization and participation in the educational arena: Uruguay and Chile between 2005 and 2010,decentralization and participation in the educational arena uruguay and chile between 2005 and 2010,2015,published,TRUE,Rumbos en Educación,rumbos en educacion,,0719-6059,,MARÍA ESTER MANCEBO | COAUTORA,single_source_row,not_applicable,,2,FALSE,María Ester Mancebo,1,FALSE,FALSE,JRN355,,FALSE,FALSE,,,,,,,FALSE,,,,,,,,,,,,,FALSE,FALSE,FALSE,,,,,,,,,,,,,,,,,FALSE,,,,,,FALSE,FALSE,,,,,,,,,,,,TRUE,FALSE
ART00397,Decriminalization of abortion in Uruguay: the successful end of a long road,decriminalization of abortion in uruguay the successful end of a long road,2015,published,FALSE,Femina,femina,0100-7254,,,VERÓNICA PÉREZ | Verónica Pérez Bentancur,single_source_row,not_applicable,,2,FALSE,Verónica Pérez Bentancur,1,FALSE,FALSE,JRN127,2,FALSE,FALSE,,,,,,,FALSE,,,,,,,,,,,,,FALSE,FALSE,FALSE,,,,,,,,,,,,,,,,,FALSE,,,,,,FALSE,FALSE,,,,,,,,,,,,TRUE,FALSE
ART00398,Del Pluralismo Incomodo a la Comodidad del Pluralismo,del pluralismo incomodo a la comodidad del pluralismo,2015,published,TRUE,Revista de Ciencia Política (Chile),revista de ciencia politica chile,0716-1417,0718-090X,,MORAES,single_source_row,not_applicable,,1,TRUE,Juan Andrés Moraes,1,FALSE,FALSE,JRN280,,TRUE,TRUE,5100152922,Revista de Ciencia Politica,79,0.975,Q1,28,TRUE,5100152922,Revista de Ciencia Politica,188,0.975,Q1,28,Political Science and International Relations,79,0.975,Q1,exact_issn,high,TRUE,TRUE,TRUE,5100152922,Revista de Ciencia Politica,3.4,0.975,1.404,79,258,77,77,166,745,77.0% 166/745 Political Science and International Relations,Active,2006-2025; 2002,exact_issn,high,TRUE,REVISTA DE CIENCIA POLÍTICA (SANTIAGO. EN LÍNEA),0718-090X,A1,exact_issn,high,TRUE,TRUE,TRUE,FALSE,Revista de ciencia política,https://www.latindex.org/latindex/ficha/14054,exact_normalized_name,high,TRUE,TRUE,TRUE,TRUE,TRUE,TRUE,FALSE
ART00399,El discurso político partidario sobre la política exterior en Brasil y Uruguay (2003-2014),el discurso politico partidario sobre la politica exterior en brasil y uruguay 2003 2014,2015,published,TRUE,Revista Uruguaya de Ciencia Política,revista uruguaya de ciencia politica,,0797-9789,,"LÓPEZ, CAMILO | SILVA, RODINEI",single_source_row,not_applicable,,2,FALSE,Camilo López,1,FALSE,FALSE,JRN351,18,FALSE,FALSE,,,,,,,FALSE,,,,,,,,,,,ambiguous,low,FALSE,FALSE,FALSE,,,,,,,,,,,,,,,ambiguous,low,TRUE,REVISTA URUGUAYA DE CIENCIA POLITICA,1688-499X,A1,exact_issn,high,TRUE,TRUE,TRUE,FALSE,Revista uruguaya de ciencia política,https://www.latindex.org/latindex/ficha/16727,exact_normalized_name,high,,TRUE,TRUE,,,TRUE,FALSE
ART00400,El institucionalismo discursivo como oportunidad:La ciencia política latinoamericana y el estado del arte en la literatura sobre el poder político de las ideas,el institucionalismo discursivo como oportunidad la ciencia politica latinoamericana y el estado del arte en la literatura sobre el poder politico de las ideas,2015,published,TRUE,Política y Gobierno,politica y gobierno,1405-1060,1665-2037,,"GARCÉ, A.",single_source_row,not_applicable,,1,TRUE,Adolfo Garcé,1,FALSE,FALSE,JRN239,52,TRUE,TRUE,19600165500,Politica y Gobierno,579,0.136,Q4,17,FALSE,,,,,,,Political Science and International Relations,579,0.136,Q4,exact_issn,high,TRUE,TRUE,FALSE,19600165500,Politica y Gobierno,1.3,0.136,0.306,43,59,46,47,393,745,47.0% 393/745 Political Science and International Relations,Active,2005-2026; 2000-2003,exact_issn,high,TRUE,POLITICA Y GOBIERNO,1665-2037,A1,exact_issn,high,FALSE,FALSE,,,,,,,TRUE,TRUE,,FALSE,FALSE,TRUE,FALSE
ART00401,Entre el pasado y el presente. Entre lo personal y lo político: Narrativas y apuestas de las ex presas políticas en Uruguay,entre el pasado y el presente entre lo personal y lo politico narrativas y apuestas de las ex presas politicas en uruguay,2015,published,TRUE,Revista Tempo e Argumento,revista tempo e argumento,,2175-1803,,DE GIORGI,single_source_row,not_applicable,,1,TRUE,Ana Laura de Giorgi,1,FALSE,FALSE,JRN350,23,FALSE,FALSE,,,,,,,FALSE,,,,,,,,,,,,,FALSE,FALSE,FALSE,,,,,,,,,,,,,,,,,TRUE,TEMPO E ARGUMENTO,2175-1803,A1,exact_issn,high,FALSE,FALSE,,,,,,,,TRUE,,,,TRUE,FALSE
ART00402,Espacio Interdisciplinario: convergencia entre integralidad e interdisciplina,espacio interdisciplinario convergencia entre integralidad e interdisciplina,2015,published,TRUE,INTERdisciplina,interdisciplina,,2448-5705,10.22201/ceiich.24485705e.2015.5.47624,CLAUDIO MARTÍNEZ | BIANCA VIENNI | PAULA CRUZ | LORENA REPETTO,single_source_row,not_applicable,,4,FALSE,Lorena Repetto,1,FALSE,FALSE,JRN155,5,FALSE,FALSE,,,,,,,FALSE,,,,,,,,,,,,,FALSE,FALSE,FALSE,,,,,,,,,,,,,,,,,FALSE,,,,,,FALSE,FALSE,,,,,,,,,,,,TRUE,FALSE
ART00403,Factores de mediano y largo plazo para el análisis del proceso electoral de 2014 en Uruguay,factores de mediano y largo plazo para el analisis del proceso electoral de 2014 en uruguay,2015,published,FALSE,Anuario Latinoamericano,anuario latinoamericano,2392-0343,2449-8483,10.17951/al.2015.2.17,"BUQUET, D",single_source_row,not_applicable,,1,TRUE,Daniel Buquet,1,FALSE,FALSE,JRN023,8,FALSE,FALSE,,,,,,,FALSE,,,,,,,,,,,,,FALSE,FALSE,FALSE,,,,,,,,,,,,,,,,,TRUE,ANUARIO LATINOAMERICANO,2392-0343,A2,exact_issn,high,FALSE,FALSE,,,,,,,,TRUE,,,,TRUE,FALSE
ART00404,¿Hacia un nuevo paradigma integracionista en el Mercosur? Contextos y desafíos de la encrucijada actual,hacia un nuevo paradigma integracionista en el mercosur contextos y desafios de la encrucijada actual,2015,published,TRUE,Relaciones Internacionales (España),relaciones internacionales espana,,1699-3950,,GERARDO CAETANO,single_source_row,not_applicable,,1,TRUE,Gerardo Caetano,1,FALSE,FALSE,JRN265,17,FALSE,FALSE,,,,,,,FALSE,,,,,,,,,,,,,FALSE,FALSE,FALSE,,,,,,,,,,,,,,,,,TRUE,RELACIONES INTERNACIONALES (MADRID),1699-3950,A1,exact_issn,high,FALSE,FALSE,,,,,ambiguous,low,,TRUE,,,,TRUE,FALSE
ART00405,Hacia un pluralismo inteligente. Respuesta a Juan Andrés Moraes,hacia un pluralismo inteligente respuesta a juan andres moraes,2015,published,TRUE,Revista de Ciencia Política (Chile),revista de ciencia politica chile,0716-1417,0718-090X,,"GARCÉ, A.",single_source_row,not_applicable,,1,TRUE,Adolfo Garcé,1,FALSE,FALSE,JRN280,3,TRUE,TRUE,5100152922,Revista de Ciencia Politica,79,0.975,Q1,28,TRUE,5100152922,Revista de Ciencia Politica,188,0.975,Q1,28,Political Science and International Relations,79,0.975,Q1,exact_issn,high,TRUE,TRUE,TRUE,5100152922,Revista de Ciencia Politica,3.4,0.975,1.404,79,258,77,77,166,745,77.0% 166/745 Political Science and International Relations,Active,2006-2025; 2002,exact_issn,high,TRUE,REVISTA DE CIENCIA POLÍTICA (SANTIAGO. EN LÍNEA),0718-090X,A1,exact_issn,high,TRUE,TRUE,TRUE,FALSE,Revista de ciencia política,https://www.latindex.org/latindex/ficha/14054,exact_normalized_name,high,TRUE,TRUE,TRUE,TRUE,TRUE,TRUE,FALSE
ART00406,Human Rights and Transnational Solidarity in Cold War Latin America,human rights and transnational solidarity in cold war latin america,2015,published,TRUE,Journal of American Studies,journal of american studies,0021-8758,1469-5154,10.1017/s0021875814002357,YAFFÉ,single_source_row,not_applicable,,1,TRUE,Jaime Yaffé,1,FALSE,FALSE,JRN168,,FALSE,FALSE,,,,,,,FALSE,,,,,,,,,,,ambiguous,low,FALSE,FALSE,FALSE,,,,,,,,,,,,,,,ambiguous,low,FALSE,,,,,,FALSE,FALSE,,,,,,,,,,,,TRUE,FALSE
ART00407,Identidades y alteridades en el Río de la Plata. Una visión histórica desde la banda oriental del “río mar,identidades y alteridades en el rio de la plata una vision historica desde la banda oriental del rio mar,2015,published,TRUE,Sociohistórica,sociohistorica,1853-6344,1852-1606,,GERARDO CAETANO,single_source_row,not_applicable,,1,TRUE,Gerardo Caetano,1,FALSE,FALSE,JRN365,2,FALSE,FALSE,,,,,,,FALSE,,,,,,,,,,,,,FALSE,FALSE,FALSE,,,,,,,,,,,,,,,,,FALSE,,,,,,FALSE,FALSE,,,,,,,,,,,,TRUE,FALSE
ART00408,Income and Democracy: Pushing beyond the borders of logic to explain a strong correlation?,income and democracy pushing beyond the borders of logic to explain a strong correlation,2015,published,TRUE,Constitutional Political Economy,constitutional political economy,1043-4062,1572-9966,10.1007/s10602-014-9175-x,"TRAVERSA, FEDERICO",single_source_row,not_applicable,,1,TRUE,Federico Traversa,1,FALSE,FALSE,JRN059,,TRUE,FALSE,,,,,,,TRUE,24010,Constitutional Political Economy,772,0.27,Q3,36,Sociology and Political Science,772,0.27,Q3,exact_issn,high,TRUE,FALSE,TRUE,24010,Constitutional Political Economy,2.3,0.27,0.743,72,225,100,85,129,891,85.0% 129/891 Philosophy,Active,1990-2026,exact_issn,high,FALSE,,,,,,FALSE,FALSE,,,,,,,TRUE,,,FALSE,FALSE,TRUE,FALSE
ART00409,"Inequality, Collective Action and Redistribution: a New Indicator for Assessing a Complex Relationship",inequality collective action and redistribution a new indicator for assessing a complex relationship,2015,published,TRUE,Revista Española de Investigaciones Sociológicas,revista espanola de investigaciones sociologicas,0210-5233,1988-5903,10.5477/cis/reis.151.167.151.167,"TRAVERSA, FEDERICO",single_source_row,not_applicable,,1,TRUE,Federico Traversa,1,FALSE,FALSE,JRN319,1,TRUE,FALSE,,,,,,,TRUE,5600153110,Revista Espanola de Investigaciones Sociologicas,640,0.343,Q2,26,Sociology and Political Science,640,0.343,Q2,exact_issn,high,TRUE,FALSE,TRUE,5600153110,Revista Espanola de Investigaciones Sociologicas,2,0.343,0.835,59,267,136,58,628,1530,58.0% 628/1530 Sociology and Political Science,Active,2008-2026; 1980-1983,exact_issn,high,FALSE,,,,,,TRUE,TRUE,TRUE,FALSE,Revista española de investigaciones sociológicas,https://www.latindex.org/latindex/ficha/15637,exact_normalized_name,high,TRUE,,TRUE,FALSE,TRUE,TRUE,FALSE
ART00410,La agenda externa del Mercosur y las negociaciones con la Unión Europea: ¿la última oportunidad?,la agenda externa del mercosur y las negociaciones con la union europea la ultima oportunidad,2015,published,TRUE,Aldea Mundo,aldea mundo,1316-6727,2443-4515,,GERARDO CAETANO | GERARDO CAETANO - IGNACIO BARTESAGHI,single_source_row,not_applicable,,2,FALSE,Gerardo Caetano,1,FALSE,FALSE,JRN011,27,FALSE,FALSE,,,,,,,FALSE,,,,,,,,,,,,,FALSE,FALSE,FALSE,,,,,,,,,,,,,,,,,TRUE,ALDEA MUNDO. REVISTA SOBRE FRONTERAS Y INTEGRACIÓN,1316-6727,A4,exact_issn,high,FALSE,FALSE,,,,,,,,TRUE,,,,TRUE,FALSE
ART00411,"La ciencia política en Uruguay: Entre la profesionalización, la partidización y el fantasma del “Movimiento Perestroika”*",la ciencia politica en uruguay entre la profesionalizacion la partidizacion y el fantasma del movimiento perestroika,2015,published,TRUE,Revista de Ciencia Política (Chile),revista de ciencia politica chile,0716-1417,0718-090X,,"GARCÉ, A. | ROCHA-CARPIUC",exact_title_year_journal,high,,2,FALSE,Adolfo Garcé | Cecilia Rocha-Carpiuc,2,TRUE,FALSE,JRN280,32,TRUE,TRUE,5100152922,Revista de Ciencia Politica,79,0.975,Q1,28,TRUE,5100152922,Revista de Ciencia Politica,188,0.975,Q1,28,Political Science and International Relations,79,0.975,Q1,exact_issn,high,TRUE,TRUE,TRUE,5100152922,Revista de Ciencia Politica,3.4,0.975,1.404,79,258,77,77,166,745,77.0% 166/745 Political Science and International Relations,Active,2006-2025; 2002,exact_issn,high,TRUE,REVISTA DE CIENCIA POLÍTICA (SANTIAGO. EN LÍNEA),0718-090X,A1,exact_issn,high,TRUE,TRUE,TRUE,FALSE,Revista de ciencia política,https://www.latindex.org/latindex/ficha/14054,exact_normalized_name,high,TRUE,TRUE,TRUE,TRUE,TRUE,TRUE,FALSE
ART00412,La democracia infinita. Lefort entre Habermas y Mouffe,la democracia infinita lefort entre habermas y mouffe,2015,published,TRUE,Revista Uruguaya de Ciencia Política,revista uruguaya de ciencia politica,,0797-9789,,JULIÁN GONZÁLEZ | Julián González Scandizzi,single_source_row,not_applicable,,2,FALSE,Julián González Scandizzi,1,FALSE,FALSE,JRN351,3,FALSE,FALSE,,,,,,,FALSE,,,,,,,,,,,ambiguous,low,FALSE,FALSE,FALSE,,,,,,,,,,,,,,,ambiguous,low,TRUE,REVISTA URUGUAYA DE CIENCIA POLITICA,1688-499X,A1,exact_issn,high,TRUE,TRUE,TRUE,FALSE,Revista uruguaya de ciencia política,https://www.latindex.org/latindex/ficha/16727,exact_normalized_name,high,,TRUE,TRUE,,,TRUE,FALSE
ART00413,La difícil construcción política de la función de coordinación en el área pública social,la dificil construccion politica de la funcion de coordinacion en el area publica social,2015,published,TRUE,"Estado, gobierno, gestión pública",estado gobierno gestion publica,0717-8980,0717-6759,,"CASTILLO, M. | FUENTES, G. | MIDAGLIA, C.",single_source_row,not_applicable,,3,FALSE,Guillermo Fuentes,1,FALSE,FALSE,JRN320,8,FALSE,FALSE,,,,,,,FALSE,,,,,,,,,,,,,FALSE,FALSE,FALSE,,,,,,,,,,,,,,,,,TRUE,"ESTADO, GOBIERNO, GESTIÓN PÚBLICA (EN LÍNEA)",0717-8980,B1,exact_issn,high,FALSE,FALSE,,,,,ambiguous,low,,TRUE,,,,TRUE,FALSE
ART00414,La enseñanza de la Ciencia Política en las carreras de Derecho. Un estudio comparado de las principales universidades de América Latina,la ensenanza de la ciencia politica en las carreras de derecho un estudio comparado de las principales universidades de america latina,2015,published,FALSE,Anuario de Jurisprudencia Laboral,anuario de jurisprudencia laboral,0797-079X,,,"DELBONO, ANDREA | CARNEIRO, FABRICIO | LÓPEZ, CAMILO | SCHENCK, MARCELA | ZAPATA, LUCìA",exact_title_year_journal,high,,5,FALSE,Camilo López | Andrea Delbono,2,TRUE,FALSE,JRN021,0,FALSE,FALSE,,,,,,,FALSE,,,,,,,,,,,,,FALSE,FALSE,FALSE,,,,,,,,,,,,,,,,,FALSE,,,,,,FALSE,FALSE,,,,,,,,,,,,TRUE,FALSE
ART00415,La estratificación social como reto para el ajuste de los sistemas de bienestar,la estratificacion social como reto para el ajuste de los sistemas de bienestar,2015,published,TRUE,Revista Latinoamericana de Investigación Crítica,revista latinoamericana de investigacion critica,2409-1308,,,"ANTÍA, FLORENCIA | MIDAGLIA, CARMEN | CASTILLO, MARCELO",fuzzy_title_year_journal_authors,high,,3,FALSE,Florencia Antía | Carmen Midaglia,2,TRUE,FALSE,JRN337,6,FALSE,FALSE,,,,,,,FALSE,,,,,,,,,,,,,FALSE,FALSE,FALSE,,,,,,,,,,,,,,,,,FALSE,,,,,,FALSE,FALSE,,,,,,,,,,,,TRUE,FALSE
ART00416,La otra nueva ola Jóvenes mujeres comunistas en el Uruguay de los 60,la otra nueva ola jovenes mujeres comunistas en el uruguay de los 60,2015,published,TRUE,Izquierdas,izquierdas,,0718-5049,,DE GIORGI,single_source_row,not_applicable,,1,TRUE,Ana Laura de Giorgi,1,FALSE,FALSE,JRN167,15,TRUE,TRUE,21100258911,Izquierdas,477,0.194,Q3,13,TRUE,21100258911,Izquierdas,967,0.194,Q3,13,Political Science and International Relations,477,0.194,Q3,exact_issn,high,TRUE,TRUE,TRUE,21100258911,Izquierdas,0.3,0.194,0.357,20,98,310,44,1075,1936,44.0% 1075/1936 History,Active,2013-2026,exact_issn,high,TRUE,IZQUIERDAS (SANTIAGO),0718-5049,A1,exact_issn,high,FALSE,FALSE,,,,,,,TRUE,TRUE,,FALSE,FALSE,TRUE,FALSE
ART00417,La política sexual de la educación,la politica sexual de la educacion,2015,published,TRUE,Convocación Educativa,convocacion educativa,1688-6720,,,DIEGO SEMPOL,single_source_row,not_applicable,,1,TRUE,Diego Sempol,1,FALSE,FALSE,JRN062,,FALSE,FALSE,,,,,,,FALSE,,,,,,,,,,,,,FALSE,FALSE,FALSE,,,,,,,,,,,,,,,,,FALSE,,,,,,FALSE,FALSE,,,,,,,,,,,,TRUE,FALSE
ART00418,"La recepción de Maquiavelo y los neo - maquiavelistas en la Ciencia Política, con especial referencia al caso uruguayo ( 1957 - 1985",la recepcion de maquiavelo y los neo maquiavelistas en la ciencia politica con especial referencia al caso uruguayo 1957 1985,2015,published,TRUE,Revista de la Facultad de Derecho,revista de la facultad de derecho,0797-8316,2301-0665,,"BUSQUETS, J. M. | SARLO, O. | Andrea Delbono",exact_title_year_journal,high,,3,FALSE,José Busquets | Andrea Delbono,2,TRUE,FALSE,JRN301,8,FALSE,FALSE,,,,,,,FALSE,,,,,,,,,,,,,FALSE,FALSE,FALSE,,,,,,,,,,,,,,,,,FALSE,,,,ambiguous,low,FALSE,FALSE,,,,,,,,,,,,TRUE,FALSE
ART00419,Las políticas de inclusión educativa en Uruguay: ¿erosión de la matriz institucional clásica de la arena educativa?,las politicas de inclusion educativa en uruguay erosion de la matriz institucional clasica de la arena educativa,2015,published,FALSE,Revista Latinoamericana de Políticas y Administración de la Educación,revista latinoamericana de politicas y administracion de la educacion,,2408-4573,,MARÍA ESTER MANCEBO | TUTOR,single_source_row,not_applicable,,2,FALSE,María Ester Mancebo,1,FALSE,FALSE,JRN338,16,FALSE,FALSE,,,,,,,FALSE,,,,,,,,,,,,,FALSE,FALSE,FALSE,,,,,,,,,,,,,,,,,FALSE,,,,,,TRUE,TRUE,TRUE,FALSE,Revista latinoamericana de políticas y administración de la educación,https://www.latindex.org/latindex/ficha/23178,exact_normalized_name,high,,,TRUE,,,TRUE,FALSE
ART00420,"Mémoires et patrimoine du passé récent. L'oubli, le vertige et l'établissement à Montevideo",memoires et patrimoine du passe recent loubli le vertige et letablissement a montevideo,2015,published,FALSE,Usages Publics du Passé,usages publics du passe,,2115-9408,,"RILLA, JOSÉ",single_source_row,not_applicable,,1,TRUE,José Rilla,1,FALSE,FALSE,JRN398,,FALSE,FALSE,,,,,,,FALSE,,,,,,,,,,,,,FALSE,FALSE,FALSE,,,,,,,,,,,,,,,,,FALSE,,,,,,FALSE,FALSE,,,,,,,,,,,,TRUE,FALSE
ART00421,Memoria e historiografía en torno a las instrucciones orientales de 1813,memoria e historiografia en torno a las instrucciones orientales de 1813,2015,published,TRUE,Almanack,almanack,,2236-4633,,GERARDO CAETANO | GERARDO CAETANO - ANA RIBEIRO,single_source_row,not_applicable,,2,FALSE,Gerardo Caetano,1,FALSE,FALSE,JRN013,1,FALSE,FALSE,,,,,,,FALSE,,,,,,,,,,,,,FALSE,FALSE,FALSE,,,,,,,,,,,,,,,,,TRUE,ALMANACK,2236-4633,A1,exact_issn,high,FALSE,FALSE,,,,,,,,TRUE,,,,TRUE,FALSE
ART00422,"Partidos políticos, ideología y política exterior en Uruguay (2010-2014)",partidos politicos ideologia y politica exterior en uruguay 2010 2014,2015,published,TRUE,Colombia Internacional,colombia internacional,0121-5612,1900-6004,10.7440/colombiaint83.2015.06,"LÓPEZ, CAMILO",single_source_row,not_applicable,,1,TRUE,Camilo López,1,FALSE,FALSE,JRN053,64,TRUE,TRUE,5800169849,Colombia Internacional,407,0.239,Q3,18,TRUE,5800169849,Colombia Internacional,837,0.239,Q3,18,Political Science and International Relations,407,0.239,Q3,exact_issn,high,TRUE,TRUE,TRUE,5800169849,Colombia Internacional,1.4,0.239,0.752,55,151,105,90,176,1936,90.0% 176/1936 History,Active,2011-2026,exact_issn,high,FALSE,,,,conflict,low,TRUE,TRUE,FALSE,TRUE,Colombia Internacional,https://www.latindex.org/latindex/ficha/4440,exact_normalized_name,high,TRUE,,TRUE,FALSE,FALSE,TRUE,FALSE
ART00423,"Political-Knowledge Regimes: Building a New Concept from Selected Policy-Change Events in the Tabaré Vázquez Administration (Uruguay, 2005 2009)",political knowledge regimes building a new concept from selected policy change events in the tabare vazquez administration uruguay 2005 2009,2015,published,TRUE,World Political Science Review,world political science review,,1935-6226,,"GARCÉ, A.",single_source_row,not_applicable,,1,TRUE,Adolfo Garcé,1,FALSE,FALSE,JRN404,4,FALSE,FALSE,,,,,,,FALSE,,,,,,,,,,,,,TRUE,TRUE,FALSE,17500155130,World Political Science Review,,,,,,,,,,,Inactive,2009-2014,exact_issn,high,FALSE,,,,,,FALSE,FALSE,,,,,,,,,,,,TRUE,FALSE
ART00424,Políticas de innovación e investigación. ¿Qué capacidades para qué cuáles políticas?,politicas de innovacion e investigacion que capacidades para que cuales politicas,2015,published,TRUE,Innovar,innovar,0121-5051,2248-6968,,"BIANCHI, C. | PITTALUGA, L. | FUENTES, G.",single_source_row,not_applicable,,3,FALSE,Guillermo Fuentes,1,FALSE,FALSE,JRN152,,TRUE,FALSE,,,,,,,TRUE,11600153630,Innovar,1142,0.15,Q4,20,Sociology and Political Science,1142,0.15,Q4,exact_issn,high,TRUE,FALSE,TRUE,11600153630,Innovar,1.3,0.15,0.365,61,212,165,46,819,1530,46.0% 819/1530 Sociology and Political Science,Active,2008-2026,exact_issn,high,FALSE,,,,,,FALSE,FALSE,,,,,,,TRUE,,,FALSE,FALSE,TRUE,FALSE
ART00425,Producción de las ciencias sociales en América Latina,produccion de las ciencias sociales en america latina,2015,published,TRUE,Revista Latinoamericana de Investigación Crítica,revista latinoamericana de investigacion critica,2409-1308,,,"BUQUET, D",single_source_row,not_applicable,,1,TRUE,Daniel Buquet,1,FALSE,FALSE,JRN337,13,FALSE,FALSE,,,,,,,FALSE,,,,,,,,,,,,,FALSE,FALSE,FALSE,,,,,,,,,,,,,,,,,FALSE,,,,,,FALSE,FALSE,,,,,,,,,,,,TRUE,FALSE
ART00426,"¿Quiénes, cómo y para qué?: los espacios de participación convocados por el Ministerio de Desarrollo Social uruguayo",quienes como y para que los espacios de participacion convocados por el ministerio de desarrollo social uruguayo,2015,published,TRUE,Espiral estudios sobre Estado y sociedad,espiral estudios sobre estado y sociedad,1665-0565,2594-021X,,"FUENTES, G. | BUSCHIAZZO, V. | CASTILLO, M.",single_source_row,not_applicable,,3,FALSE,Guillermo Fuentes,1,FALSE,FALSE,JRN113,5,FALSE,FALSE,,,,,,,FALSE,,,,,,,,,,,,,FALSE,FALSE,FALSE,,,,,,,,,,,,,,,,,FALSE,,,,,,FALSE,FALSE,,,,,,,,,,,,TRUE,FALSE
ART00427,“¿Somos mucho más que dos? El partido de la Concertación y las elecciones departamentales 2015”,somos mucho mas que dos el partido de la concertacion y las elecciones departamentales 2015,2015,published,TRUE,Revista iberoamericana de estudios municipales,revista iberoamericana de estudios municipales,,0718-8838,,ANTONIO CARDARELLO | COAUTOR,single_source_row,not_applicable,,2,FALSE,Antonio Cardarello,1,FALSE,FALSE,JRN329,2,FALSE,FALSE,,,,,,,FALSE,,,,,,,,,,,,,FALSE,FALSE,FALSE,,,,,,,,,,,,,,,,,TRUE,REVISTA IBEROAMERICANA DE ESTUDIOS MUNICIPALES,0719-1790,A4,exact_issn,high,TRUE,TRUE,TRUE,FALSE,Revista iberoamericana de estudios municipales,https://www.latindex.org/latindex/ficha/22784,exact_normalized_name,high,,TRUE,TRUE,,,TRUE,FALSE
ART00428,Uruguay 2014: Not much of a change in a changing country,uruguay 2014 not much of a change in a changing country,2015,published,TRUE,Electoral Studies,electoral studies,0261-3794,,10.1016/j.electstud.2014.12.005,"ALTMAN, D | BUQUET, D",single_source_row,not_applicable,,2,FALSE,Daniel Buquet,1,FALSE,FALSE,JRN099,4,TRUE,TRUE,16114,Electoral Studies,18,2.08,Q1,98,FALSE,,,,,,,Political Science and International Relations,18,2.08,Q1,exact_issn,high,TRUE,TRUE,FALSE,16114,Electoral Studies,4.7,2.08,1.826,69,1799,384,86,104,745,86.0% 104/745 Political Science and International Relations,Active,1982-2026,exact_issn,high,TRUE,ELECTORAL STUDIES,0261-3794,A1,exact_issn,high,FALSE,FALSE,,,,,,,TRUE,TRUE,,TRUE,TRUE,TRUE,FALSE
ART00429,Uruguay y la Alianza del Pacífico: ¿repensando el modelo de inserción internacional?,uruguay y la alianza del pacifico repensando el modelo de insercion internacional,2015,published,TRUE,"Cuaderno sobre Relaciones Internacionales, Regionalismo y Desarrollo",cuaderno sobre relaciones internacionales regionalismo y desarrollo,1856-349X,,,"CLEMENTE, ISABEL | LÓPEZ, CAMILO | TELIAS, DIEGO",single_source_row,not_applicable,,3,FALSE,Camilo López,1,FALSE,FALSE,JRN065,13,FALSE,FALSE,,,,,,,FALSE,,,,,,,,,,,,,FALSE,FALSE,FALSE,,,,,,,,,,,,,,,,,TRUE,"CUADERNOS SOBRE RELACIONES INTERNACIONALES, REGIONALISMO Y DESARROLLO",1856-349X,B1,exact_issn,high,FALSE,FALSE,,,,,,,,TRUE,,,,TRUE,FALSE
ART00430,“Uruguay y su prospectiva de desarrollo. Oportunidades y restricciones”,uruguay y su prospectiva de desarrollo oportunidades y restricciones,2015,published,TRUE,Íconos - Revista de Ciencias Sociales,iconos revista de ciencias sociales,1390-1249,1390-8065,,GERARDO CAETANO | GUSTAVO DE ARMAS,single_source_row,not_applicable,,2,FALSE,Gerardo Caetano,1,FALSE,FALSE,JRN151,6,TRUE,FALSE,,,,,,,TRUE,21101044834,Iconos,722,0.301,Q2,9,Sociology and Political Science,722,0.301,Q2,exact_issn,high,TRUE,FALSE,TRUE,21101044834,Iconos,1.3,0.301,0.718,48,166,124,64,192,536,64.0% 192/536 Anthropology,Active,2019-2026,exact_issn,high,FALSE,,,,conflict,low,TRUE,TRUE,TRUE,FALSE,Íconos,https://www.latindex.org/latindex/ficha/8467,exact_normalized_name,high,TRUE,,TRUE,FALSE,TRUE,TRUE,FALSE
ART00431,Violencia escolar homo-lesbo-transfóbica. Del paradigma de los emergentes a la modificación del universal,violencia escolar homo lesbo transfobica del paradigma de los emergentes a la modificacion del universal,2015,published,TRUE,Convocación Educativa,convocacion educativa,1688-6720,,,DIEGO SEMPOL,single_source_row,not_applicable,,1,TRUE,Diego Sempol,1,FALSE,FALSE,JRN062,,FALSE,FALSE,,,,,,,FALSE,,,,,,,,,,,,,FALSE,FALSE,FALSE,,,,,,,,,,,,,,,,,FALSE,,,,,,FALSE,FALSE,,,,,,,,,,,,TRUE,FALSE
ART00432,Violencia heteronormativa hacia personas trans en instituciones educativas en Uruguay,violencia heteronormativa hacia personas trans en instituciones educativas en uruguay,2015,published,TRUE,Temas de Educación,temas de educacion,0716-7423,0719-8639,,ROCHA-CARPIUC,single_source_row,not_applicable,,1,TRUE,Cecilia Rocha-Carpiuc,1,FALSE,FALSE,JRN378,22,FALSE,FALSE,,,,,,,FALSE,,,,,,,,,,,,,FALSE,FALSE,FALSE,,,,,,,,,,,,,,,,,FALSE,,,,,,FALSE,FALSE,,,,,,,,,,,,TRUE,FALSE
ART00433,A New Way of Doing Politics? Cross-Party Women's Caucuses as Critical Actors in Uganda and Uruguay,a new way of doing politics cross party womens caucuses as critical actors in uganda and uruguay,2016,published,TRUE,Parliamentary Affairs,parliamentary affairs,,0031-2290,10.1093/pa/gsw011,"NIKI JOHNSON | JOSEFSSON, C.",single_source_row,not_applicable,,2,FALSE,Niki Johnson,1,FALSE,FALSE,JRN217,56,TRUE,FALSE,,,,,,,TRUE,22222,Parliamentary Affairs,265,0.787,Q1,57,Sociology and Political Science,265,0.787,Q1,exact_issn,high,TRUE,FALSE,TRUE,22222,Parliamentary Affairs,3.9,0.787,1.406,68,715,182,87,146,1162,87.0% 146/1162 Law,Active,1947-2026,exact_issn,high,TRUE,PARLIAMENTARY AFFAIRS (PRINT),0031-2290,A3,exact_issn,high,FALSE,FALSE,,,,,,,TRUE,TRUE,,TRUE,TRUE,TRUE,FALSE
ART00434,Balances y desafíos en Uruguay luego de una década de gobierno de la izquierda,balances y desafios en uruguay luego de una decada de gobierno de la izquierda,2016,published,TRUE,Cadernos PROLAM/USP,cadernos prolam usp,,1676-6288,,GERARDO CAETANO,single_source_row,not_applicable,,1,TRUE,Gerardo Caetano,1,FALSE,FALSE,JRN044,1,FALSE,FALSE,,,,,,,FALSE,,,,,,,,,,,,,FALSE,FALSE,FALSE,,,,,,,,,,,,,,,,,TRUE,CADERNOS PROLAM/USP,1676-6288,B1,exact_issn,high,FALSE,FALSE,,,,,,,,TRUE,,,,TRUE,FALSE
ART00435,Comportamiento electoral en Uruguay: la victoria de Tabaré Vázquez en las elecciones presidenciales de 2014,comportamiento electoral en uruguay la victoria de tabare vazquez en las elecciones presidenciales de 2014,2016,published,TRUE,Em Tese,em tese,,1806-5023,,DANIELA VAIRO | José Raúl Rodríguez,single_source_row,not_applicable,,2,FALSE,Daniela Vairo,1,FALSE,FALSE,JRN102,9,FALSE,FALSE,,,,,,,FALSE,,,,,,,,,,,,,FALSE,FALSE,FALSE,,,,,,,,,,,,,,,,,TRUE,EM TESE (FLORIANÓPOLIS),1806-5023,A4,exact_issn,high,TRUE,TRUE,TRUE,FALSE,Em Tese,https://www.latindex.org/latindex/ficha/21615,exact_normalized_name,high,,TRUE,TRUE,,,TRUE,FALSE
ART00436,Desarrollo económico y estabilidad democrática: un problema fundamental para la política comparada latinoamericana,desarrollo economico y estabilidad democratica un problema fundamental para la politica comparada latinoamericana,2016,published,TRUE,Revista Debates,revista debates,,1982-5269,,"TRAVERSA, FEDERICO",single_source_row,not_applicable,,1,TRUE,Federico Traversa,1,FALSE,FALSE,JRN307,1,FALSE,FALSE,,,,,,,FALSE,,,,,,,,,,,,,FALSE,FALSE,FALSE,,,,,,,,,,,,,,,,,FALSE,,,,conflict,low,FALSE,FALSE,,,,,,,,,,,,TRUE,FALSE
ART00437,El desacuerdo de régimen en América Latina y algunas de sus implicaciones,el desacuerdo de regimen en america latina y algunas de sus implicaciones,2016,published,FALSE,Pensamiento Iberoamericano,pensamiento iberoamericano,0212-0208,,,GERARDO CAETANO,single_source_row,not_applicable,,1,TRUE,Gerardo Caetano,1,FALSE,FALSE,JRN225,0,FALSE,FALSE,,,,,,,FALSE,,,,,,,,,,,,,FALSE,FALSE,FALSE,,,,,,,,,,,,,,,,,FALSE,,,,,,FALSE,FALSE,,,,,,,,,,,,TRUE,FALSE
ART00438,“El escenario sub nacional en transformación: las reformas institucionales y su impacto en la configuración del mapa político local en Uruguay”,el escenario sub nacional en transformacion las reformas institucionales y su impacto en la configuracion del mapa politico local en uruguay,2016,published,TRUE,Revista Uruguaya de Ciencia Política,revista uruguaya de ciencia politica,,0797-9789,,ANTONIO CARDARELLO,single_source_row,not_applicable,,1,TRUE,Antonio Cardarello,1,FALSE,FALSE,JRN351,14,FALSE,FALSE,,,,,,,FALSE,,,,,,,,,,,ambiguous,low,FALSE,FALSE,FALSE,,,,,,,,,,,,,,,ambiguous,low,TRUE,REVISTA URUGUAYA DE CIENCIA POLITICA,1688-499X,A1,exact_issn,high,TRUE,TRUE,TRUE,FALSE,Revista uruguaya de ciencia política,https://www.latindex.org/latindex/ficha/16727,exact_normalized_name,high,,TRUE,TRUE,,,TRUE,FALSE
ART00439,El pragmatismo como ideología: José Serra y la política exterior brasileña,el pragmatismo como ideologia jose serra y la politica exterior brasilena,2016,published,FALSE,Observatorio de Política Exterior Uruguaya Boletín Trimestral,observatorio de politica exterior uruguaya boletin trimestral,1688-7778,,,"LÓPEZ, CAMILO",single_source_row,not_applicable,,1,TRUE,Camilo López,1,FALSE,FALSE,JRN208,5,FALSE,FALSE,,,,,,,FALSE,,,,,,,,,,,,,FALSE,FALSE,FALSE,,,,,,,,,,,,,,,,,FALSE,,,,,,FALSE,FALSE,,,,,,,,,,,,TRUE,FALSE
ART00440,El tercer gobierno del Frente Amplio en Uruguay: supremacía electoral de la izquierda y perspectiva de reformas institucionales,el tercer gobierno del frente amplio en uruguay supremacia electoral de la izquierda y perspectiva de reformas institucionales,2016,published,TRUE,POSTData. Revista de Reflexión y Análisis Político,postdata revista de reflexion y analisis politico,1515-209X,1851-9601,,"LUJÁN, DIEGO | LÓPEZ, CAMILO",exact_title_year_journal,high,,2,FALSE,Camilo López | Diego Luján,2,TRUE,FALSE,JRN245,8,FALSE,FALSE,,,,,,,FALSE,,,,,,,,,,,,,FALSE,FALSE,FALSE,,,,,,,,,,,,,,,,,FALSE,,,,,,FALSE,FALSE,,,,,,,,,,,,TRUE,FALSE
ART00441,En los bordes del poder mundial: Brasil a comienzos del siglo XXI,en los bordes del poder mundial brasil a comienzos del siglo xxi,2016,published,TRUE,Conjuntura Austral,conjuntura austral,,2178-8839,,Carlos Luján,single_source_row,not_applicable,,1,TRUE,Carlos Luján,1,FALSE,FALSE,JRN057,,FALSE,FALSE,,,,,,,FALSE,,,,,,,,,,,,,FALSE,FALSE,FALSE,,,,,,,,,,,,,,,,,TRUE,CONJUNTURA AUSTRAL,2178-8839,A2,exact_issn,high,TRUE,TRUE,FALSE,TRUE,Conjuntura Austral,https://www.latindex.org/latindex/ficha/4668,exact_normalized_name,high,,TRUE,TRUE,,,TRUE,FALSE
ART00442,"Genealogías de la política uruguaya moderna: disputas y balances entre liberalismo, republicanismo y democracia en el Uruguay del siglo XIX",genealogias de la politica uruguaya moderna disputas y balances entre liberalismo republicanismo y democracia en el uruguay del siglo xix,2016,published,TRUE,Claves,claves,,2393-6584,,GERARDO CAETANO,single_source_row,not_applicable,,1,TRUE,Gerardo Caetano,1,FALSE,FALSE,JRN050,0,FALSE,FALSE,,,,,,,FALSE,,,,,,,,,,,,,FALSE,FALSE,FALSE,,,,,,,,,,,,,,,,,FALSE,,,,,,FALSE,FALSE,,,,,,,,,,,,TRUE,FALSE
ART00443,Hacia un nuevo Estado Desarrollista. Desafíos para América Latina,hacia un nuevo estado desarrollista desafios para america latina,2016,published,TRUE,Perfiles Latinoamericanos,perfiles latinoamericanos,0188-7653,2309-4982,,ZURBRIGGEN | ZURBRIGGEN,single_source_row,not_applicable,,2,FALSE,Cristina Zurbriggen,1,FALSE,FALSE,JRN226,,TRUE,FALSE,,,,,,,TRUE,5600153356,Perfiles Latinoamericanos,941,0.203,Q3,16,Sociology and Political Science,941,0.203,Q3,exact_issn,high,TRUE,FALSE,TRUE,5600153356,Perfiles Latinoamericanos,0.9,0.203,0.769,39,100,112,36,977,1530,36.0% 977/1530 Sociology and Political Science,Active,2008-2026,exact_issn,high,FALSE,,,,,,FALSE,FALSE,,,,,,,TRUE,,,FALSE,FALSE,TRUE,FALSE
ART00444,HIJOS Uruguay. A 20 años de un ensayo de memoria generacional,hijos uruguay a 20 anos de un ensayo de memoria generacional,2016,published,TRUE,Aletheia (Argentina),aletheia argentina,,1853-3701,,DIEGO SEMPOL,single_source_row,not_applicable,,1,TRUE,Diego Sempol,1,FALSE,FALSE,JRN012,18,FALSE,FALSE,,,,,,,FALSE,,,,,,,,,,,,,FALSE,FALSE,FALSE,,,,,,,,,,,,,,,,,FALSE,,,,,,FALSE,FALSE,,,,,,,,,,,,TRUE,FALSE
ART00445,"Keeping Men In, Shutting Women Out: Gender Biases in Candidate Selection in Uruguay",keeping men in shutting women out gender biases in candidate selection in uruguay,2016,published,TRUE,Government and Opposition,government and opposition,0017-257X,1477-7053,10.1017/gov.2016.6,NIKI JOHNSON,single_source_row,not_applicable,,1,TRUE,Niki Johnson,1,FALSE,FALSE,JRN141,46,TRUE,FALSE,,,,,,,TRUE,19089,Government and Opposition,44,2.172,Q1,71,Sociology and Political Science,44,2.172,Q1,exact_issn,high,TRUE,FALSE,TRUE,19089,Government and Opposition,8,2.172,2.46,85,1514,189,95,69,1530,95.0% 69/1530 Sociology and Political Science,Active,1965-2026,exact_issn,high,TRUE,GOVERNMENT AND OPPOSITION (LONDON),0017-257X,A1,exact_issn,high,FALSE,FALSE,,,,,,,TRUE,TRUE,,TRUE,TRUE,TRUE,FALSE
ART00446,La conformación de La Asamblea Ciudadana Ambiental de Gualeguaychú como actor político en el conflicto binacional Argentina - Uruguay (2002-2010),la conformacion de la asamblea ciudadana ambiental de gualeguaychu como actor politico en el conflicto binacional argentina uruguay 2002 2010,2016,published,TRUE,Studia Politicae,studia politicae,1669-7405,2408-4182,,"LUJÁN, DIEGO | AMANCIO VÁZQUEZ",single_source_row,not_applicable,,2,FALSE,Diego Luján,1,FALSE,FALSE,JRN371,5,FALSE,FALSE,,,,,,,FALSE,,,,,,,,,,,ambiguous,low,FALSE,FALSE,FALSE,,,,,,,,,,,,,,,ambiguous,low,TRUE,STUDIA POLITICAE,1669-7405,B4,exact_issn,high,TRUE,TRUE,TRUE,TRUE,Studia politicae,https://www.latindex.org/latindex/ficha/23256,exact_normalized_name,high,,TRUE,TRUE,,,TRUE,FALSE
ART00447,La dictadura cívico-militar en Uruguay (1973-1985): aproximación a su periodización y caracterización a la luz de algunas teorizaciones sobre el autoritarismo,la dictadura civico militar en uruguay 1973 1985 aproximacion a su periodizacion y caracterizacion a la luz de algunas teorizaciones sobre el autoritarismo,2016,published,TRUE,Revista de la Facultad de Derecho,revista de la facultad de derecho,0797-8316,2301-0665,10.22187/rfd20162,JOSE MIGUEL BUSQUETS | ANDREA DELBONO,doi_propagated_by_title_year_journal,high,,2,FALSE,José Busquets | Andrea Delbono,2,TRUE,FALSE,JRN301,46,FALSE,FALSE,,,,,,,FALSE,,,,,,,,,,,,,FALSE,FALSE,FALSE,,,,,,,,,,,,,,,,,FALSE,,,,ambiguous,low,FALSE,FALSE,,,,,,,,,,,,TRUE,FALSE
ART00448,La diferencia en los márgenes. El relato de las madres presas política en Uruguay,la diferencia en los margenes el relato de las madres presas politica en uruguay,2016,published,TRUE,Telar,telar,1668-2963,1668-3633,,DE GIORGI,single_source_row,not_applicable,,1,TRUE,Ana Laura de Giorgi,1,FALSE,FALSE,JRN377,11,FALSE,FALSE,,,,,,,FALSE,,,,,,,,,,,,,FALSE,FALSE,FALSE,,,,,,,,,,,,,,,,,FALSE,,,,,,FALSE,FALSE,,,,,,,,,,,,TRUE,FALSE
ART00449,La difícil construcción política de la función de coordinación en el área pública social,la dificil construccion politica de la funcion de coordinacion en el area publica social,2016,published,TRUE,"Estado, gobierno, gestión pública",estado gobierno gestion publica,0717-8980,0717-6759,,CASTILLO M. | GUILLERM FUENTES | CARMEN MIDAGLIA,single_source_row,not_applicable,,3,FALSE,Carmen Midaglia,1,FALSE,FALSE,JRN320,,FALSE,FALSE,,,,,,,FALSE,,,,,,,,,,,,,FALSE,FALSE,FALSE,,,,,,,,,,,,,,,,,TRUE,"ESTADO, GOBIERNO, GESTIÓN PÚBLICA (EN LÍNEA)",0717-8980,B1,exact_issn,high,FALSE,FALSE,,,,,ambiguous,low,,TRUE,,,,TRUE,FALSE
ART00450,La diversidad en debate. Movimiento LGTBQ uruguayo y algunas tensiones de su realineamiento del marco interpretativo,la diversidad en debate movimiento lgtbq uruguayo y algunas tensiones de su realineamiento del marco interpretativo,2016,published,TRUE,Psicología Conocimiento y Sociedad,psicologia conocimiento y sociedad,,1688-7026,,DIEGO SEMPOL,single_source_row,not_applicable,,1,TRUE,Diego Sempol,1,FALSE,FALSE,JRN253,51,FALSE,FALSE,,,,,,,FALSE,,,,,,,,,,,,,FALSE,FALSE,FALSE,,,,,,,,,,,,,,,,,FALSE,,,,,,FALSE,FALSE,,,,,,,,,,,,TRUE,FALSE
ART00451,La evolución del sistema de partidos uruguayo: en busca del equilibrio perdido,la evolucion del sistema de partidos uruguayo en busca del equilibrio perdido,2016,published,FALSE,Latin America Ronshu (Revista de la Sociedad Japonesa de Ciencias Sociales de América Latina),latin america ronshu revista de la sociedad japonesa de ciencias sociales de america latina,,,,"BUQUET, D",single_source_row,not_applicable,,1,TRUE,Daniel Buquet,1,FALSE,FALSE,JRN184,2,FALSE,FALSE,,,,,,,FALSE,,,,,,,,,,,,,FALSE,FALSE,FALSE,,,,,,,,,,,,,,,,,FALSE,,,,,,FALSE,FALSE,,,,,,,,,,,,TRUE,FALSE
ART00452,La transformación frustrada: condiciones de trabajo y carrera docente en Uruguay (2005-2014),la transformacion frustrada condiciones de trabajo y carrera docente en uruguay 2005 2014,2016,published,TRUE,Propuesta Educativa,propuesta educativa,1995-7785,0327-4829,,MARÍA ESTER MANCEBO,single_source_row,not_applicable,,1,TRUE,María Ester Mancebo,1,FALSE,FALSE,JRN251,21,FALSE,FALSE,,,,,,,FALSE,,,,,,,,,,,,,FALSE,FALSE,FALSE,,,,,,,,,,,,,,,,,FALSE,,,,,,FALSE,FALSE,,,,,,,,,,,,TRUE,FALSE
ART00453,Las Coaliciones Promotoras de las políticas educativas. Marco conceptual y aplicación a un caso nacional,las coaliciones promotoras de las politicas educativas marco conceptual y aplicacion a un caso nacional,2016,published,TRUE,Revista de Estudios Teóricos y Epistemológicos en Política Educativa,revista de estudios teoricos y epistemologicos en politica educativa,,2409-3696,,BENTANCUR NICOLÁS,single_source_row,not_applicable,,1,TRUE,Nicolás Bentancur,1,FALSE,FALSE,JRN291,,FALSE,FALSE,,,,,,,FALSE,,,,,,,,,,,,,FALSE,FALSE,FALSE,,,,,,,,,,,,,,,,,FALSE,,,,,,FALSE,FALSE,,,,,,,,,,,,TRUE,FALSE
ART00454,"Las re-reformas de los sistemas de pensiones en Argentina, Bolivia, Chile y Uruguay",las re reformas de los sistemas de pensiones en argentina bolivia chile y uruguay,2016,published,TRUE,"Revista Estado y Políticas Públicas, 6",revista estado y politicas publicas 6,2413-8274,2310-550X,,JOSE MIGUEL BUSQUETS | NICOLáS POSE,single_source_row,not_applicable,,2,FALSE,José Busquets,1,FALSE,FALSE,JRN321,0,FALSE,FALSE,,,,,,,FALSE,,,,,,,,,,,,,FALSE,FALSE,FALSE,,,,,,,,,,,,,,,,,TRUE,REVISTA ESTADO Y POLÍTICAS PÚBLICAS,2310-550X,A3,exact_issn,high,FALSE,FALSE,,,,,,,,TRUE,,,,TRUE,FALSE
ART00455,Las reformas institucionales sub nacionales y su impacto en la configuración del mapa político local en Uruguay,las reformas institucionales sub nacionales y su impacto en la configuracion del mapa politico local en uruguay,2016,published,TRUE,Revista Uruguaya de Ciencia Política,revista uruguaya de ciencia politica,,0797-9789,,MARTÍN FREIGEDO | ANTONIO CARDARELLO,single_source_row,not_applicable,,2,FALSE,Martín Freigedo,1,FALSE,FALSE,JRN351,,FALSE,FALSE,,,,,,,FALSE,,,,,,,,,,,ambiguous,low,FALSE,FALSE,FALSE,,,,,,,,,,,,,,,ambiguous,low,TRUE,REVISTA URUGUAYA DE CIENCIA POLITICA,1688-499X,A1,exact_issn,high,TRUE,TRUE,TRUE,FALSE,Revista uruguaya de ciencia política,https://www.latindex.org/latindex/ficha/16727,exact_normalized_name,high,,TRUE,TRUE,,,TRUE,FALSE
ART00456,Las variedades de capitalismo: desarrollos teóricos y evidencia empírica en el contexto de los gobiernos progresistas del Cono Sur de América Latina,las variedades de capitalismo desarrollos teoricos y evidencia empirica en el contexto de los gobiernos progresistas del cono sur de america latina,2016,published,TRUE,Desenvolvimento em Debate,desenvolvimento em debate,,2176-9257,,JOSE MIGUEL BUSQUETS | NICOLáS POSE | MARCELA SCHENCK,single_source_row,not_applicable,,3,FALSE,José Busquets,1,FALSE,FALSE,JRN087,2,FALSE,FALSE,,,,,,,FALSE,,,,,,,,,,,,,FALSE,FALSE,FALSE,,,,,,,,,,,,,,,,,TRUE,DESENVOLVIMENTO EM DEBATE,2176-9257,B1,exact_issn,high,FALSE,FALSE,,,,,,,,TRUE,,,,TRUE,FALSE
ART00457,Legislative Success in Open Sky Congresses: Weak Gatekeeping Prerogatives and the Loss of Majority Support,legislative success in open sky congresses weak gatekeeping prerogatives and the loss of majority support,2016,published,TRUE,Journal of Legislative Studies,journal of legislative studies,1357-2334,1743-9337,10.1080/13572334.2015.1134902,"CALVO, ERNESTO | CHASQUETTI, DANIEL",single_source_row,not_applicable,,2,FALSE,Daniel Chasquetti,1,FALSE,FALSE,JRN174,,TRUE,TRUE,5600156029,Journal of Legislative Studies,96,0.905,Q1,48,FALSE,,,,,,,Political Science and International Relations,96,0.905,Q1,exact_issn,high,TRUE,TRUE,FALSE,5600156029,Journal of Legislative Studies,2.6,0.905,1.137,67,347,133,76,277,1162,76.0% 277/1162 Law,Active,1995-2026,exact_issn,high,FALSE,,,,,,FALSE,FALSE,,,,,,,TRUE,,,TRUE,TRUE,TRUE,FALSE
ART00458,Los argumentos liberales y republicanos en torno a la ley de Caducidad en Uruguay: una mirada desde la posición de los actores del sistema político,los argumentos liberales y republicanos en torno a la ley de caducidad en uruguay una mirada desde la posicion de los actores del sistema politico,2016,published,TRUE,Revista Latinoamericana de Derechos Humanos,revista latinoamericana de derechos humanos,1659-4304,2215-4221,,MARTÍN FREIGEDO,single_source_row,not_applicable,,1,TRUE,Martín Freigedo,1,FALSE,FALSE,JRN334,0,FALSE,FALSE,,,,,,,FALSE,,,,,,,,,,,,,FALSE,FALSE,FALSE,,,,,,,,,,,,,,,,,FALSE,,,,,,FALSE,FALSE,,,,,,,,,,,,TRUE,FALSE
ART00459,Los impactos de la crisis de Brasil en la política exterior de Uruguay (2015-2016),los impactos de la crisis de brasil en la politica exterior de uruguay 2015 2016,2016,published,TRUE,Conjuntura Austral,conjuntura austral,,2178-8839,,"LÓPEZ, CAMILO",single_source_row,not_applicable,,1,TRUE,Camilo López,1,FALSE,FALSE,JRN057,2,FALSE,FALSE,,,,,,,FALSE,,,,,,,,,,,,,FALSE,FALSE,FALSE,,,,,,,,,,,,,,,,,TRUE,CONJUNTURA AUSTRAL,2178-8839,A2,exact_issn,high,TRUE,TRUE,FALSE,TRUE,Conjuntura Austral,https://www.latindex.org/latindex/ficha/4668,exact_normalized_name,high,,TRUE,TRUE,,,TRUE,FALSE
ART00460,MERCOSUR and the Brazilian Leadership Challenge in the Era of Chinese Growth: A Uruguayan Foreign Policy Perspective,mercosur and the brazilian leadership challenge in the era of chinese growth a uruguayan foreign policy perspective,2016,published,TRUE,New Global Studies,new global studies,,1940-0004,10.1515/ngs-2015-0015,"URDINEZ, FRANCISCO | LÓPEZ, CAMILO | OLIVEIRA, AMâNCIO DE",single_source_row,not_applicable,,3,FALSE,Camilo López,1,FALSE,FALSE,JRN201,27,FALSE,FALSE,,,,,,,FALSE,,,,,,,,,,,,,FALSE,FALSE,FALSE,,,,,,,,,,,,,,,,,FALSE,,,,,,FALSE,FALSE,,,,,,,,,,,,TRUE,FALSE
ART00461,"Pleitos y síntesis del idioma. Día del Idioma 2016. relatoría, en Revista de la Academia Nacional de Letras. Año 9, Nº 12, Montevideo, enero diciembre de 2016.",pleitos y sintesis del idioma dia del idioma 2016 relatoria en revista de la academia nacional de letras ano 9 no 12 montevideo enero diciembre de 2016,2016,published,FALSE,Revista de la Academia Nacional de Letras,revista de la academia nacional de letras,1688-3543,,,GERARDO CAETANO,single_source_row,not_applicable,,1,TRUE,Gerardo Caetano,1,FALSE,FALSE,JRN298,,FALSE,FALSE,,,,,,,FALSE,,,,,,,,,,,,,FALSE,FALSE,FALSE,,,,,,,,,,,,,,,,,FALSE,,,,,,FALSE,FALSE,,,,,,,,,,,,TRUE,FALSE
ART00462,¿Por qué quiebran las democracias? El rol de la educación y el conflicto de clase revisitados,por que quiebran las democracias el rol de la educacion y el conflicto de clase revisitados,2016,published,TRUE,Revista de Sociologia e Política,revista de sociologia e politica,,0104-4478,10.1590/1678-987316246007,"TRAVERSA, FEDERICO",single_source_row,not_applicable,,1,TRUE,Federico Traversa,1,FALSE,FALSE,JRN306,,TRUE,FALSE,,,,,,,TRUE,5200152619,Revista de Sociologia e Politica,1085,0.165,Q3,22,Sociology and Political Science,1085,0.165,Q3,exact_issn,high,TRUE,FALSE,TRUE,5200152619,Revista de Sociologia e Politica,0.6,0.165,0.456,30,45,80,23,1176,1530,23.0% 1176/1530 Sociology and Political Science,Active,2006-2026,exact_issn,high,TRUE,REVISTA DE SOCIOLOGIA E POLÍTICA (UFPR. IMPRESSO),0104-4478,A1,exact_issn,high,FALSE,FALSE,,,,,,,TRUE,TRUE,,FALSE,FALSE,TRUE,FALSE
ART00463,Poverty and inequality in Latin America. From the latest trends to a new agenda for development,poverty and inequality in latin america from the latest trends to a new agenda for development,2016,published,TRUE,International Social Science Journal,international social science journal,,1468-2451,10.1111/issj.12067,GERARDO CAETANO | GUSTAVO DE ARMAS,single_source_row,not_applicable,,2,FALSE,Gerardo Caetano,1,FALSE,FALSE,JRN165,5,FALSE,FALSE,,,,,,,FALSE,,,,,,,,,,,,,FALSE,FALSE,FALSE,,,,,,,,,,,,,,,,,FALSE,,,,,,FALSE,FALSE,,,,,,,,,,,,TRUE,FALSE
ART00464,Presentación del dossier Elecciones Subnacionales en América Latina,presentacion del dossier elecciones subnacionales en america latina,2016,published,TRUE,Revista Uruguaya de Ciencia Política,revista uruguaya de ciencia politica,,0797-9789,,ANTONIO CARDARELLO | Tomás Dosek,single_source_row,not_applicable,,2,FALSE,Antonio Cardarello,1,FALSE,FALSE,JRN351,,FALSE,FALSE,,,,,,,FALSE,,,,,,,,,,,ambiguous,low,FALSE,FALSE,FALSE,,,,,,,,,,,,,,,ambiguous,low,TRUE,REVISTA URUGUAYA DE CIENCIA POLITICA,1688-499X,A1,exact_issn,high,TRUE,TRUE,TRUE,FALSE,Revista uruguaya de ciencia política,https://www.latindex.org/latindex/ficha/16727,exact_normalized_name,high,,TRUE,TRUE,,,TRUE,FALSE
ART00465,Regularidad en la dispersión: La frontera agonismo/antagonismo en el pensamiento político de Mouffe,regularidad en la dispersion la frontera agonismo antagonismo en el pensamiento politico de mouffe,2016,published,TRUE,Polis (México),polis mexico,1870-2333,2594-0686,,JULIÁN GONZÁLEZ | Julián González Scandizzi,single_source_row,not_applicable,,2,FALSE,Julián González Scandizzi,1,FALSE,FALSE,JRN233,6,FALSE,FALSE,,,,,,,FALSE,,,,,,,,,,,ambiguous,low,FALSE,FALSE,FALSE,,,,,,,,,,,,,,,ambiguous,low,TRUE,POLIS (SANTIAGO. EN LÍNEA),0718-6568,A3,exact_normalized_name,high,TRUE,TRUE,TRUE,FALSE,Polis,https://www.latindex.org/latindex/ficha/11906,exact_normalized_name,high,,TRUE,TRUE,,,TRUE,FALSE
ART00466,"The International Monetary Fund, Party System Institutionalization and Protest in Latin America",the international monetary fund party system institutionalization and protest in latin america,2016,published,TRUE,Latin American Politics and Society,latin american politics and society,1531-426X,1548-2456,10.1111/j.1548-2456.2016.00309.x,SERGIO BéJAR | MORAES,single_source_row,not_applicable,,2,FALSE,Juan Andrés Moraes,1,FALSE,FALSE,JRN188,13,TRUE,TRUE,26459,Latin American Politics and Society,63,1.107,Q1,58,TRUE,26459,Latin American Politics and Society,153,1.107,Q1,58,Political Science and International Relations,63,1.107,Q1,exact_issn,high,TRUE,TRUE,TRUE,26459,Latin American Politics and Society,3,1.107,1.384,69,341,113,75,186,745,75.0% 186/745 Political Science and International Relations,Active,2001-2026,exact_issn,high,FALSE,,,,conflict,low,FALSE,FALSE,,,,,,,TRUE,,,TRUE,TRUE,TRUE,FALSE
ART00467,Trayendo el neo?institucionalismo al primer plano: una oportunidad para una mayor relación entre la ciencia política y el derecho,trayendo el neo institucionalismo al primer plano una oportunidad para una mayor relacion entre la ciencia politica y el derecho,2016,published,TRUE,Conpedi Law Review,conpedi law review,2448-3931,2448-3931,,JOSE MIGUEL BUSQUETS | Fabricio Carneiro,fuzzy_title_year_journal_authors,high,,2,FALSE,José Busquets | Fabricio Carneiro,2,TRUE,FALSE,JRN058,4,FALSE,FALSE,,,,,,,FALSE,,,,,,,,,,,,,FALSE,FALSE,FALSE,,,,,,,,,,,,,,,,,FALSE,,,,,,FALSE,FALSE,,,,,,,,,,,,TRUE,FALSE
ART00468,Uruguay 2015: Los desafíos de gobernar por izquierda cuando la economía se contrae,uruguay 2015 los desafios de gobernar por izquierda cuando la economia se contrae,2016,published,TRUE,Revista de Ciencia Política (Chile),revista de ciencia politica chile,0716-1417,0718-090X,10.4067/s0718-090x2016000100015,Verónica Pérez Bentancur,single_source_row,not_applicable,,1,TRUE,Verónica Pérez Bentancur,1,FALSE,FALSE,JRN280,36,TRUE,TRUE,5100152922,Revista de Ciencia Politica,79,0.975,Q1,28,TRUE,5100152922,Revista de Ciencia Politica,188,0.975,Q1,28,Political Science and International Relations,79,0.975,Q1,exact_issn,high,TRUE,TRUE,TRUE,5100152922,Revista de Ciencia Politica,3.4,0.975,1.404,79,258,77,77,166,745,77.0% 166/745 Political Science and International Relations,Active,2006-2025; 2002,exact_issn,high,TRUE,REVISTA DE CIENCIA POLÍTICA (SANTIAGO. EN LÍNEA),0718-090X,A1,exact_issn,high,TRUE,TRUE,TRUE,FALSE,Revista de ciencia política,https://www.latindex.org/latindex/ficha/14054,exact_normalized_name,high,TRUE,TRUE,TRUE,TRUE,TRUE,TRUE,FALSE
ART00469,Uruguay’s Shift from Clientelism,uruguays shift from clientelism,2016,published,TRUE,Journal of Democracy,journal of democracy,1045-5736,1086-3214,,"BUQUET, D | PIÑEIRO, R",single_source_row,not_applicable,,2,FALSE,Daniel Buquet,1,FALSE,FALSE,JRN170,,TRUE,FALSE,,,,,,,TRUE,19877,Journal of Democracy,23,3.142,Q1,119,Sociology and Political Science,23,3.142,Q1,exact_issn,high,TRUE,FALSE,TRUE,19877,Journal of Democracy,7.9,3.142,3.633,76,1454,185,95,74,1530,95.0% 74/1530 Sociology and Political Science,Active,1996-2026,exact_issn,high,TRUE,JOURNAL OF DEMOCRACY,1045-5736,A1,exact_issn,high,FALSE,FALSE,,,,,,,TRUE,TRUE,,TRUE,TRUE,TRUE,FALSE
ART00470,Women and diversity in latin american political science,women and diversity in latin american political science,2016,published,TRUE,European Political Science,european political science,1680-4333,1682-0983,10.1057/s41304-016-0077-4,ROCHA-CARPIUC,single_source_row,not_applicable,,1,TRUE,Cecilia Rocha-Carpiuc,1,FALSE,FALSE,JRN125,61,TRUE,TRUE,5700160310,European Political Science,137,0.744,Q1,38,FALSE,,,,,,,Political Science and International Relations,137,0.744,Q1,exact_issn,high,TRUE,TRUE,FALSE,5700160310,European Political Science,4.1,0.744,1.604,67,636,156,82,131,745,82.0% 131/745 Political Science and International Relations,Active,2008-2026; 2005,exact_issn,high,TRUE,EUROPEAN POLITICAL SCIENCE (PRINT),1680-4333,A2,exact_issn,high,FALSE,FALSE,,,,,,,TRUE,TRUE,,TRUE,TRUE,TRUE,FALSE
ART00471,Capacidades estatales y cambio en las políticas públicas. El caso de Uruguay bajo los gobiernos del Frente Amplio (2005-2015),capacidades estatales y cambio en las politicas publicas el caso de uruguay bajo los gobiernos del frente amplio 2005 2015,2017,published,TRUE,Sociedade e Cultura,sociedade e cultura,1415-8566,1980-8194,,JOSE MIGUEL BUSQUETS | NICOLáS BENTANCUR,fuzzy_title_year_journal_authors,high,,2,FALSE,Nicolás Bentancur | José Busquets,2,TRUE,FALSE,JRN364,7,FALSE,FALSE,,,,,,,FALSE,,,,,,,,,,,,,FALSE,FALSE,FALSE,,,,,,,,,,,,,,,,,FALSE,,,,conflict,low,FALSE,FALSE,,,,,,,,,,,,TRUE,FALSE
ART00472,¿Cómo se forma a los científicos políticos en Iberoamérica? Análisis de la oferta de titulaciones de grado en Ciencia Política en doce países,como se forma a los cientificos politicos en iberoamerica analisis de la oferta de titulaciones de grado en ciencia politica en doce paises,2017,published,TRUE,Revista Española de Ciencia Política,revista espanola de ciencia politica,1575-6548,2173-9870,10.21308/recp,BENTANCUR NICOLÁS | MARIA ESTER MANCEBO,single_source_row,not_applicable,,2,FALSE,Nicolás Bentancur,1,FALSE,FALSE,JRN318,19,TRUE,TRUE,11600153566,Revista Espanola de Ciencia Politica,431,0.223,Q3,14,TRUE,11600153566,Revista Espanola de Ciencia Politica,876,0.223,Q3,14,Political Science and International Relations,431,0.223,Q3,exact_issn,high,TRUE,TRUE,TRUE,11600153566,Revista Espanola de Ciencia Politica,1.1,0.223,0.461,39,114,102,42,428,745,42.0% 428/745 Political Science and International Relations,Active,2012-2026,exact_issn,high,FALSE,,,,,,TRUE,TRUE,TRUE,FALSE,Revista española de ciencia política,https://www.latindex.org/latindex/ficha/15592,exact_normalized_name,high,TRUE,,TRUE,FALSE,FALSE,TRUE,FALSE
ART00473,¿Cómo se forma a los cientistas políticos en Iberoamérica? Análisis de la oferta de carreras de grado en doce países de la región,como se forma a los cientistas politicos en iberoamerica analisis de la oferta de carreras de grado en doce paises de la region,2017,published,TRUE,Revista Española de Ciencia Política,revista espanola de ciencia politica,1575-6548,2173-9870,,MARÍA ESTER MANCEBO | COAUTOR,single_source_row,not_applicable,,2,FALSE,María Ester Mancebo,1,FALSE,FALSE,JRN318,,TRUE,TRUE,11600153566,Revista Espanola de Ciencia Politica,431,0.223,Q3,14,TRUE,11600153566,Revista Espanola de Ciencia Politica,876,0.223,Q3,14,Political Science and International Relations,431,0.223,Q3,exact_issn,high,TRUE,TRUE,TRUE,11600153566,Revista Espanola de Ciencia Politica,1.1,0.223,0.461,39,114,102,42,428,745,42.0% 428/745 Political Science and International Relations,Active,2012-2026,exact_issn,high,FALSE,,,,,,TRUE,TRUE,TRUE,FALSE,Revista española de ciencia política,https://www.latindex.org/latindex/ficha/15592,exact_normalized_name,high,TRUE,,TRUE,FALSE,FALSE,TRUE,FALSE
ART00474,Desarrollo Institucional y caracterización del Centro de Gobierno en Uruguay,desarrollo institucional y caracterizacion del centro de gobierno en uruguay,2017,published,TRUE,Revista Uruguaya de Ciencia Política,revista uruguaya de ciencia politica,,0797-9789,,ALEJANDRO MILANESI | VICTORIA GADEA,single_source_row,not_applicable,,2,FALSE,Alejandro Milanesi,1,FALSE,FALSE,JRN351,11,FALSE,FALSE,,,,,,,FALSE,,,,,,,,,,,ambiguous,low,FALSE,FALSE,FALSE,,,,,,,,,,,,,,,ambiguous,low,TRUE,REVISTA URUGUAYA DE CIENCIA POLITICA,1688-499X,A1,exact_issn,high,TRUE,TRUE,TRUE,FALSE,Revista uruguaya de ciencia política,https://www.latindex.org/latindex/ficha/16727,exact_normalized_name,high,,TRUE,TRUE,,,TRUE,FALSE
ART00475,Dimensiones político-institucionales del desarrollo de sistemas de evaluación: un análisis a través del caso uruguayo,dimensiones politico institucionales del desarrollo de sistemas de evaluacion un analisis a traves del caso uruguayo,2017,published,TRUE,Política y Cultura,politica y cultura,0188-7742,2954-4130,,"ALEJANDRO MILANESI | FREIGEDO, MARTíN | ALVARO RAK",fuzzy_title_year_journal_authors,high,,3,FALSE,Martín Freigedo | Alejandro Milanesi,2,TRUE,FALSE,JRN237,7,FALSE,FALSE,,,,,,,FALSE,,,,,,,,,,,,,FALSE,FALSE,FALSE,,,,,,,,,,,,,,,,,FALSE,,,,,,FALSE,FALSE,,,,,,,,,,,,TRUE,FALSE
ART00476,El consenso de los partidos Colorado y Nacional en la política exterior uruguaya (1985-2005),el consenso de los partidos colorado y nacional en la politica exterior uruguaya 1985 2005,2017,published,TRUE,Revista de la Facultad de Derecho,revista de la facultad de derecho,0797-8316,2301-0665,10.22187/rfd201716,"LÓPEZ, CAMILO",single_source_row,not_applicable,,1,TRUE,Camilo López,1,FALSE,FALSE,JRN301,13,FALSE,FALSE,,,,,,,FALSE,,,,,,,,,,,,,FALSE,FALSE,FALSE,,,,,,,,,,,,,,,,,FALSE,,,,ambiguous,low,FALSE,FALSE,,,,,,,,,,,,TRUE,FALSE
ART00477,El costo de coordinar: número de candidatos presidenciales en América Latina 1993-2010,el costo de coordinar numero de candidatos presidenciales en america latina 1993 2010,2017,published,TRUE,Revista de Ciencia Política (Chile),revista de ciencia politica chile,0716-1417,0718-090X,,"LUJÁN, DIEGO",single_source_row,not_applicable,,1,TRUE,Diego Luján,1,FALSE,FALSE,JRN280,24,TRUE,TRUE,5100152922,Revista de Ciencia Politica,79,0.975,Q1,28,TRUE,5100152922,Revista de Ciencia Politica,188,0.975,Q1,28,Political Science and International Relations,79,0.975,Q1,exact_issn,high,TRUE,TRUE,TRUE,5100152922,Revista de Ciencia Politica,3.4,0.975,1.404,79,258,77,77,166,745,77.0% 166/745 Political Science and International Relations,Active,2006-2025; 2002,exact_issn,high,TRUE,REVISTA DE CIENCIA POLÍTICA (SANTIAGO. EN LÍNEA),0718-090X,A1,exact_issn,high,TRUE,TRUE,TRUE,FALSE,Revista de ciencia política,https://www.latindex.org/latindex/ficha/14054,exact_normalized_name,high,TRUE,TRUE,TRUE,TRUE,TRUE,TRUE,FALSE
ART00478,El Frente Amplio entre el milagro y el descontento,el frente amplio entre el milagro y el descontento,2017,published,FALSE,Nueva Sociedad,nueva sociedad,0251-3552,,,GERARDO CAETANO,single_source_row,not_applicable,,1,TRUE,Gerardo Caetano,1,FALSE,FALSE,JRN205,,FALSE,FALSE,,,,,,,FALSE,,,,,,,,,,,,,FALSE,FALSE,FALSE,,,,,,,,,,,,,,,,,TRUE,NUEVA SOCIEDAD,0251-3552,A1,exact_issn,high,FALSE,FALSE,,,,,,,,TRUE,,,,TRUE,FALSE
ART00479,"""""El giro del Mercosur y las posibilidades de su agenda externa común hacia China""""",el giro del mercosur y las posibilidades de su agenda externa comun hacia china,2017,published,FALSE,Escenario (Observatorio de Regionalismo en América Latina y el Caribe),escenario observatorio de regionalismo en america latina y el caribe,2393-7254,,,GERARDO CAETANO,single_source_row,not_applicable,,1,TRUE,Gerardo Caetano,1,FALSE,FALSE,JRN110,,FALSE,FALSE,,,,,,,FALSE,,,,,,,,,,,,,FALSE,FALSE,FALSE,,,,,,,,,,,,,,,,,FALSE,,,,,,FALSE,FALSE,,,,,,,,,,,,TRUE,FALSE
ART00480,El impacto de la Revolución Rusa en Uruguay (1917-1923),el impacto de la revolucion rusa en uruguay 1917 1923,2017,published,TRUE,Estudios digital,estudios digital,0328-185X,1852-1568,,GERARDO CAETANO,single_source_row,not_applicable,,1,TRUE,Gerardo Caetano,1,FALSE,FALSE,JRN116,4,FALSE,FALSE,,,,,,,FALSE,,,,,,,,,,,,,FALSE,FALSE,FALSE,,,,,,,,,,,,,,,,,FALSE,,,,,,FALSE,FALSE,,,,,,,,,,,,TRUE,FALSE
ART00481,El largo ciclo del progresismo lationamericano y su freno: los cambios políticos en América Latina de la última década (2003-2015),el largo ciclo del progresismo lationamericano y su freno los cambios politicos en america latina de la ultima decada 2003 2015,2017,published,TRUE,Revista Brasileira de Ciências Sociais,revista brasileira de ciencias sociais,0102-6909,1806-9053,10.17666/329311/2017,CONSTANZA MOREIRA,single_source_row,not_applicable,,1,TRUE,Constanza Moreira,1,FALSE,FALSE,JRN270,,FALSE,FALSE,,,,,,,FALSE,,,,,,,,,,,,,FALSE,FALSE,FALSE,,,,,,,,,,,,,,,,,FALSE,,,,conflict,low,FALSE,FALSE,,,,,,,,,,,,TRUE,FALSE
ART00482,Emilio Frugoni y la Revolución Rusa,emilio frugoni y la revolucion rusa,2017,published,TRUE,Prismas - Revista de historia intelectual,prismas revista de historia intelectual,1666-1508,1852-0499,,GERARDO CAETANO,single_source_row,not_applicable,,1,TRUE,Gerardo Caetano,1,FALSE,FALSE,JRN248,,FALSE,FALSE,,,,,,,FALSE,,,,,,,,,,,,,FALSE,FALSE,FALSE,,,,,,,,,,,,,,,,,TRUE,PRISMAS,1852-0499,A1,exact_issn,high,FALSE,FALSE,,,,,,,,TRUE,,,,TRUE,FALSE
ART00483,Hacia una teoría ideacional de la difusión institucional. La adopción y adaptación del presidencialismo en América Latina durante el siglo XIX,hacia una teoria ideacional de la difusion institucional la adopcion y adaptacion del presidencialismo en america latina durante el siglo xix,2017,published,TRUE,Revista Española de Ciencia Política,revista espanola de ciencia politica,1575-6548,2173-9870,,"GARCÉ, A.",single_source_row,not_applicable,,1,TRUE,Adolfo Garcé,1,FALSE,FALSE,JRN318,34,TRUE,TRUE,11600153566,Revista Espanola de Ciencia Politica,431,0.223,Q3,14,TRUE,11600153566,Revista Espanola de Ciencia Politica,876,0.223,Q3,14,Political Science and International Relations,431,0.223,Q3,exact_issn,high,TRUE,TRUE,TRUE,11600153566,Revista Espanola de Ciencia Politica,1.1,0.223,0.461,39,114,102,42,428,745,42.0% 428/745 Political Science and International Relations,Active,2012-2026,exact_issn,high,FALSE,,,,,,TRUE,TRUE,TRUE,FALSE,Revista española de ciencia política,https://www.latindex.org/latindex/ficha/15592,exact_normalized_name,high,TRUE,,TRUE,FALSE,FALSE,TRUE,FALSE
ART00484,Innovación colaborativa: el caso del Sistema Nacional de Información Ganadera,innovacion colaborativa el caso del sistema nacional de informacion ganadera,2017,published,TRUE,Agrociencia (Uruguay),agrociencia uruguay,1510-0839,2301-1548,,ZURBRIGGEN,single_source_row,not_applicable,,1,TRUE,Cristina Zurbriggen,1,FALSE,FALSE,JRN008,,FALSE,FALSE,,,,,,,FALSE,,,,,,,,,,,,,FALSE,FALSE,FALSE,,,,,,,,,,,,,,,,,FALSE,,,,,,FALSE,FALSE,,,,,,,,,,,,TRUE,FALSE
ART00485,Invirtiendo la secuencia: el proceso de descentralización uruguayo bajo gobiernos de izquierda (2005- 2015).,invirtiendo la secuencia el proceso de descentralizacion uruguayo bajo gobiernos de izquierda 2005 2015,2017,published,TRUE,Revista iberoamericana de estudios municipales,revista iberoamericana de estudios municipales,,0718-8838,,"ALEJANDRO MILANESI | FREIGEDO, MARTíN | FUENTES, GUILLERMO",fuzzy_title_year_journal_authors,high,,3,FALSE,Martín Freigedo | Guillermo Fuentes | Alejandro Milanesi,3,TRUE,FALSE,JRN329,14,FALSE,FALSE,,,,,,,FALSE,,,,,,,,,,,,,FALSE,FALSE,FALSE,,,,,,,,,,,,,,,,,TRUE,REVISTA IBEROAMERICANA DE ESTUDIOS MUNICIPALES,0719-1790,A4,exact_issn,high,TRUE,TRUE,TRUE,FALSE,Revista iberoamericana de estudios municipales,https://www.latindex.org/latindex/ficha/22784,exact_normalized_name,high,,TRUE,TRUE,,,TRUE,FALSE
ART00486,La enseñanza de Política Educativa en Uruguay: ¿acumulación incipiente o rezago?,la ensenanza de politica educativa en uruguay acumulacion incipiente o rezago,2017,published,TRUE,Revista de Estudios Teóricos y Epistemológicos en Política Educativa,revista de estudios teoricos y epistemologicos en politica educativa,,2409-3696,,MARÍA ESTER MANCEBO,single_source_row,not_applicable,,1,TRUE,María Ester Mancebo,1,FALSE,FALSE,JRN291,7,FALSE,FALSE,,,,,,,FALSE,,,,,,,,,,,,,FALSE,FALSE,FALSE,,,,,,,,,,,,,,,,,FALSE,,,,,,FALSE,FALSE,,,,,,,,,,,,TRUE,FALSE
ART00487,La formación e inserción profesional de los Licenciados en Ciencia Política de la Universidad de la República: entre el legado histórico y los desafíos a futuro,la formacion e insercion profesional de los licenciados en ciencia politica de la universidad de la republica entre el legado historico y los desafios a futuro,2017,published,TRUE,Revista Uruguaya de Ciencia Política,revista uruguaya de ciencia politica,,0797-9789,,BENTANCUR NICOLÁS | MARIA ESTER MANCEBO,exact_title_year_journal,high,,2,FALSE,Nicolás Bentancur | María Ester Mancebo,2,TRUE,FALSE,JRN351,16,FALSE,FALSE,,,,,,,FALSE,,,,,,,,,,,ambiguous,low,FALSE,FALSE,FALSE,,,,,,,,,,,,,,,ambiguous,low,TRUE,REVISTA URUGUAYA DE CIENCIA POLITICA,1688-499X,A1,exact_issn,high,TRUE,TRUE,TRUE,FALSE,Revista uruguaya de ciencia política,https://www.latindex.org/latindex/ficha/16727,exact_normalized_name,high,,TRUE,TRUE,,,TRUE,FALSE
ART00488,La interpelación contemporánea del Bicentenario del Congreso de Tucumán de 1816 desde una perspectiva uruguaya,la interpelacion contemporanea del bicentenario del congreso de tucuman de 1816 desde una perspectiva uruguaya,2017,published,TRUE,Anales de la Facultad de Ciencias Juridicas y Sociales de la Universidad Nacional de La Plata,anales de la facultad de ciencias juridicas y sociales de la universidad nacional de la plata,0075-7411,2591-6386,,GERARDO CAETANO,single_source_row,not_applicable,,1,TRUE,Gerardo Caetano,1,FALSE,FALSE,JRN018,0,FALSE,FALSE,,,,,,,FALSE,,,,,,,,,,,,,FALSE,FALSE,FALSE,,,,,,,,,,,,,,,,,FALSE,,,,,,FALSE,FALSE,,,,,,,,,,,,TRUE,FALSE
ART00489,La investigación histórico-comparativa del constitucionalismo latinoamericano y el caso uruguayo,la investigacion historico comparativa del constitucionalismo latinoamericano y el caso uruguayo,2017,published,TRUE,Revista Brasileira de Teoria Constitucional,revista brasileira de teoria constitucional,,2525-961X,,JOSE MIGUEL BUSQUETS,single_source_row,not_applicable,,1,TRUE,José Busquets,1,FALSE,FALSE,JRN274,1,FALSE,FALSE,,,,,,,FALSE,,,,,,,,,,,,,FALSE,FALSE,FALSE,,,,,,,,,,,,,,,,,FALSE,,,,,,FALSE,FALSE,,,,,,,,,,,,TRUE,FALSE
ART00490,La política internacional de la regulación del cannabis en Uruguay. Un análisis de la respuesta uruguaya a los desafíos y oportunidades del régimen internacional de drogas,la politica internacional de la regulacion del cannabis en uruguay un analisis de la respuesta uruguaya a los desafios y oportunidades del regimen internacional de drogas,2017,published,TRUE,Desafíos,desafios,0124-4035,2145-5112,,"Carlos Luján | Pose, Nicolás | nicolas alvarez",single_source_row,not_applicable,,3,FALSE,Carlos Luján,1,FALSE,FALSE,JRN084,,FALSE,FALSE,,,,,,,FALSE,,,,,,,,,,,,,FALSE,FALSE,FALSE,,,,,,,,,,,,,,,,,TRUE,DESAFÍOS (ONLINE),2145-5112,A1,exact_issn,high,TRUE,TRUE,TRUE,TRUE,Desafíos,https://www.latindex.org/latindex/ficha/5705,exact_normalized_name,high,,TRUE,TRUE,,,TRUE,FALSE
ART00491,"Las decisiones públicas en educación: ¿quién, cómo, dónde se decide en Uruguay?",las decisiones publicas en educacion quien como donde se decide en uruguay,2017,published,TRUE,Políticas Educativas,politicas educativas,,1982-3207,,MARÍA ESTER MANCEBO,single_source_row,not_applicable,,1,TRUE,María Ester Mancebo,1,FALSE,FALSE,JRN241,5,FALSE,FALSE,,,,,,,FALSE,,,,,,,,,,,,,FALSE,FALSE,FALSE,,,,,,,,,,,,,,,,,TRUE,POLÍTICAS EDUCATIVAS,1982-3207,A4,exact_issn,high,FALSE,FALSE,,,,,,,,TRUE,,,,TRUE,FALSE
ART00492,"Las Humanidades como área en el Sistema Nacional de Investigadores (SNI). Datos, balances y cuestiones en debate",las humanidades como area en el sistema nacional de investigadores sni datos balances y cuestiones en debate,2017,published,TRUE,Humanidades,humanidades,2301-1580,,,GERARDO CAETANO,single_source_row,not_applicable,,1,TRUE,Gerardo Caetano,1,FALSE,FALSE,JRN148,,FALSE,FALSE,,,,,,,FALSE,,,,,,,,,,,,,FALSE,FALSE,FALSE,,,,,,,,,,,,,,,,,FALSE,,,,,,FALSE,FALSE,,,,,,,,,,,,TRUE,FALSE
ART00493,"Legislative Institutions and Lawmaking in Latin America. Eduardo Alemán and George Tsebelis Editors. Oxford University Press, 2016.",legislative institutions and lawmaking in latin america eduardo aleman and george tsebelis editors oxford university press 2016,2017,published,TRUE,Latin American Politics and Society,latin american politics and society,,1548-2456,10.1017/s1531426x0000162x,MORAES,single_source_row,not_applicable,,1,TRUE,Juan Andrés Moraes,1,FALSE,FALSE,JRN188,,TRUE,TRUE,26459,Latin American Politics and Society,63,1.107,Q1,58,TRUE,26459,Latin American Politics and Society,153,1.107,Q1,58,Political Science and International Relations,63,1.107,Q1,exact_issn,high,TRUE,TRUE,TRUE,26459,Latin American Politics and Society,3,1.107,1.384,69,341,113,75,186,745,75.0% 186/745 Political Science and International Relations,Active,2001-2026,exact_issn,high,FALSE,,,,conflict,low,FALSE,FALSE,,,,,,,TRUE,,,TRUE,TRUE,TRUE,FALSE
ART00494,Los archivos represivos y los criterios para su mejor utilización como instrumento de justicia y de derechos,los archivos represivos y los criterios para su mejor utilizacion como instrumento de justicia y de derechos,2017,published,TRUE,Claves,claves,,2393-6584,,GERARDO CAETANO,single_source_row,not_applicable,,1,TRUE,Gerardo Caetano,1,FALSE,FALSE,JRN050,15,FALSE,FALSE,,,,,,,FALSE,,,,,,,,,,,,,FALSE,FALSE,FALSE,,,,,,,,,,,,,,,,,FALSE,,,,,,FALSE,FALSE,,,,,,,,,,,,TRUE,FALSE
ART00495,"Los orígenes políticos de la democracia: Legado colonial, guerra y pactos políticos en la construcción de la república",los origenes politicos de la democracia legado colonial guerra y pactos politicos en la construccion de la republica,2017,published,TRUE,Revista de Historia,revista de historia,0717-8832,,,"GARCÉ, A.",single_source_row,not_applicable,,1,TRUE,Adolfo Garcé,1,FALSE,FALSE,JRN295,8,FALSE,FALSE,,,,,,,FALSE,,,,,,,,,,,,,FALSE,FALSE,FALSE,,,,,,,,,,,,,,,,,FALSE,,,,ambiguous,low,FALSE,FALSE,,,,,,,,,,,,TRUE,FALSE
ART00496,"Malaise in Representation in Latin American Countries: Chile, Argentina and Uruguay",malaise in representation in latin american countries chile argentina and uruguay,2017,published,TRUE,Revista Uruguaya de Ciencia Política,revista uruguaya de ciencia politica,,0797-9789,,"LUJÁN, DIEGO",single_source_row,not_applicable,,1,TRUE,Diego Luján,1,FALSE,FALSE,JRN351,0,FALSE,FALSE,,,,,,,FALSE,,,,,,,,,,,ambiguous,low,FALSE,FALSE,FALSE,,,,,,,,,,,,,,,ambiguous,low,TRUE,REVISTA URUGUAYA DE CIENCIA POLITICA,1688-499X,A1,exact_issn,high,TRUE,TRUE,TRUE,FALSE,Revista uruguaya de ciencia política,https://www.latindex.org/latindex/ficha/16727,exact_normalized_name,high,,TRUE,TRUE,,,TRUE,FALSE
ART00497,"Martin Bergel, El Oriente desplazado. Los intelectuales y los orígenes del tercermundismo en la Argentina. Universidad Nacional de Quilmes Editorial, Bernal 2015",martin bergel el oriente desplazado los intelectuales y los origenes del tercermundismo en la argentina universidad nacional de quilmes editorial bernal 2015,2017,published,TRUE,Contemporánea,contemporanea,1688-7638,1688-9746,,"RILLA, JOSÉ",single_source_row,not_applicable,,1,TRUE,José Rilla,1,FALSE,FALSE,JRN060,,FALSE,FALSE,,,,,,,FALSE,,,,,,,,,,,,,FALSE,FALSE,FALSE,,,,,,,,,,,,,,,,,FALSE,,,,ambiguous,low,FALSE,FALSE,,,,,,,,,,,,TRUE,FALSE
ART00498,¿Milagro en Uruguay? Apuntes sobre los gobiernos del Frente Amplio,milagro en uruguay apuntes sobre los gobiernos del frente amplio,2017,published,FALSE,Nueva Sociedad,nueva sociedad,0251-3552,,,GERARDO CAETANO,single_source_row,not_applicable,,1,TRUE,Gerardo Caetano,1,FALSE,FALSE,JRN205,24,FALSE,FALSE,,,,,,,FALSE,,,,,,,,,,,,,FALSE,FALSE,FALSE,,,,,,,,,,,,,,,,,TRUE,NUEVA SOCIEDAD,0251-3552,A1,exact_issn,high,FALSE,FALSE,,,,,,,,TRUE,,,,TRUE,FALSE
ART00499,Oposición partidaria y (des) lealtad democrática en América Latina (1978-2010),oposicion partidaria y des lealtad democratica en america latina 1978 2010,2017,published,TRUE,POSTData. Revista de Reflexión y Análisis Político,postdata revista de reflexion y analisis politico,1515-209X,1851-9601,,DANIELA VAIRO,single_source_row,not_applicable,,1,TRUE,Daniela Vairo,1,FALSE,FALSE,JRN245,17,FALSE,FALSE,,,,,,,FALSE,,,,,,,,,,,,,FALSE,FALSE,FALSE,,,,,,,,,,,,,,,,,FALSE,,,,,,FALSE,FALSE,,,,,,,,,,,,TRUE,FALSE
ART00500,"Origen y evolución del presidencialismo en México. Instituciones informales, conflicto político y concentración del poder (1824-1917)",origen y evolucion del presidencialismo en mexico instituciones informales conflicto politico y concentracion del poder 1824 1917,2017,published,TRUE,Revista de historia (Concepción),revista de historia concepcion,,0717-8832,,"LUJÁN, DIEGO",single_source_row,not_applicable,,1,TRUE,Diego Luján,1,FALSE,FALSE,JRN295,8,FALSE,FALSE,,,,,,,FALSE,,,,,,,,,,,,,FALSE,FALSE,FALSE,,,,,,,,,,,,,,,,,FALSE,,,,ambiguous,low,FALSE,FALSE,,,,,,,,,,,,TRUE,FALSE
ART00501,"Poderes Legislativos, Representación y Partidos en América Latina",poderes legislativos representacion y partidos en america latina,2017,published,TRUE,Revista Uruguaya de Ciencia Política,revista uruguaya de ciencia politica,,0797-9789,,"CHASQUETTI, DANIEL | MICOZZI, JUAN PABLO",single_source_row,not_applicable,,2,FALSE,Daniel Chasquetti,1,FALSE,FALSE,JRN351,,FALSE,FALSE,,,,,,,FALSE,,,,,,,,,,,ambiguous,low,FALSE,FALSE,FALSE,,,,,,,,,,,,,,,ambiguous,low,TRUE,REVISTA URUGUAYA DE CIENCIA POLITICA,1688-499X,A1,exact_issn,high,TRUE,TRUE,TRUE,FALSE,Revista uruguaya de ciencia política,https://www.latindex.org/latindex/ficha/16727,exact_normalized_name,high,,TRUE,TRUE,,,TRUE,FALSE
ART00502,"Presidencialismo, federalismo y oligarquía cartelizada en Brasil (1889-1930): La dinámica del poder en la República Velha",presidencialismo federalismo y oligarquia cartelizada en brasil 1889 1930 la dinamica del poder en la republica velha,2017,published,TRUE,Revista de Historia (Concepción),revista de historia concepcion,,0716-9108,,"LÓPEZ, CAMILO",single_source_row,not_applicable,,1,TRUE,Camilo López,1,FALSE,FALSE,JRN295,4,FALSE,FALSE,,,,,,,FALSE,,,,,,,,,,,,,FALSE,FALSE,FALSE,,,,,,,,,,,,,,,,,FALSE,,,,ambiguous,low,FALSE,FALSE,,,,,,,,,,,,TRUE,FALSE
ART00503,"Presidencialismo, juicio político y deterioro del vínculo democrático en América Latina",presidencialismo juicio politico y deterioro del vinculo democratico en america latina,2017,published,TRUE,Religación Revista de Ciencias Sociales y Humanidades,religacion revista de ciencias sociales y humanidades,,2477-9083,,"TRAVERSA, FEDERICO | Fabricio Carneiro",exact_title_year_journal,high,,2,FALSE,Fabricio Carneiro | Federico Traversa,2,TRUE,FALSE,JRN266,10,FALSE,FALSE,,,,,,,FALSE,,,,,,,,,,,,,FALSE,FALSE,FALSE,,,,,,,,,,,,,,,,,FALSE,,,,,,TRUE,TRUE,TRUE,FALSE,Religación: Revista de Ciencias Sociales y Humanidades,https://www.latindex.org/latindex/ficha/23366,exact_normalized_name,high,,,TRUE,,,TRUE,FALSE
ART00504,Regímenes Políticos de Conocimiento: tecnocracia y democracia en Chile y Uruguay,regimenes politicos de conocimiento tecnocracia y democracia en chile y uruguay,2017,published,TRUE,Millcayac - Revista Digital de Ciencias Sociales,millcayac revista digital de ciencias sociales,2362-616X,2362-616X,,"GARCÉ, A.",single_source_row,not_applicable,,1,TRUE,Adolfo Garcé,1,FALSE,FALSE,JRN197,23,FALSE,FALSE,,,,,,,FALSE,,,,,,,,,,,,,FALSE,FALSE,FALSE,,,,,,,,,,,,,,,,,TRUE,MILLCAYAC - REVISTA DIGITAL DE CIENCIAS SOCIALES,2362-616X,A2,exact_issn,high,TRUE,TRUE,TRUE,FALSE,Millcayac,https://www.latindex.org/latindex/ficha/20826,exact_normalized_name,high,,TRUE,TRUE,,,TRUE,FALSE
ART00505,Reseña de El populismo en escena. ¿Por qué emerge en unos países y en otros no?,resena de el populismo en escena por que emerge en unos paises y en otros no,2017,published,TRUE,Revista Uruguaya de Ciencia Política,revista uruguaya de ciencia politica,,0797-9789,,GERMÁN BIDEGAIN,single_source_row,not_applicable,,1,TRUE,Germán Bidegain,1,FALSE,FALSE,JRN351,,FALSE,FALSE,,,,,,,FALSE,,,,,,,,,,,ambiguous,low,FALSE,FALSE,FALSE,,,,,,,,,,,,,,,ambiguous,low,TRUE,REVISTA URUGUAYA DE CIENCIA POLITICA,1688-499X,A1,exact_issn,high,TRUE,TRUE,TRUE,FALSE,Revista uruguaya de ciencia política,https://www.latindex.org/latindex/ficha/16727,exact_normalized_name,high,,TRUE,TRUE,,,TRUE,FALSE
ART00506,Silent State reform? The political process of the law on Public-Private Partnership in Uruguay,silent state reform the political process of the law on public private partnership in uruguay,2017,published,TRUE,Revista de Administração Pública,revista de administracao publica,,0034-7612,,"FUENTES, G.",single_source_row,not_applicable,,1,TRUE,Guillermo Fuentes,1,FALSE,FALSE,JRN278,12,FALSE,FALSE,,,,,,,FALSE,,,,,,,,,,,,,FALSE,FALSE,FALSE,,,,,,,,,,,,,,,,,TRUE,REVISTA DE ADMINISTRAÇÃO PÚBLICA,0034-7612,A2,exact_issn,high,FALSE,FALSE,,,,,,,,TRUE,,,,TRUE,FALSE
ART00507,Un congreso sobre investigación y educación interdisciplinarias en América Latina,un congreso sobre investigacion y educacion interdisciplinarias en america latina,2017,published,TRUE,INTERdisciplina,interdisciplina,4567-5678,,10.22201/ceiich.24485705e.2017.1,"REPETTO, LORENA | CORBACHO AM",single_source_row,not_applicable,,2,FALSE,Lorena Repetto,1,FALSE,FALSE,JRN156,0,FALSE,FALSE,,,,,,,FALSE,,,,,,,,,,,,,FALSE,FALSE,FALSE,,,,,,,,,,,,,,,,,FALSE,,,,,,FALSE,FALSE,,,,,,,,,,,,TRUE,FALSE
ART00508,Vicepresidentes en América del Sur: una agenda de investigación,vicepresidentes en america del sur una agenda de investigacion,2017,published,TRUE,Colombia Internacional,colombia internacional,0121-5612,1900-6004,,GERMÁN BIDEGAIN,single_source_row,not_applicable,,1,TRUE,Germán Bidegain,1,FALSE,FALSE,JRN053,34,TRUE,TRUE,5800169849,Colombia Internacional,407,0.239,Q3,18,TRUE,5800169849,Colombia Internacional,837,0.239,Q3,18,Political Science and International Relations,407,0.239,Q3,exact_issn,high,TRUE,TRUE,TRUE,5800169849,Colombia Internacional,1.4,0.239,0.752,55,151,105,90,176,1936,90.0% 176/1936 History,Active,2011-2026,exact_issn,high,FALSE,,,,conflict,low,TRUE,TRUE,FALSE,TRUE,Colombia Internacional,https://www.latindex.org/latindex/ficha/4440,exact_normalized_name,high,TRUE,,TRUE,FALSE,FALSE,TRUE,FALSE
ART00509,"""""Violencia policial y democracia en disputa. El surgimiento de una política sexo/genérica durante la transición uruguaya (1980-1989)""""",violencia policial y democracia en disputa el surgimiento de una politica sexo generica durante la transicion uruguaya 1980 1989,2017,published,TRUE,Estudos de Sociologia,estudos de sociologia,1414-0144,1982-4718,,DIEGO SEMPOL,single_source_row,not_applicable,,1,TRUE,Diego Sempol,1,FALSE,FALSE,JRN121,3,FALSE,FALSE,,,,,,,FALSE,,,,,,,,,,,,,FALSE,FALSE,FALSE,,,,,,,,,,,,,,,,,FALSE,,,,conflict,low,FALSE,FALSE,,,,,,,,,,,,TRUE,FALSE
ART00510,América Latina en el siglo XXI: avances y retrocesos en las pautas de desarrollo social.,america latina en el siglo xxi avances y retrocesos en las pautas de desarrollo social,2018,published,TRUE,Cadernos do CEAS Revista crítica de humanidades,cadernos do ceas revista critica de humanidades,0102-9711,2447-861X,,CARMEN MIDAGLIA | MARCELO CASTILLO,single_source_row,not_applicable,,2,FALSE,Carmen Midaglia,1,FALSE,FALSE,JRN042,,FALSE,FALSE,,,,,,,FALSE,,,,,,,,,,,,,FALSE,FALSE,FALSE,,,,,,,,,,,,,,,,,FALSE,,,,conflict,low,FALSE,FALSE,,,,,,,,,,,,TRUE,FALSE
ART00511,"""""Aquí nadie es más que nadie"""" Igualdad y familias en el debate sobre matrimonio igualitario en Uruguay",aqui nadie es mas que nadie igualdad y familias en el debate sobre matrimonio igualitario en uruguay,2018,published,TRUE,Revista Punto Género,revista punto genero,,0719-0417,,DIEGO SEMPOL,single_source_row,not_applicable,,1,TRUE,Diego Sempol,1,FALSE,FALSE,JRN347,2,FALSE,FALSE,,,,,,,FALSE,,,,,,,,,,,,,FALSE,FALSE,FALSE,,,,,,,,,,,,,,,,,FALSE,,,,,,FALSE,FALSE,,,,,,,,,,,,TRUE,FALSE
ART00512,Cien años de la Gran Guerra. Cuatro enfoques. Dossier,cien anos de la gran guerra cuatro enfoques dossier,2018,published,TRUE,Avances del Cesor,avances del cesor,1514-3899,2422-6580,,"RILLA, JOSÉ",single_source_row,not_applicable,,1,TRUE,José Rilla,1,FALSE,FALSE,JRN029,,TRUE,FALSE,,,,,,,TRUE,21100923520,Avances del Cesor,1254,0.126,Q4,5,Sociology and Political Science,1254,0.126,Q4,exact_issn,high,TRUE,FALSE,TRUE,21100923520,Avances del Cesor,0.2,0.126,0.508,12,9,58,21,1523,1936,21.0% 1523/1936 History,Active,2019-2026,exact_issn,high,TRUE,AVANCES DEL CESOR,2422-6580,A1,exact_issn,high,FALSE,FALSE,,,,,,,TRUE,TRUE,,FALSE,FALSE,TRUE,FALSE
ART00513,Communism and Democracy during the Latin American Cold War: The Case of the Uruguayan Communist Party in the 60?s,communism and democracy during the latin american cold war the case of the uruguayan communist party in the 60 s,2018,published,TRUE,Revista Brasileira de História,revista brasileira de historia,,0102-0188,10.1590/1806-93472018v38n79-11,YAFFÉ,single_source_row,not_applicable,,1,TRUE,Jaime Yaffé,1,FALSE,FALSE,JRN272,0,TRUE,FALSE,,,,,,,TRUE,8100153108,Revista Brasileira de Historia,1320,0.116,Q4,13,Sociology and Political Science,1320,0.116,Q4,exact_issn,high,TRUE,FALSE,TRUE,8100153108,Revista Brasileira de Historia,0.5,0.116,0.471,35,106,194,64,694,1936,64.0% 694/1936 History,Active,2007-2026; 2001; 1999,exact_issn,high,TRUE,REVISTA BRASILEIRA DE HISTÓRIA (IMPRESSO),0102-0188,A1,exact_issn,high,FALSE,FALSE,,,,,,,TRUE,TRUE,,FALSE,FALSE,TRUE,FALSE
ART00514,Construyendo un equilibrio democrático: la reforma constitucional de Uruguay en 1917,construyendo un equilibrio democratico la reforma constitucional de uruguay en 1917,2018,published,TRUE,Revista Uruguaya de Ciencia Política,revista uruguaya de ciencia politica,,0797-9789,10.26851/rucp.27.1,"BUQUET, D | Juan A. Moraes",exact_doi,high,,2,FALSE,Daniel Buquet | Juan Andrés Moraes,2,TRUE,FALSE,JRN351,23,FALSE,FALSE,,,,,,,FALSE,,,,,,,,,,,ambiguous,low,FALSE,FALSE,FALSE,,,,,,,,,,,,,,,ambiguous,low,TRUE,REVISTA URUGUAYA DE CIENCIA POLITICA,1688-499X,A1,exact_issn,high,TRUE,TRUE,TRUE,FALSE,Revista uruguaya de ciencia política,https://www.latindex.org/latindex/ficha/16727,exact_normalized_name,high,,TRUE,TRUE,,,TRUE,FALSE
ART00515,De la Suiza de América al Uruguay como problema. La génesis del pensamiento de Alberto Methol Ferré.,de la suiza de america al uruguay como problema la genesis del pensamiento de alberto methol ferre,2018,published,TRUE,Iberoamericana - Nordic Journal of Latin American and Caribbean Studies,iberoamericana nordic journal of latin american and caribbean studies,,2002-4509,10.16993/iberoamericana.426,GERARDO CAETANO,single_source_row,not_applicable,,1,TRUE,Gerardo Caetano,1,FALSE,FALSE,JRN149,18,FALSE,FALSE,,,,,,,FALSE,,,,,,,,,,,,,FALSE,FALSE,FALSE,,,,,,,,,,,,,,,,,TRUE,IBEROAMERICANA - NORDIC JOURNAL OF LATIN AMERICAN AND CARIBBEAN STUDIES,2002-4509,B1,exact_issn,high,TRUE,TRUE,TRUE,FALSE,Iberoamericana,https://www.latindex.org/latindex/ficha/22814,exact_normalized_name,high,,TRUE,TRUE,,,TRUE,FALSE
ART00516,Del dicho al hecho hay un gran trecho: obstáculos para la expansión de la escolaridad media en Uruguay,del dicho al hecho hay un gran trecho obstaculos para la expansion de la escolaridad media en uruguay,2018,published,TRUE,Education Policy Analysis Archives,education policy analysis archives,,1068-2341,,MARÍA ESTER MANCEBO | JULIA PÉREZ ZORRILLA,single_source_row,not_applicable,,2,FALSE,María Ester Mancebo,1,FALSE,FALSE,JRN098,7,FALSE,FALSE,,,,,,,FALSE,,,,,,,,,,,,,FALSE,FALSE,FALSE,,,,,,,,,,,,,,,,,TRUE,ARCHIVOS ANALÍTICOS DE POLÍTICAS EDUCATIVAS / EDUCATION POLICY ANALYSIS ARCHIVES,1068-2341,A1,exact_issn,high,FALSE,FALSE,,,,,,,,TRUE,,,,TRUE,FALSE
ART00517,Describiendo el gobierno abierto: ensayo de una medición,describiendo el gobierno abierto ensayo de una medicion,2018,published,TRUE,Democracia Digital e Governo Eletrônico,democracia digital e governo eletronico,,2175-9391,,JOSE MIGUEL BUSQUETS | Francisco Geymonat,single_source_row,not_applicable,,2,FALSE,José Busquets,1,FALSE,FALSE,JRN080,,FALSE,FALSE,,,,,,,FALSE,,,,,,,,,,,,,FALSE,FALSE,FALSE,,,,,,,,,,,,,,,,,FALSE,,,,,,FALSE,FALSE,,,,,,,,,,,,TRUE,FALSE
ART00518,"Desigualdad, desarrollo e inserción internacional. Una mirada crítica sobre la década social y el ciclo progresista en América Latina",desigualdad desarrollo e insercion internacional una mirada critica sobre la decada social y el ciclo progresista en america latina,2018,published,TRUE,Estudios interdisciplinarios de America Latina y el Caribe,estudios interdisciplinarios de america latina y el caribe,0792-7061,2226-4620,,GERARDO CAETANO,single_source_row,not_applicable,,1,TRUE,Gerardo Caetano,1,FALSE,FALSE,JRN117,19,FALSE,FALSE,,,,,,,FALSE,,,,,,,,,,,,,FALSE,FALSE,FALSE,,,,,,,,,,,,,,,,,FALSE,,,,,,FALSE,FALSE,,,,,,,,,,,,TRUE,FALSE
ART00519,El liderazgo brasileño en Sudamérica en tiempos de cambio. Una mirada desde Uruguay,el liderazgo brasileno en sudamerica en tiempos de cambio una mirada desde uruguay,2018,published,TRUE,Civitas - Revista de Ciências Sociais,civitas revista de ciencias sociais,1519-6089,1984-7289,10.15448/1984-7289.2018.2.29677,Carlos Luján | Camilo Lopéz Burian,doi_propagated_by_title_year_journal,high,,2,FALSE,Camilo López | Carlos Luján,2,TRUE,FALSE,JRN049,6,TRUE,FALSE,,,,,,,TRUE,21100877661,Civitas,1324,0.115,Q4,8,Sociology and Political Science,1324,0.115,Q4,exact_issn,high,TRUE,FALSE,TRUE,21100877661,Civitas,0.4,0.115,0.316,26,58,146,40,851,1434,40.0% 851/1434 Cultural Studies,Active,2018-2026,exact_issn,high,FALSE,,,,conflict,low,FALSE,FALSE,,,,,,,TRUE,,,FALSE,FALSE,TRUE,FALSE
ART00520,El pleito conceptual entre la libertad y la república en los tiempos artiguistas,el pleito conceptual entre la libertad y la republica en los tiempos artiguistas,2018,published,TRUE,Ariadna Histórica,ariadna historica,,2255-0968,,GERARDO CAETANO | Ana Ribeiro,single_source_row,not_applicable,,2,FALSE,Gerardo Caetano,1,FALSE,FALSE,JRN027,6,FALSE,FALSE,,,,,,,FALSE,,,,,,,,,,,,,FALSE,FALSE,FALSE,,,,,,,,,,,,,,,,,FALSE,,,,,,FALSE,FALSE,,,,,,,,,,,,TRUE,FALSE
ART00521,"Francisco Soto y Yanina Welp, Los """"diálogos ciudadanos"""". Chile ante el giro deliberativo. Santiago: LOM ediciones, 2017",francisco soto y yanina welp los dialogos ciudadanos chile ante el giro deliberativo santiago lom ediciones 2017,2018,published,TRUE,Revista Uruguaya de Ciencia Política,revista uruguaya de ciencia politica,,0797-9789,,JULIÁN GONZÁLEZ | Julián González Scandizzi,single_source_row,not_applicable,,2,FALSE,Julián González Scandizzi,1,FALSE,FALSE,JRN351,,FALSE,FALSE,,,,,,,FALSE,,,,,,,,,,,ambiguous,low,FALSE,FALSE,FALSE,,,,,,,,,,,,,,,ambiguous,low,TRUE,REVISTA URUGUAYA DE CIENCIA POLITICA,1688-499X,A1,exact_issn,high,TRUE,TRUE,TRUE,FALSE,Revista uruguaya de ciencia política,https://www.latindex.org/latindex/ficha/16727,exact_normalized_name,high,,TRUE,TRUE,,,TRUE,FALSE
ART00522,Gaining public control on health policy: the politics of scaling up to universal health coverage in Uruguay,gaining public control on health policy the politics of scaling up to universal health coverage in uruguay,2018,published,TRUE,Social Theory & Health,social theory and health,1477-8211,1477-822X,10.1057/s41285-018-0080-7,"FUENTES, G. | Ballart, X.",single_source_row,not_applicable,,2,FALSE,Guillermo Fuentes,1,FALSE,FALSE,JRN363,,TRUE,FALSE,,,,,,,TRUE,5700164350,Social Theory and Health,400,0.587,Q2,45,Sociology and Political Science,400,0.587,Q2,exact_issn,high,TRUE,FALSE,TRUE,5700164350,Social Theory and Health,2.9,0.587,1.279,60,274,94,71,434,1530,71.0% 434/1530 Sociology and Political Science,Active,2003-2026,exact_issn,high,FALSE,,,,,,FALSE,FALSE,,,,,,,TRUE,,,FALSE,TRUE,TRUE,FALSE
ART00523,"Gerardo Caetano (Coord.) (2018), Zelmar Michelini. Razones de una conducta. Acción y pensamiento",gerardo caetano coord 2018 zelmar michelini razones de una conducta accion y pensamiento,2018,published,TRUE,Claves,claves,,2393-6584,,"MONESTIER, FELIPE",single_source_row,not_applicable,,1,TRUE,Felipe Monestier,1,FALSE,FALSE,JRN050,,FALSE,FALSE,,,,,,,FALSE,,,,,,,,,,,,,FALSE,FALSE,FALSE,,,,,,,,,,,,,,,,,FALSE,,,,,,FALSE,FALSE,,,,,,,,,,,,TRUE,FALSE
ART00524,Homosexual: entre el insulto y el orgullo,homosexual entre el insulto y el orgullo,2018,published,TRUE,Políticas de la Memoria,politicas de la memoria,1668-4885,2683-7234,,DIEGO SEMPOL,single_source_row,not_applicable,,1,TRUE,Diego Sempol,1,FALSE,FALSE,JRN240,,FALSE,FALSE,,,,,,,FALSE,,,,,,,,,,,,,FALSE,FALSE,FALSE,,,,,,,,,,,,,,,,,FALSE,,,,,,FALSE,FALSE,,,,,,,,,,,,TRUE,FALSE
ART00525,"Izquierdas latinoamericanas en mutación: lecciones de la experiencia de una década y media de progresismo, en las izquierdas en la actualidad: diálogo América Latina y Europa",izquierdas latinoamericanas en mutacion lecciones de la experiencia de una decada y media de progresismo en las izquierdas en la actualidad dialogo america latina y europa,2018,published,TRUE,Abya-yala Revista sobre Acesso à Justiça e Direitos nas Américas,abya yala revista sobre acesso a justica e direitos nas americas,,2526-6675,,CONSTANZA MOREIRA,single_source_row,not_applicable,,1,TRUE,Constanza Moreira,1,FALSE,FALSE,JRN003,,FALSE,FALSE,,,,,,,FALSE,,,,,,,,,,,,,FALSE,FALSE,FALSE,,,,,,,,,,,,,,,,,FALSE,,,,,,FALSE,FALSE,,,,,,,,,,,,TRUE,FALSE
ART00526,La construcción de la protección social en Uruguay: desafíos y horizontes,la construccion de la proteccion social en uruguay desafios y horizontes,2018,published,TRUE,Revista MERCOSUR de Políticas Sociales,revista mercosur de politicas sociales,2523-0891,2663-2047,10.28917/ism.2018-v2-192,"ALEJANDRO MILANESI | CHRISTIAN MIRZA | ZEBALLOS LERETÉ, C.",single_source_row,not_applicable,,3,FALSE,Alejandro Milanesi,1,FALSE,FALSE,JRN340,12,FALSE,FALSE,,,,,,,FALSE,,,,,,,,,,,,,FALSE,FALSE,FALSE,,,,,,,,,,,,,,,,,TRUE,REVISTA MERCOSUR DE POLÍTICAS SOCIALES,2523-0891,B2,exact_issn,high,FALSE,FALSE,,,,,,,,TRUE,,,,TRUE,FALSE
ART00527,La gestión por resultados: una revisión de la literatura y sus desafíos en América Latina.,la gestion por resultados una revision de la literatura y sus desafios en america latina,2018,published,TRUE,Administración & Desarrollo,administracion and desarrollo,0120-3754,2500-5227,,ALEJANDRO MILANESI,single_source_row,not_applicable,,1,TRUE,Alejandro Milanesi,1,FALSE,FALSE,JRN006,40,FALSE,FALSE,,,,,,,FALSE,,,,,,,,,,,,,FALSE,FALSE,FALSE,,,,,,,,,,,,,,,,,FALSE,,,,,,FALSE,FALSE,,,,,ambiguous,low,,,,,,TRUE,FALSE
ART00528,Las competencias en la educación superior: nudos críticos y oportunidades de innovación,las competencias en la educacion superior nudos criticos y oportunidades de innovacion,2018,published,TRUE,InterCambios: Dilemas y Transiciones de la Educación Superior,intercambios dilemas y transiciones de la educacion superior,,2301-0118,,MARÍA ESTER MANCEBO | NICOLÁS BENTANCUR,exact_title_year_journal,high,,2,FALSE,Nicolás Bentancur | María Ester Mancebo,2,TRUE,FALSE,JRN154,20,FALSE,FALSE,,,,,,,FALSE,,,,,,,,,,,,,FALSE,FALSE,FALSE,,,,,,,,,,,,,,,,,FALSE,,,,,,FALSE,FALSE,,,,,,,,,,,,TRUE,FALSE
ART00529,Las transferencias monetarias no contributivas: el horizonte utópico de la renta básica,las transferencias monetarias no contributivas el horizonte utopico de la renta basica,2018,published,TRUE,Encuentros Uruguayos,encuentros uruguayos,,1688-5236,,Andrea Delbono | JOSE MIGUEL BUSQUETS,exact_title_year_journal,high,,2,FALSE,José Busquets | Andrea Delbono,2,TRUE,FALSE,JRN105,4,FALSE,FALSE,,,,,,,FALSE,,,,,,,,,,,,,FALSE,FALSE,FALSE,,,,,,,,,,,,,,,,,FALSE,,,,,,FALSE,FALSE,,,,,,,,,,,,TRUE,FALSE
ART00530,Los nuevos rumbos del Mercosur. El cambio de modelo y las consecuencias de la crisis de Brasil,los nuevos rumbos del mercosur el cambio de modelo y las consecuencias de la crisis de brasil,2018,published,TRUE,Foro Internacional,foro internacional,0185-013X,2448-6523,10.24201/fi.v59i1.2582,GERARDO CAETANO,single_source_row,not_applicable,,1,TRUE,Gerardo Caetano,1,FALSE,FALSE,JRN129,,FALSE,FALSE,,,,,,,FALSE,,,,,,,,,,,,,FALSE,FALSE,FALSE,,,,,,,,,,,,,,,,,TRUE,FORO INTERNACIONAL,0185-013X,A1,exact_issn,high,TRUE,TRUE,FALSE,TRUE,Foro internacional,https://www.latindex.org/latindex/ficha/7677,exact_normalized_name,high,,TRUE,TRUE,,,TRUE,FALSE
ART00531,Milton Vanger 1925-2018,milton vanger 1925 2018,2018,published,TRUE,Revista Uruguaya de Ciencia Política,revista uruguaya de ciencia politica,,0797-9789,,"RILLA, JOSÉ",single_source_row,not_applicable,,1,TRUE,José Rilla,1,FALSE,FALSE,JRN351,,FALSE,FALSE,,,,,,,FALSE,,,,,,,,,,,ambiguous,low,FALSE,FALSE,FALSE,,,,,,,,,,,,,,,ambiguous,low,TRUE,REVISTA URUGUAYA DE CIENCIA POLITICA,1688-499X,A1,exact_issn,high,TRUE,TRUE,TRUE,FALSE,Revista uruguaya de ciencia política,https://www.latindex.org/latindex/ficha/16727,exact_normalized_name,high,,TRUE,TRUE,,,TRUE,FALSE
ART00532,Raíces y consecuencias de la hegemonía presidencial en Iberoamérica,raices y consecuencias de la hegemonia presidencial en iberoamerica,2018,published,FALSE,Pensamiento Iberoamericano,pensamiento iberoamericano,0212-0208,,,"GARCÉ, A.",single_source_row,not_applicable,,1,TRUE,Adolfo Garcé,1,FALSE,FALSE,JRN225,,FALSE,FALSE,,,,,,,FALSE,,,,,,,,,,,,,FALSE,FALSE,FALSE,,,,,,,,,,,,,,,,,FALSE,,,,,,FALSE,FALSE,,,,,,,,,,,,TRUE,FALSE
ART00533,Reconfigurando el bienestar regional mediante la asistencia:Uruguay en el siglo XXI.,reconfigurando el bienestar regional mediante la asistencia uruguay en el siglo xxi,2018,published,TRUE,Estado y Comunes,estado y comunes,1390-8081,2477-9245,,CARMEN MIDAGLIA | Belén Villegas,single_source_row,not_applicable,,2,FALSE,Carmen Midaglia,1,FALSE,FALSE,JRN114,,FALSE,FALSE,,,,,,,FALSE,,,,,,,,,,,,,FALSE,FALSE,FALSE,,,,,,,,,,,,,,,,,TRUE,ESTADO & COMUNES,2477-9245,A1,exact_issn,high,FALSE,FALSE,,,,,,,,TRUE,,,,TRUE,FALSE
ART00534,Regímenes de política social en América Latina: una revisión crítica de la literatura,regimenes de politica social en america latina una revision critica de la literatura,2018,published,TRUE,Desafíos,desafios,,2145-5112,10.12804/revistas.urosario.edu.co/,"ANTÍA, FLORENCIA",single_source_row,not_applicable,,1,TRUE,Florencia Antía,1,FALSE,FALSE,JRN084,79,FALSE,FALSE,,,,,,,FALSE,,,,,,,,,,,,,FALSE,FALSE,FALSE,,,,,,,,,,,,,,,,,TRUE,DESAFÍOS (ONLINE),2145-5112,A1,exact_issn,high,TRUE,TRUE,TRUE,TRUE,Desafíos,https://www.latindex.org/latindex/ficha/5705,exact_normalized_name,high,,TRUE,TRUE,,,TRUE,FALSE
ART00535,Regímenes internacionales y organizaciones intergubernamentales: preferencias y valoraciones políticas desde Uruguay,regimenes internacionales y organizaciones intergubernamentales preferencias y valoraciones politicas desde uruguay,2018,published,TRUE,Monções Revista de Relações Internacionais da UFGD,moncoes revista de relacoes internacionais da ufgd,,2316-8323,,"LÓPEZ, CAMILO | IRAZABAL, Federico",single_source_row,not_applicable,,2,FALSE,Camilo López,1,FALSE,FALSE,JRN198,1,FALSE,FALSE,,,,,,,FALSE,,,,,,,,,,,,,FALSE,FALSE,FALSE,,,,,,,,,,,,,,,,,TRUE,MONÇÕES: REVISTA DE RELAÇÕES INTERNACIONAIS DA UFGD,2316-8323,A2,exact_issn,high,FALSE,FALSE,,,,,,,,TRUE,,,,TRUE,FALSE
ART00536,"Reseña América Latina en la historia contemporánea. Uruguay, tomo I, II y III Gerardo Catano (director) Planeta 2016",resena america latina en la historia contemporanea uruguay tomo i ii y iii gerardo catano director planeta 2016,2018,published,TRUE,Contemporánea,contemporanea,1688-7638,1688-9746,,DIEGO SEMPOL,single_source_row,not_applicable,,1,TRUE,Diego Sempol,1,FALSE,FALSE,JRN060,,FALSE,FALSE,,,,,,,FALSE,,,,,,,,,,,,,FALSE,FALSE,FALSE,,,,,,,,,,,,,,,,,FALSE,,,,ambiguous,low,FALSE,FALSE,,,,,,,,,,,,TRUE,FALSE
ART00537,The politics of redistribution in unequal democracies: center-left governments in Chile and Uruguay in comparative perspective,the politics of redistribution in unequal democracies center left governments in chile and uruguay in comparative perspective,2018,published,TRUE,Latin American Perspectives,latin american perspectives,0094-582X,,10.1177/0094582x18806827,"ANTÍA, FLORENCIA",single_source_row,not_applicable,,1,TRUE,Florencia Antía,1,FALSE,FALSE,JRN186,,TRUE,FALSE,,,,,,,TRUE,27731,Latin American Perspectives,763,0.277,Q3,55,Sociology and Political Science,763,0.277,Q3,exact_issn,high,TRUE,FALSE,TRUE,27731,Latin American Perspectives,1.2,0.277,0.618,44,424,346,45,840,1530,45.0% 840/1530 Sociology and Political Science,Active,1986-2026; 1984; 1977,exact_issn,high,TRUE,LATIN AMERICAN PERSPECTIVES,0094-582X,A1,exact_issn,high,TRUE,TRUE,TRUE,TRUE,Latin American Perspectives,https://www.latindex.org/latindex/ficha/21560,exact_normalized_name,high,TRUE,TRUE,TRUE,FALSE,FALSE,TRUE,FALSE
ART00538,Tres experimentos constitucionales. El complejo proceso de diseño del Poder Ejecutivo en el Uruguay,tres experimentos constitucionales el complejo proceso de diseno del poder ejecutivo en el uruguay,2018,published,TRUE,Revista Uruguaya de Ciencia Política,revista uruguaya de ciencia politica,,0797-9789,,"CHASQUETTI, DANIEL",single_source_row,not_applicable,,1,TRUE,Daniel Chasquetti,1,FALSE,FALSE,JRN351,14,FALSE,FALSE,,,,,,,FALSE,,,,,,,,,,,ambiguous,low,FALSE,FALSE,FALSE,,,,,,,,,,,,,,,ambiguous,low,TRUE,REVISTA URUGUAYA DE CIENCIA POLITICA,1688-499X,A1,exact_issn,high,TRUE,TRUE,TRUE,FALSE,Revista uruguaya de ciencia política,https://www.latindex.org/latindex/ficha/16727,exact_normalized_name,high,,TRUE,TRUE,,,TRUE,FALSE
ART00539,Un nuevo comparatismo para el nuevo constitcionalismo latinoamericano. Análisis de dos casos,un nuevo comparatismo para el nuevo constitcionalismo latinoamericano analisis de dos casos,2018,published,TRUE,Anuario del Área Socio-Jurídica,anuario del area socio juridica,,1688-5465,,JOSE MIGUEL BUSQUETS | Oscar Sarlo,single_source_row,not_applicable,,2,FALSE,José Busquets,1,FALSE,FALSE,JRN022,1,FALSE,FALSE,,,,,,,FALSE,,,,,,,,,,,,,FALSE,FALSE,FALSE,,,,,,,,,,,,,,,,,FALSE,,,,,,FALSE,FALSE,,,,,,,,,,,,TRUE,FALSE
ART00540,Un pensamiento propio: Feminismo desde y para América Latina en los ochenta.,un pensamiento propio feminismo desde y para america latina en los ochenta,2018,published,TRUE,Travesía,travesia,0329-9449,2314-2707,,DE GIORGI,single_source_row,not_applicable,,1,TRUE,Ana Laura de Giorgi,1,FALSE,FALSE,JRN394,,FALSE,FALSE,,,,,,,FALSE,,,,,,,,,,,,,FALSE,FALSE,FALSE,,,,,,,,,,,,,,,,,FALSE,,,,,,FALSE,FALSE,,,,,,,,,,,,TRUE,FALSE
ART00541,Unexplored Advantages of DA-RT for Qualitative Research,unexplored advantages of da rt for qualitative research,2018,published,TRUE,Qualitative and Multi-Methods Research,qualitative and multi methods research,2153-6767,,10.5281/zenodo.3524354,Verónica Pérez Bentancur | RAFAEL PIÑEIRO RODRIGUEZ | FERNANDO ROSENBLATT,single_source_row,not_applicable,,3,FALSE,Verónica Pérez Bentancur,1,FALSE,FALSE,JRN255,5,FALSE,FALSE,,,,,,,FALSE,,,,,,,,,,,,,FALSE,FALSE,FALSE,,,,,,,,,,,,,,,,,FALSE,,,,,,FALSE,FALSE,,,,,,,,,,,,TRUE,FALSE
ART00542,Uruguay 2017: reactivación económica y nuevos conflictos políticos,uruguay 2017 reactivacion economica y nuevos conflictos politicos,2019,published,TRUE,Revista de ciencia política (Santiago),revista de ciencia politica santiago,,0718-090X,10.4067/s0718-090x2018000200379,"CARNEIRO | TRAVERSA, FEDERICO",exact_doi,high,,2,FALSE,Fabricio Carneiro | Federico Traversa,2,TRUE,FALSE,JRN280,21,TRUE,TRUE,5100152922,Revista de Ciencia Politica,79,0.975,Q1,28,TRUE,5100152922,Revista de Ciencia Politica,188,0.975,Q1,28,Political Science and International Relations,79,0.975,Q1,exact_issn,high,TRUE,TRUE,TRUE,5100152922,Revista de Ciencia Politica,3.4,0.975,1.404,79,258,77,77,166,745,77.0% 166/745 Political Science and International Relations,Active,2006-2025; 2002,exact_issn,high,TRUE,REVISTA DE CIENCIA POLÍTICA (SANTIAGO. EN LÍNEA),0718-090X,A1,exact_issn,high,TRUE,TRUE,TRUE,FALSE,Revista de ciencia política,https://www.latindex.org/latindex/ficha/14054,exact_normalized_name,high,TRUE,TRUE,TRUE,TRUE,TRUE,TRUE,FALSE
ART00543,"Usos del pasado, usos de la historia. Prudencia, función, militancia",usos del pasado usos de la historia prudencia funcion militancia,2018,published,TRUE,Passés Futurs,passes futurs,,2558-7935,,"RILLA, JOSÉ",single_source_row,not_applicable,,1,TRUE,José Rilla,1,FALSE,FALSE,JRN223,,FALSE,FALSE,,,,,,,FALSE,,,,,,,,,,,,,FALSE,FALSE,FALSE,,,,,,,,,,,,,,,,,FALSE,,,,,,FALSE,FALSE,,,,,,,,,,,,TRUE,FALSE
ART00544,Viejos amigos en nuevos tiempos. Alianzas y rupturas entre partidos progresistas y movimientos sindicales en el Cono Sur,viejos amigos en nuevos tiempos alianzas y rupturas entre partidos progresistas y movimientos sindicales en el cono sur,2018,accepted,TRUE,Latin American Perspectives,latin american perspectives,0094-582X,,,"FUENTES, G. | Carneiro, F. | MIDAGLIA, C.",single_source_row,not_applicable,,3,FALSE,Guillermo Fuentes,1,FALSE,FALSE,JRN186,,TRUE,FALSE,,,,,,,TRUE,27731,Latin American Perspectives,763,0.277,Q3,55,Sociology and Political Science,763,0.277,Q3,exact_issn,high,TRUE,FALSE,TRUE,27731,Latin American Perspectives,1.2,0.277,0.618,44,424,346,45,840,1530,45.0% 840/1530 Sociology and Political Science,Active,1986-2026; 1984; 1977,exact_issn,high,TRUE,LATIN AMERICAN PERSPECTIVES,0094-582X,A1,exact_issn,high,TRUE,TRUE,TRUE,TRUE,Latin American Perspectives,https://www.latindex.org/latindex/ficha/21560,exact_normalized_name,high,TRUE,TRUE,TRUE,FALSE,FALSE,TRUE,FALSE
ART00545,"Volatilidad electoral y alternancia política a nivel subnacional en Uruguay, 2000-2015",volatilidad electoral y alternancia politica a nivel subnacional en uruguay 2000 2015,2018,published,TRUE,Revista Mexicana de Ciencias Políticas y Sociales,revista mexicana de ciencias politicas y sociales,0185-1918,2448-492X,10.22201/fcpys.2448492xe.2018.232.58860,Nicolás Schmidt | Diego Luján,doi_corrected_local_metadata,high,"A truncated DOI variant was normalized using corroborating title, year, journal and author metadata across local CV records.",2,FALSE,Diego Luján | Nicolás Schmidt,2,TRUE,FALSE,JRN341,15,FALSE,FALSE,,,,,,,FALSE,,,,,,,,,,,,,FALSE,FALSE,FALSE,,,,,,,,,,,,,,,,,TRUE,REVISTA MEXICANA DE CIENCIAS POLÍTICAS Y SOCIALES,0185-1918,A1,exact_issn,high,TRUE,TRUE,TRUE,TRUE,Revista mexicana de ciencias políticas y sociales,https://www.latindex.org/latindex/ficha/16244,exact_normalized_name,high,,TRUE,TRUE,,,TRUE,FALSE
ART00546,An experimental evaluation tool for the Public Innovation Lab of the Uruguayan government,an experimental evaluation tool for the public innovation lab of the uruguayan government,2019,published,TRUE,Evidence & Policy,evidence and policy,1744-2648,1744-2656,10.1332/174426419x15537488717501,"ZURBRIGGEN | Gonzalez Lago, Mariana",single_source_row,not_applicable,,2,FALSE,Cristina Zurbriggen,1,FALSE,FALSE,JRN126,,FALSE,FALSE,,,,,,,FALSE,,,,,,,,,,,,,FALSE,FALSE,FALSE,,,,,,,,,,,,,,,,,FALSE,,,,,,FALSE,FALSE,,,,,,,,,,,,TRUE,FALSE
ART00547,Caminos de la herejía democrática: católicos y falangistas en tránsito,caminos de la herejia democratica catolicos y falangistas en transito,2019,published,TRUE,Pasado y Memoria Revista de Historia Contemporánea,pasado y memoria revista de historia contemporanea,,2386-4745,10.14198/pasado2019.18,"RILLA, JOSÉ",single_source_row,not_applicable,,1,TRUE,José Rilla,1,FALSE,FALSE,JRN222,7,FALSE,FALSE,,,,,,,FALSE,,,,,,,,,,,,,FALSE,FALSE,FALSE,,,,,,,,,,,,,,,,,FALSE,,,,,,FALSE,FALSE,,,,,,,,,,,,TRUE,FALSE
ART00548,"Carlos Real de Azúa viaja a España. Ratificación/rectificación»,",carlos real de azua viaja a espana ratificacion rectificacion,2019,published,TRUE,Ayer Revista de Historia Contemporánea,ayer revista de historia contemporanea,1134-2277,2255-5838,,"RILLA, JOSÉ",single_source_row,not_applicable,,1,TRUE,José Rilla,1,FALSE,FALSE,JRN030,,TRUE,FALSE,,,,,,,TRUE,21100218321,Ayer,687,0.316,Q2,14,Sociology and Political Science,687,0.316,Q2,exact_issn,high,TRUE,FALSE,TRUE,21100218321,Ayer,0.8,0.316,1.204,38,144,191,74,490,1936,74.0% 490/1936 History,Active,2017-2026; 2012-2014,exact_issn,high,FALSE,,,,,,FALSE,FALSE,,,,,,,TRUE,,,FALSE,TRUE,TRUE,FALSE
ART00549,Comptes rendus. Eduardo Dargent (2015). Technocracy and Democracy in Latin America: The Experts Running Government,comptes rendus eduardo dargent 2015 technocracy and democracy in latin america the experts running government,2019,published,TRUE,Gouvernement et action publique,gouvernement et action publique,2260-0965,2262-340X,,GERMÁN BIDEGAIN,single_source_row,not_applicable,,1,TRUE,Germán Bidegain,1,FALSE,FALSE,JRN140,,FALSE,FALSE,,,,,,,FALSE,,,,,,,,,,,,,FALSE,FALSE,FALSE,,,,,,,,,,,,,,,,,FALSE,,,,,,FALSE,FALSE,,,,,,,,,,,,TRUE,FALSE
ART00550,De la fuerza de la ley al milagro de la acción. Municipios y participación ciudadana en Uruguay,de la fuerza de la ley al milagro de la accion municipios y participacion ciudadana en uruguay,2019,published,TRUE,Revista de la Facultad de Derecho,revista de la facultad de derecho,0797-8316,2301-0665,10.22187/rfd2019n47a6,JULIÁN GONZÁLEZ | Julián González Scandizzi,single_source_row,not_applicable,,2,FALSE,Julián González Scandizzi,1,FALSE,FALSE,JRN301,25,FALSE,FALSE,,,,,,,FALSE,,,,,,,,,,,,,FALSE,FALSE,FALSE,,,,,,,,,,,,,,,,,FALSE,,,,ambiguous,low,FALSE,FALSE,,,,,,,,,,,,TRUE,FALSE
ART00551,Democracia en el país y en la casa. Resignificaciones de la democracia desde el feminismo de izquierda en el Uruguay de los ochenta,democracia en el pais y en la casa resignificaciones de la democracia desde el feminismo de izquierda en el uruguay de los ochenta,2019,published,TRUE,Contemporánea,contemporanea,1688-7638,1688-9746,,DE GIORGI,single_source_row,not_applicable,,1,TRUE,Ana Laura de Giorgi,1,FALSE,FALSE,JRN060,,FALSE,FALSE,,,,,,,FALSE,,,,,,,,,,,,,FALSE,FALSE,FALSE,,,,,,,,,,,,,,,,,FALSE,,,,ambiguous,low,FALSE,FALSE,,,,,,,,,,,,TRUE,FALSE
ART00552,Desafíos de la construcción de servicios civiles en Brasil y Uruguay,desafios de la construccion de servicios civiles en brasil y uruguay,2019,published,TRUE,Revista do Serviço Público,revista do servico publico,0034-9240,2357-8017,,"ALEJANDRO MILANESI | RAMOS CONRADO | CASA, MAURO",single_source_row,not_applicable,,3,FALSE,Alejandro Milanesi,1,FALSE,FALSE,JRN313,6,FALSE,FALSE,,,,,,,FALSE,,,,,,,,,,,,,FALSE,FALSE,FALSE,,,,,,,,,,,,,,,,,FALSE,,,,conflict,low,FALSE,FALSE,,,,,,,,,,,,TRUE,FALSE
ART00553,Desagregando reformas: sindicatos y reformas laborales en izquierdas moderadas,desagregando reformas sindicatos y reformas laborales en izquierdas moderadas,2019,published,TRUE,Revista de la Facultad de Derecho,revista de la facultad de derecho,0797-8316,2301-0665,10.22187/rfd2019n47a10,CARNEIRO,single_source_row,not_applicable,,1,TRUE,Fabricio Carneiro,1,FALSE,FALSE,JRN301,10,FALSE,FALSE,,,,,,,FALSE,,,,,,,,,,,,,FALSE,FALSE,FALSE,,,,,,,,,,,,,,,,,FALSE,,,,ambiguous,low,FALSE,FALSE,,,,,,,,,,,,TRUE,FALSE
ART00554,"Descontentos y """"cisnes negros"""": las elecciones en Uruguay en 2019",descontentos y cisnes negros las elecciones en uruguay en 2019,2019,published,TRUE,Araucaria,araucaria,1575-6823,2340-2199,,"GERARDO CAETANO | SELIOS, LUCÍA | Ernesto Nieto",single_source_row,not_applicable,,3,FALSE,Gerardo Caetano,1,FALSE,FALSE,JRN024,21,TRUE,FALSE,,,,,,,TRUE,21100211326,Araucaria,921,0.208,Q3,10,Sociology and Political Science,921,0.208,Q3,exact_issn,high,TRUE,FALSE,TRUE,21100211326,Araucaria,0.6,0.208,0.897,29,202,341,67,633,1936,67.0% 633/1936 History,Active,2012-2026,exact_issn,high,FALSE,,,,conflict,low,FALSE,FALSE,,,,,,,TRUE,,,FALSE,FALSE,TRUE,FALSE
ART00555,"Desigualdade de gênero, internacionalização e trajetórias acadêmicas na Ciência Política: evidências no Brasil e no Uruguai",desigualdade de genero internacionalizacao e trajetorias academicas na ciencia politica evidencias no brasil e no uruguai,2019,published,TRUE,Civitas - Revista de Ciências Sociais,civitas revista de ciencias sociais,,1984-7289,,ROCHA-CARPIUC | MACHADO MADEIRA,single_source_row,not_applicable,,2,FALSE,Cecilia Rocha-Carpiuc,1,FALSE,FALSE,JRN049,14,TRUE,FALSE,,,,,,,TRUE,21100877661,Civitas,1324,0.115,Q4,8,Sociology and Political Science,1324,0.115,Q4,exact_issn,high,TRUE,FALSE,TRUE,21100877661,Civitas,0.4,0.115,0.316,26,58,146,40,851,1434,40.0% 851/1434 Cultural Studies,Active,2018-2026,exact_issn,high,FALSE,,,,conflict,low,FALSE,FALSE,,,,,,,TRUE,,,FALSE,FALSE,TRUE,FALSE
ART00556,Efficacy and the Reproduction of Political Activism: Evidence From the Broad Front in Uruguay,efficacy and the reproduction of political activism evidence from the broad front in uruguay,2019,published,TRUE,Comparative Political Studies,comparative political studies,0010-4140,,10.1177/0010414018806528,Verónica Pérez Bentancur | Rafael Piñeiro | Fernando Rosenblatt,single_source_row,not_applicable,,3,FALSE,Verónica Pérez Bentancur,1,FALSE,FALSE,JRN054,45,TRUE,FALSE,,,,,,,TRUE,13447,Comparative Political Studies,10,3.796,Q1,142,Sociology and Political Science,10,3.796,Q1,exact_issn,high,TRUE,FALSE,TRUE,13447,Comparative Political Studies,8.6,3.796,2.886,88,2556,296,96,54,1530,96.0% 54/1530 Sociology and Political Science,Active,1968-2026,exact_issn,high,TRUE,COMPARATIVE POLITICAL STUDIES,0010-4140,A1,exact_issn,high,FALSE,FALSE,,,,,,,TRUE,TRUE,,TRUE,TRUE,TRUE,FALSE
ART00557,"El Brasil de Bolsonaro, las orientaciones posibles de su política exterior y el futuro del regionalismo en Sudamérica",el brasil de bolsonaro las orientaciones posibles de su politica exterior y el futuro del regionalismo en sudamerica,2019,published,TRUE,Revista Uruguaya de Ciencia Política,revista uruguaya de ciencia politica,,0797-9789,10.26851/rucp.28.1.4,"GERARDO CAETANO | LÓPEZ, CAMILO | Carlos Luján",doi_propagated_by_title_year_journal,high,,3,FALSE,Gerardo Caetano | Camilo López | Carlos Luján,3,TRUE,FALSE,JRN351,47,FALSE,FALSE,,,,,,,FALSE,,,,,,,,,,,ambiguous,low,FALSE,FALSE,FALSE,,,,,,,,,,,,,,,ambiguous,low,TRUE,REVISTA URUGUAYA DE CIENCIA POLITICA,1688-499X,A1,exact_issn,high,TRUE,TRUE,TRUE,FALSE,Revista uruguaya de ciencia política,https://www.latindex.org/latindex/ficha/16727,exact_normalized_name,high,,TRUE,TRUE,,,TRUE,FALSE
ART00558,"El planeamiento educativo: función política, modelos y algunas experiencias latinoamericanas",el planeamiento educativo funcion politica modelos y algunas experiencias latinoamericanas,2019,published,TRUE,Revista de Estudios Teóricos y Epistemológicos en Política Educativa,revista de estudios teoricos y epistemologicos en politica educativa,,2409-3696,,BENTANCUR NICOLÁS,single_source_row,not_applicable,,1,TRUE,Nicolás Bentancur,1,FALSE,FALSE,JRN291,8,FALSE,FALSE,,,,,,,FALSE,,,,,,,,,,,,,FALSE,FALSE,FALSE,,,,,,,,,,,,,,,,,FALSE,,,,,,FALSE,FALSE,,,,,,,,,,,,TRUE,FALSE
ART00559,Evolución cognitiva y conocimiento reflexivo. La teoría de los órdenes sociales de Emanuel Adler y la elección de la Convención Nacional Constituyente en Uruguay (1916),evolucion cognitiva y conocimiento reflexivo la teoria de los ordenes sociales de emanuel adler y la eleccion de la convencion nacional constituyente en uruguay 1916,2019,published,TRUE,Araucaria,araucaria,1575-6823,2340-2199,10.12795/araucaria.2019.i42.11,"GARCÉ, A. | García, E.",single_source_row,not_applicable,,2,FALSE,Adolfo Garcé,1,FALSE,FALSE,JRN024,,TRUE,FALSE,,,,,,,TRUE,21100211326,Araucaria,921,0.208,Q3,10,Sociology and Political Science,921,0.208,Q3,exact_issn,high,TRUE,FALSE,TRUE,21100211326,Araucaria,0.6,0.208,0.897,29,202,341,67,633,1936,67.0% 633/1936 History,Active,2012-2026,exact_issn,high,FALSE,,,,conflict,low,FALSE,FALSE,,,,,,,TRUE,,,FALSE,FALSE,TRUE,FALSE
ART00560,Evolución de los regímenes de bienestar (1980-2010): modelos bismarckianos y beveridgeanos según perfil de financiamiento y gasto en protección social,evolucion de los regimenes de bienestar 1980 2010 modelos bismarckianos y beveridgeanos segun perfil de financiamiento y gasto en proteccion social,2019,published,TRUE,Revista Uruguaya de Ciencia Política,revista uruguaya de ciencia politica,,0797-9789,,RAFAEL TEJERA,single_source_row,not_applicable,,1,TRUE,Rafael Tejera,1,FALSE,FALSE,JRN351,,FALSE,FALSE,,,,,,,FALSE,,,,,,,,,,,ambiguous,low,FALSE,FALSE,FALSE,,,,,,,,,,,,,,,ambiguous,low,TRUE,REVISTA URUGUAYA DE CIENCIA POLITICA,1688-499X,A1,exact_issn,high,TRUE,TRUE,TRUE,FALSE,Revista uruguaya de ciencia política,https://www.latindex.org/latindex/ficha/16727,exact_normalized_name,high,,TRUE,TRUE,,,TRUE,FALSE
ART00561,innovación en el abordaje de problemas complejos para una transformación sostenible,innovacion en el abordaje de problemas complejos para una transformacion sostenible,2019,published,TRUE,Tekoporá Revista Latinoamericana de humanidades ambientales y estudios territoriales,tekopora revista latinoamericana de humanidades ambientales y estudios territoriales,,2697-2719,10.36225/tek.1.1.3,"ZURBRIGGEN | Gonzalez Lago, Mariana",single_source_row,not_applicable,,2,FALSE,Cristina Zurbriggen,1,FALSE,FALSE,JRN376,,FALSE,FALSE,,,,,,,FALSE,,,,,,,,,,,,,FALSE,FALSE,FALSE,,,,,,,,,,,,,,,,,TRUE,TEKOPORÁ: REVISTA LATINOAMERICANA DE HUMANIDADES AMBIENTALES Y ESTUDIOS TERRITORIALES,2697-2719,B1,exact_issn,high,FALSE,FALSE,,,,,,,,TRUE,,,,TRUE,FALSE
ART00562,Integración regional y regionalismo. Introducción al número temático,integracion regional y regionalismo introduccion al numero tematico,2019,published,TRUE,Revista Uruguaya de Ciencia Política,revista uruguaya de ciencia politica,,0797-9789,10.26851/rucp.28.1.1,GERARDO CAETANO | JOSE ANTONIO SANAHUJA,single_source_row,not_applicable,,2,FALSE,Gerardo Caetano,1,FALSE,FALSE,JRN351,,FALSE,FALSE,,,,,,,FALSE,,,,,,,,,,,ambiguous,low,FALSE,FALSE,FALSE,,,,,,,,,,,,,,,ambiguous,low,TRUE,REVISTA URUGUAYA DE CIENCIA POLITICA,1688-499X,A1,exact_issn,high,TRUE,TRUE,TRUE,FALSE,Revista uruguaya de ciencia política,https://www.latindex.org/latindex/ficha/16727,exact_normalized_name,high,,TRUE,TRUE,,,TRUE,FALSE
ART00563,La configuración del entramado intergubernamental en el caso uruguayo a partir de la creación de los municipios como nuevo nivel de gobierno,la configuracion del entramado intergubernamental en el caso uruguayo a partir de la creacion de los municipios como nuevo nivel de gobierno,2019,published,TRUE,revista de derecho público,revista de derecho publico,,0797-4302 | 2301-0908,10.31672/56.3,José Raúl Rodríguez | Martín Freigedo | Diego Lamas | José Raul Rodríguez Pinho,doi_propagated_by_title_year_journal,high,,4,FALSE,Martín Freigedo | José Raul Rodríguez Pinho,2,TRUE,FALSE,JRN285,5,FALSE,FALSE,,,,,,,FALSE,,,,,,,,,,,ambiguous,low,FALSE,FALSE,FALSE,,,,,,,,,,,,,,,ambiguous,low,FALSE,,,,ambiguous,low,FALSE,FALSE,,,,,,,,,,,,TRUE,FALSE
ART00564,La Suprema Corte de Justicia en Uruguay: entre instituciones formales e informales (1985-2018).,la suprema corte de justicia en uruguay entre instituciones formales e informales 1985 2018,2019,published,TRUE,OPERA,opera,1657-8651,2346-2159,10.18601/16578651.n24.03,"DANIELA VAIRO | ANTÍA, FLORENCIA",exact_doi,high,,2,FALSE,Florencia Antía | Daniela Vairo,2,TRUE,FALSE,JRN212,21,FALSE,FALSE,,,,,,,FALSE,,,,,,,,,,,,,FALSE,FALSE,FALSE,,,,,,,,,,,,,,,,,FALSE,,,,,,TRUE,TRUE,TRUE,FALSE,Opera,https://www.latindex.org/latindex/ficha/11251,exact_normalized_name,high,,,TRUE,,,TRUE,FALSE
ART00565,"Las izquierdas y la """"confusión democrática""""",las izquierdas y la confusion democratica,2019,published,FALSE,Nueva Sociedad,nueva sociedad,0251-3552,,,GERARDO CAETANO,single_source_row,not_applicable,,1,TRUE,Gerardo Caetano,1,FALSE,FALSE,JRN205,14,FALSE,FALSE,,,,,,,FALSE,,,,,,,,,,,,,FALSE,FALSE,FALSE,,,,,,,,,,,,,,,,,TRUE,NUEVA SOCIEDAD,0251-3552,A1,exact_issn,high,FALSE,FALSE,,,,,,,,TRUE,,,,TRUE,FALSE
ART00566,Lealtad Democrática de los Partidos de Oposición en América Latina (1978-2010): Una Explicación Institucionalista,lealtad democratica de los partidos de oposicion en america latina 1978 2010 una explicacion institucionalista,2019,published,TRUE,Dados,dados,,0011-5258,10.1590/001152582019171,DANIELA VAIRO,single_source_row,not_applicable,,1,TRUE,Daniela Vairo,1,FALSE,FALSE,JRN079,8,FALSE,FALSE,,,,,,,FALSE,,,,,,,,,,,,,FALSE,FALSE,FALSE,,,,,,,,,,,,,,,,,TRUE,DADOS (RIO DE JANEIRO. IMPRESSO),0011-5258,A1,exact_issn,high,FALSE,FALSE,,,,,,,,TRUE,,,,TRUE,FALSE
ART00567,Liderazgos y regionalismos en las relaciones internacionales latinoamericanas,liderazgos y regionalismos en las relaciones internacionales latinoamericanas,2019,published,TRUE,Revista CIDOB d Afers Internacionals,revista cidob d afers internacionals,1133-6595,2013-035X,10.24241/rcai.2019.121.1.181,"GERARDO CAETANO | LÓPEZ, CAMILO | Carlos Luján",doi_propagated_by_title_year_journal,high,,3,FALSE,Gerardo Caetano | Camilo López | Carlos Luján,3,TRUE,FALSE,JRN276,19,TRUE,TRUE,21100468970,Revista CIDOB d'Afers Internacionals,438,0.22,Q3,15,FALSE,,,,,,,Political Science and International Relations,438,0.22,Q3,exact_issn,high,TRUE,TRUE,FALSE,21100468970,Revista CIDOB d'Afers Internacionals,1.3,0.22,0.975,46,144,112,47,391,745,47.0% 391/745 Political Science and International Relations,Active,2016-2026,exact_issn,high,FALSE,,,,,,FALSE,FALSE,,,,,ambiguous,low,TRUE,,,FALSE,FALSE,TRUE,FALSE
ART00568,Los nuevos rumbos del Mercosur. El cambio de modelo y las consecuencias de la crisis de Brasil,los nuevos rumbos del mercosur el cambio de modelo y las consecuencias de la crisis de brasil,2019,published,TRUE,"Foro Internacional, Revista del Centro de Estudios Internacionales de El Colegio de México",foro internacional revista del centro de estudios internacionales de el colegio de mexico,0185-035X,,10.24201/fi.v59il.2582,GERARDO CAETANO,single_source_row,not_applicable,,1,TRUE,Gerardo Caetano,1,FALSE,FALSE,JRN130,47,FALSE,FALSE,,,,,,,FALSE,,,,,,,,,,,,,FALSE,FALSE,FALSE,,,,,,,,,,,,,,,,,FALSE,,,,,,FALSE,FALSE,,,,,,,,,,,,TRUE,FALSE
ART00569,"¿Más descentralización, más representación? Evidencia de municipios uruguayos",mas descentralizacion mas representacion evidencia de municipios uruguayos,2019,published,TRUE,Teoria e Cultura,teoria e cultura,2318-101X,2318-101X,,ALEJANDRO MILANESI | MARTÍN FREIGEDO | GERMÁN BIDEGAIN,exact_title_year_journal,high,,3,FALSE,Germán Bidegain | Martín Freigedo | Alejandro Milanesi,3,TRUE,FALSE,JRN384,4,FALSE,FALSE,,,,,,,FALSE,,,,,,,,,,,,,FALSE,FALSE,FALSE,,,,,,,,,,,,,,,,,TRUE,TEORIA E CULTURA (UFJF),1809-5968,A4,exact_normalized_name,high,FALSE,FALSE,,,,,,,,TRUE,,,,TRUE,FALSE
ART00570,Memorias trans y violencia estatal. La Ley Integral para Personas Trans y los debates sobre el pasado reciente en Uruguay,memorias trans y violencia estatal la ley integral para personas trans y los debates sobre el pasado reciente en uruguay,2019,published,TRUE,Revista Paginas,revista paginas,,1851-992X,,DIEGO SEMPOL,single_source_row,not_applicable,,1,TRUE,Diego Sempol,1,FALSE,FALSE,JRN342,28,FALSE,FALSE,,,,,,,FALSE,,,,,,,,,,,,,FALSE,FALSE,FALSE,,,,,,,,,,,,,,,,,FALSE,,,,,,FALSE,FALSE,,,,,,,,,,,,TRUE,FALSE
ART00571,"Mi habitación, mi celda Experiencias y lecturas propias desde el Feminismo en el Cono Sur en los 80.",mi habitacion mi celda experiencias y lecturas propias desde el feminismo en el cono sur en los 80,2019,published,TRUE,Revista de la Red de Intercátedras de Historia de América Latina Contemporánea,revista de la red de intercatedras de historia de america latina contemporanea,,2250-7264,,DE GIORGI,single_source_row,not_applicable,,1,TRUE,Ana Laura de Giorgi,1,FALSE,FALSE,JRN305,8,FALSE,FALSE,,,,,,,FALSE,,,,,,,,,,,,,FALSE,FALSE,FALSE,,,,,,,,,,,,,,,,,TRUE,REVISTA DE LA RED INTERCÁTEDRAS DE HISTORIA DE AMÉRICA LATINA CONTEMPORÁNEA,2250-7264,A1,exact_issn,high,FALSE,FALSE,,,,,,,,TRUE,,,,TRUE,FALSE
ART00572,Navegando entre la tradición normalista y la universitaria: la institucionalidad de la formación docente inicial en Uruguay (2005-2019),navegando entre la tradicion normalista y la universitaria la institucionalidad de la formacion docente inicial en uruguay 2005 2019,2019,published,TRUE,Cuadernos de Investigación Educativa,cuadernos de investigacion educativa,1510-2432,1688-9304,10.18861/cied.2019.10.1,MARÍA ESTER MANCEBO,single_source_row,not_applicable,,1,TRUE,María Ester Mancebo,1,FALSE,FALSE,JRN069,31,FALSE,FALSE,,,,,,,FALSE,,,,,,,,,,,,,FALSE,FALSE,FALSE,,,,,,,,,,,,,,,,,FALSE,,,,,,FALSE,FALSE,,,,,,,,,,,,TRUE,FALSE
ART00573,"Nosotras, entre defender lo propio y avanzar a la amplitud: Feminismo, Izquierda y Democracia en el Uruguay de los 80",nosotras entre defender lo propio y avanzar a la amplitud feminismo izquierda y democracia en el uruguay de los 80,2019,published,TRUE,Novos Rumos Sociológicos,novos rumos sociologicos,,2318-1966,10.15210/norus.v7i11.17045,DE GIORGI,single_source_row,not_applicable,,1,TRUE,Ana Laura de Giorgi,1,FALSE,FALSE,JRN203,10,FALSE,FALSE,,,,,,,FALSE,,,,,,,,,,,,,FALSE,FALSE,FALSE,,,,,,,,,,,,,,,,,TRUE,NORUS - NOVOS RUMOS SOCIOLÓGICOS,2318-1966,A3,exact_issn,high,FALSE,FALSE,,,,,,,,TRUE,,,,TRUE,FALSE
ART00574,NUPPOME Entrevista,nuppome entrevista,2019,published,FALSE,Cadernos do NUPPOME,cadernos do nuppome,,2596-285X,,YAFFÉ,single_source_row,not_applicable,,1,TRUE,Jaime Yaffé,1,FALSE,FALSE,JRN043,,FALSE,FALSE,,,,,,,FALSE,,,,,,,,,,,,,FALSE,FALSE,FALSE,,,,,,,,,,,,,,,,,FALSE,,,,,,FALSE,FALSE,,,,,,,,,,,,TRUE,FALSE
ART00575,Participación y política institucional mapuche durante 2018,participacion y politica institucional mapuche durante 2018,2019,published,TRUE,Anuari del conflicte social,anuari del conflicte social,,2014-6760,10.1344/acs2019.9.6,GERMÁN BIDEGAIN | Victor Tricot Salomon,single_source_row,not_applicable,,2,FALSE,Germán Bidegain,1,FALSE,FALSE,JRN020,13,FALSE,FALSE,,,,,,,FALSE,,,,,,,,,,,,,FALSE,FALSE,FALSE,,,,,,,,,,,,,,,,,FALSE,,,,,,TRUE,TRUE,TRUE,FALSE,Anuari del conflicte social,https://www.latindex.org/latindex/ficha/24171,exact_normalized_name,high,,,TRUE,,,TRUE,FALSE
ART00576,Party System Change and Transparency in Uruguay,party system change and transparency in uruguay,2019,published,TRUE,Taiwan Democracy Quartely,taiwan democracy quartely,1726-9350,1811-3109,,"BUQUET, D | RAFAEL PIÑEIRO RODRIGUEZ",single_source_row,not_applicable,,2,FALSE,Daniel Buquet,1,FALSE,FALSE,JRN374,2,FALSE,FALSE,,,,,,,FALSE,,,,,,,,,,,,,FALSE,FALSE,FALSE,,,,,,,,,,,,,,,,,FALSE,,,,,,FALSE,FALSE,,,,,,,,,,,,TRUE,FALSE
ART00577,Política y justicia en Uruguay: el poder de la Suprema Corte de Justicia (1990-2018),politica y justicia en uruguay el poder de la suprema corte de justicia 1990 2018,2019,published,TRUE,Revista Uruguaya de Ciencia Política,revista uruguaya de ciencia politica,,0797-9789,10.26851/rucp.28.2.3,"DANIELA VAIRO | ANTÍA, FLORENCIA",exact_doi,high,,2,FALSE,Florencia Antía | Daniela Vairo,2,TRUE,FALSE,JRN351,24,FALSE,FALSE,,,,,,,FALSE,,,,,,,,,,,ambiguous,low,FALSE,FALSE,FALSE,,,,,,,,,,,,,,,ambiguous,low,TRUE,REVISTA URUGUAYA DE CIENCIA POLITICA,1688-499X,A1,exact_issn,high,TRUE,TRUE,TRUE,FALSE,Revista uruguaya de ciencia política,https://www.latindex.org/latindex/ficha/16727,exact_normalized_name,high,,TRUE,TRUE,,,TRUE,FALSE
ART00578,"Presidential hegemony and democratic backsliding in Latin America, 1925 - 2016",presidential hegemony and democratic backsliding in latin america 1925 2016,2019,published,TRUE,Democratization,democratization,1351-0347,1743-890X,10.1080/13510347.2019.1566321,"Nicolás Schmidt | PéREZ LIñAN, ANIBAL | DANIELA VAIRO",exact_doi,high,,3,FALSE,Nicolás Schmidt | Daniela Vairo,2,TRUE,FALSE,JRN081,170,TRUE,TRUE,24034,Democratization,21,1.848,Q1,83,FALSE,,,,,,,Political Science and International Relations,21,1.848,Q1,exact_issn,high,TRUE,TRUE,FALSE,24034,Democratization,5.6,1.848,2.323,80,1764,314,91,66,745,91.0% 66/745 Political Science and International Relations,Active,1994-2026,exact_issn,high,TRUE,DEMOCRATIZATION,1743-890X,A1,exact_issn,high,FALSE,FALSE,,,,,,,TRUE,TRUE,,TRUE,TRUE,TRUE,FALSE
ART00579,"Segregación, justicia e inclusión en los sistemas educativos chileno y uruguayo",segregacion justicia e inclusion en los sistemas educativos chileno y uruguayo,2019,published,TRUE,Revista Panamericana de Pedagogía. Saberes y quehaceres del pedagogo,revista panamericana de pedagogia saberes y quehaceres del pedagogo,2594-2190,,,"HARETCHE, C.",single_source_row,not_applicable,,1,TRUE,Carmen Haretche,1,FALSE,FALSE,JRN343,,FALSE,FALSE,,,,,,,FALSE,,,,,,,,,,,,,FALSE,FALSE,FALSE,,,,,,,,,,,,,,,,,FALSE,,,,,,FALSE,FALSE,,,,,,,,,,,,TRUE,FALSE
ART00580,The Governing Left in Uruguay (2005-2015): Analysis of a Participatory Democratic Experiment,the governing left in uruguay 2005 2015 analysis of a participatory democratic experiment,2019,published,TRUE,Latin American Perspectives,latin american perspectives,0094-582X,,,JOSE MIGUEL BUSQUETS | NICOLAS BENTANCUR,fuzzy_title_year_journal_authors,high,,2,FALSE,Nicolás Bentancur | José Busquets,2,TRUE,FALSE,JRN186,11,TRUE,FALSE,,,,,,,TRUE,27731,Latin American Perspectives,763,0.277,Q3,55,Sociology and Political Science,763,0.277,Q3,exact_issn,high,TRUE,FALSE,TRUE,27731,Latin American Perspectives,1.2,0.277,0.618,44,424,346,45,840,1530,45.0% 840/1530 Sociology and Political Science,Active,1986-2026; 1984; 1977,exact_issn,high,TRUE,LATIN AMERICAN PERSPECTIVES,0094-582X,A1,exact_issn,high,TRUE,TRUE,TRUE,TRUE,Latin American Perspectives,https://www.latindex.org/latindex/ficha/21560,exact_normalized_name,high,TRUE,TRUE,TRUE,FALSE,FALSE,TRUE,FALSE
ART00581,The successful building of a conservative party in Argentina,the successful building of a conservative party in argentina,2019,published,TRUE,Latinoamericanos y del Caribe,latinoamericanos y del caribe,0924-0608,1879-4750,10.32992/erlacs.10501,"MONESTIER, FELIPE European Review of Latin American and Caribbean Studies | Revista Europea de Estudios",single_source_row,not_applicable,,2,FALSE,Felipe Monestier,1,FALSE,FALSE,JRN190,14,TRUE,FALSE,,,,,,,TRUE,26579,European Review of Latin American and Caribbean Studies,463,0.501,Q2,23,Sociology and Political Science,463,0.501,Q2,exact_issn,high,TRUE,FALSE,TRUE,26579,European Review of Latin American and Caribbean Studies,2,0.501,1.193,68,111,56,94,110,1936,94.0% 110/1936 History,Active,2012-2026; 2001; 1996,exact_issn,high,TRUE,EUROPEAN REVIEW OF LATIN AMERICAN AND CARIBBEAN STUDIES/REVISTA EUROPEA DE ESTUDIOS LATINOAMERICANOS Y DEL CARIBE,0924-0608,A4,exact_issn,high,FALSE,FALSE,,,,,,,TRUE,TRUE,,FALSE,TRUE,TRUE,FALSE
ART00582,Toward a Heart and Soul for Co-creative Research and Practice: A Systemic Approac,toward a heart and soul for co creative research and practice a systemic approac,2019,published,TRUE,Evidence & Policy,evidence and policy,1744-2648,1744-2656,10.1332/174426419x15578220630571,ZURBRIGGEN | Graeme Nicholas | Gerald Midgley | Kirsten Kainz | Katrin Prager | Jeff Foote,single_source_row,not_applicable,,6,FALSE,Cristina Zurbriggen,1,FALSE,FALSE,JRN126,,FALSE,FALSE,,,,,,,FALSE,,,,,,,,,,,,,FALSE,FALSE,FALSE,,,,,,,,,,,,,,,,,FALSE,,,,,,FALSE,FALSE,,,,,,,,,,,,TRUE,FALSE
ART00583,Uruguay: The end of the dream?,uruguay the end of the dream,2019,published,FALSE,Dissent,dissent,0012-3846,1946-0910,,GERARDO CAETANO,single_source_row,not_applicable,,1,TRUE,Gerardo Caetano,1,FALSE,FALSE,JRN093,0,TRUE,FALSE,,,,,,,TRUE,16023,Dissent,1183,0.138,Q4,26,Sociology and Political Science,1183,0.138,Q4,exact_issn,high,TRUE,FALSE,TRUE,16023,Dissent,0.6,0.138,,27,123,200,27,541,744,27.0% 541/744 Social Sciences (miscellaneous),Active,1996-2026; 1994; 1986-1988; 1983; 1981; 1979; 1976-1977,exact_issn,high,FALSE,,,,,,FALSE,FALSE,,,,,,,TRUE,,,FALSE,FALSE,TRUE,FALSE
ART00584,Uruguayan Cannabis Social Clubs: from Activism to Dispensaries?,uruguayan cannabis social clubs from activism to dispensaries,2019,published,TRUE,International Journal of Drug Policy,international journal of drug policy,0955-3959,,10.1016/j.drugpo.2019.06.022,"PARDAL, Mafalda | MARÍA DEL ROSARIO QUEIROLO VELASCO | Alvarez, Eliana | REPETTO, LORENA",single_source_row,not_applicable,,4,FALSE,Lorena Repetto,1,FALSE,FALSE,JRN159,62,FALSE,FALSE,,,,,,,FALSE,,,,,,,,,,,,,FALSE,FALSE,FALSE,,,,,,,,,,,,,,,,,FALSE,,,,,,FALSE,FALSE,,,,,,,,,,,,TRUE,FALSE
ART00585,Volver a los ochenta. Los procesos de (re)democratización en debate.,volver a los ochenta los procesos de re democratizacion en debate,2019,published,TRUE,Contemporánea,contemporanea,1688-7638,1688-9746,,DIEGO SEMPOL | Manzano,single_source_row,not_applicable,,2,FALSE,Diego Sempol,1,FALSE,FALSE,JRN060,,FALSE,FALSE,,,,,,,FALSE,,,,,,,,,,,,,FALSE,FALSE,FALSE,,,,,,,,,,,,,,,,,FALSE,,,,ambiguous,low,FALSE,FALSE,,,,,,,,,,,,TRUE,FALSE
ART00586,Why Uruguay legalized marijuana. The open window of public insecurity,why uruguay legalized marijuana the open window of public insecurity,2019,published,TRUE,Addiction,addiction,,1360-0443,10.1111/add.14523,"MARÍA DEL ROSARIO QUEIROLO VELASCO | Rossel, Cecilia | Alvarez, Eliana | REPETTO, LORENA",single_source_row,not_applicable,,4,FALSE,Lorena Repetto,1,FALSE,FALSE,JRN005,81,FALSE,FALSE,,,,,,,FALSE,,,,,,,,,,,,,FALSE,FALSE,FALSE,,,,,,,,,,,,,,,,,FALSE,,,,,,FALSE,FALSE,,,,,,,,,,,,TRUE,FALSE
ART00587,Avances y desafíos de la gestión costera en Uruguay en la última década,avances y desafios de la gestion costera en uruguay en la ultima decada,2020,published,TRUE,REvista COSTAS,revista costas,,2304-0963,,"RAFAEL TEJERA | SZEPHEGYI M. | Juan Pablo LOZOYA AZCARATE | Daniel de Álava | Ximena Lagos | CAPORALE,M. | José Sciandro | Alberto Gómez | Echevarría, Luciana. | Lucía BERGÓS | Carolina Segura | Inti Carro | Natalia Verrastro | Ingrid Roche | MÓNICA GÓMEZ-ERACHE | Estela Delgado | Daniel CONDE SCALONE",single_source_row,not_applicable,,17,FALSE,Rafael Tejera,1,FALSE,FALSE,JRN277,,FALSE,FALSE,,,,,,,FALSE,,,,,,,,,,,,,FALSE,FALSE,FALSE,,,,,,,,,,,,,,,,,FALSE,,,,,,FALSE,FALSE,,,,,,,,,,,,TRUE,FALSE
ART00588,BayesMFSurv: An R Package to Estimate Bayesian Split-Population Survival Models With (and Without) Misclassified Failure Events,bayesmfsurv an r package to estimate bayesian split population survival models with and without misclassified failure events,2020,published,TRUE,Journal of Open Source Software,journal of open source software,,2475-9066,10.21105/joss.02164,Nicolás Schmidt | Sergio Bejar | Minnie M. Joo | Vineeta Yadav | Bumba Mukherjee,single_source_row,not_applicable,,5,FALSE,Nicolás Schmidt,1,FALSE,FALSE,JRN175,1,FALSE,FALSE,,,,,,,FALSE,,,,,,,,,,,,,FALSE,FALSE,FALSE,,,,,,,,,,,,,,,,,FALSE,,,,,,FALSE,FALSE,,,,,,,,,,,,TRUE,FALSE
ART00589,"Coyuntura crítica, transición de poder y vaciamiento latinoamericano",coyuntura critica transicion de poder y vaciamiento latinoamericano,2020,published,TRUE,Nueva Sociedad,nueva sociedad,0251-3552,,,Carlos Luján | Guadalupe González | Mónica Hirst | Carlos Romero | Juan Gabriel Tokatlian,single_source_row,not_applicable,,5,FALSE,Carlos Luján,1,FALSE,FALSE,JRN205,,FALSE,FALSE,,,,,,,FALSE,,,,,,,,,,,,,FALSE,FALSE,FALSE,,,,,,,,,,,,,,,,,TRUE,NUEVA SOCIEDAD,0251-3552,A1,exact_issn,high,FALSE,FALSE,,,,,,,,TRUE,,,,TRUE,FALSE
ART00590,Desafíos hacia una evaluación sistémica de la educación terciaria en Uruguay,desafios hacia una evaluacion sistemica de la educacion terciaria en uruguay,2020,published,TRUE,Cuadernos de Investigación Educativa,cuadernos de investigacion educativa,1510-2432,1688-9304,10.18861/cied.2020.11.2.2991,Emiliano Clavijo | Agustina Marques | Cecilia Rodriguez,single_source_row,not_applicable,,3,FALSE,Emiliano Clavijo,1,FALSE,FALSE,JRN069,,FALSE,FALSE,,,,,,,FALSE,,,,,,,,,,,,,FALSE,FALSE,FALSE,,,,,,,,,,,,,,,,,FALSE,,,,,,FALSE,FALSE,,,,,,,,,,,,TRUE,FALSE
ART00591,Diferenciación ideológica y coordinación estratégica en elecciones presidenciales en América Latina,diferenciacion ideologica y coordinacion estrategica en elecciones presidenciales en america latina,2020,published,TRUE,Colombia Internacional,colombia internacional,0121-5612,1900-6004,10.7440/colombiaint103.2020.02,"LUJÁN, DIEGO",single_source_row,not_applicable,,1,TRUE,Diego Luján,1,FALSE,FALSE,JRN053,24,TRUE,TRUE,5800169849,Colombia Internacional,407,0.239,Q3,18,TRUE,5800169849,Colombia Internacional,837,0.239,Q3,18,Political Science and International Relations,407,0.239,Q3,exact_issn,high,TRUE,TRUE,TRUE,5800169849,Colombia Internacional,1.4,0.239,0.752,55,151,105,90,176,1936,90.0% 176/1936 History,Active,2011-2026,exact_issn,high,FALSE,,,,conflict,low,TRUE,TRUE,FALSE,TRUE,Colombia Internacional,https://www.latindex.org/latindex/ficha/4440,exact_normalized_name,high,TRUE,,TRUE,FALSE,FALSE,TRUE,FALSE
ART00592,Discussing The Politics of Political Science: Re-Writing Latin American Experiences,discussing the politics of political science re writing latin american experiences,2020,published,TRUE,Brazilian Political Science Review,brazilian political science review,,1981-3821,10.1590/1981-3821202000030007,"LÓPEZ, CAMILO",single_source_row,not_applicable,,1,TRUE,Camilo López,1,FALSE,FALSE,JRN036,0,FALSE,FALSE,,,,,,,FALSE,,,,,,,,,,,,,FALSE,FALSE,FALSE,,,,,,,,,,,,,,,,,TRUE,BRAZILIAN POLITICAL SCIENCE REVIEW,1981-3821,A1,exact_issn,high,TRUE,TRUE,TRUE,TRUE,Brazilian Political Science Review,https://www.latindex.org/latindex/ficha/3207,exact_normalized_name,high,,TRUE,TRUE,,,TRUE,FALSE
ART00593,"Elite polarization and voting turnout in Latin America, 1993-2010",elite polarization and voting turnout in latin america 1993 2010,2020,published,TRUE,Journal of Elections Public Opinion and Parties,journal of elections public opinion and parties,1745-7289,1745-7297,10.1080/17457289.2018.1545775,MORAES | Bejar | López Cariboni,single_source_row,not_applicable,,3,FALSE,Juan Andrés Moraes,1,FALSE,FALSE,JRN171,52,TRUE,FALSE,,,,,,,TRUE,5700165635,"Journal of Elections, Public Opinion and Parties",148,1.135,Q1,42,Sociology and Political Science,148,1.135,Q1,exact_issn,high,TRUE,FALSE,TRUE,5700165635,"Journal of Elections, Public Opinion and Parties",3.9,1.135,1.247,82,536,139,79,319,1530,79.0% 319/1530 Sociology and Political Science,Active,2010-2026,exact_issn,high,FALSE,,,,,,FALSE,FALSE,,,,,,,TRUE,,,TRUE,TRUE,TRUE,FALSE
ART00594,En busca de la representación política: el partido mapuche Wallmapuwen en Chile,en busca de la representacion politica el partido mapuche wallmapuwen en chile,2020,published,TRUE,Estudios Sociológicos de El Colegio de México,estudios sociologicos de el colegio de mexico,0185-4186,2448-6442,10.24201/es.2020v38n113.1805,GERMÁN BIDEGAIN | Victor Tricot,single_source_row,not_applicable,,2,FALSE,Germán Bidegain,1,FALSE,FALSE,JRN120,41,TRUE,TRUE,14377,Estudios Sociologicos,443,0.217,Q3,10,TRUE,14377,Estudios Sociologicos,888,0.217,Q3,10,Political Science and International Relations,443,0.217,Q3,exact_issn,high,TRUE,TRUE,TRUE,14377,Estudios Sociologicos,0.7,0.217,0.606,29,139,208,27,1103,1530,27.0% 1103/1530 Sociology and Political Science,Active,2014-2026; 1998; 1994-1996; 1992; 1984-1985,exact_issn,high,TRUE,ESTUDIOS SOCIOLÓGICOS DE EL COLEGIO DE MÉXICO,2448-6442,A1,exact_issn,high,FALSE,FALSE,,,,,,,TRUE,TRUE,,FALSE,FALSE,TRUE,FALSE
ART00595,Entre el ciudadano republicano y el individuo liberal: el debate sobre el voto obligatorio en el nacimiento de la democracia uruguaya,entre el ciudadano republicano y el individuo liberal el debate sobre el voto obligatorio en el nacimiento de la democracia uruguaya,2020,published,TRUE,Estudos Ibero-Americanos,estudos ibero americanos,0101-4064,1980-864X,10.15448/1980-864x.2020.1.32800,"GALLARDO, JAVIER | LÓPEZ, CAMILO",single_source_row,not_applicable,,2,FALSE,Camilo López,1,FALSE,FALSE,JRN122,3,FALSE,FALSE,,,,,,,FALSE,,,,,,,,,,,,,FALSE,FALSE,FALSE,,,,,,,,,,,,,,,,,FALSE,,,,conflict,low,FALSE,FALSE,,,,,,,,,,,,TRUE,FALSE
ART00596,Entre la democracia y la tecnocracia: El debate sobre la autonomía del Banco Central en Chile y Uruguay en tiempos del Consenso de Washington,entre la democracia y la tecnocracia el debate sobre la autonomia del banco central en chile y uruguay en tiempos del consenso de washington,2020,published,TRUE,Iberoamericana - Nordic Journal of Latin American and Caribbean Studies,iberoamericana nordic journal of latin american and caribbean studies,,2002-4509,10.16993/iberoamericana.496,"GARCÉ, A. | González Orge, Alejo",single_source_row,not_applicable,,2,FALSE,Adolfo Garcé,1,FALSE,FALSE,JRN149,2,FALSE,FALSE,,,,,,,FALSE,,,,,,,,,,,,,FALSE,FALSE,FALSE,,,,,,,,,,,,,,,,,TRUE,IBEROAMERICANA - NORDIC JOURNAL OF LATIN AMERICAN AND CARIBBEAN STUDIES,2002-4509,B1,exact_issn,high,TRUE,TRUE,TRUE,FALSE,Iberoamericana,https://www.latindex.org/latindex/ficha/22814,exact_normalized_name,high,,TRUE,TRUE,,,TRUE,FALSE
ART00597,Experimentation in the Design of Public Policies: The Uruguayan Soils Conservation Plans,experimentation in the design of public policies the uruguayan soils conservation plans,2020,published,TRUE,"Iberoamericana, 49",iberoamericana 49,0046-8444,2002-4509,10.16993/iberoamericana.459,"ZURBRIGGEN | SIERRA, M. | Gonzalez Lago, Mariana | Matilda Barairbar | MAZZEO, N. | Walter Baethgen",single_source_row,not_applicable,,6,FALSE,Cristina Zurbriggen,1,FALSE,FALSE,JRN149,,FALSE,FALSE,,,,,,,FALSE,,,,,,,,,,,,,FALSE,FALSE,FALSE,,,,,,,,,,,,,,,,,TRUE,IBEROAMERICANA - NORDIC JOURNAL OF LATIN AMERICAN AND CARIBBEAN STUDIES,2002-4509,B1,exact_issn,high,TRUE,TRUE,TRUE,FALSE,Iberoamericana,https://www.latindex.org/latindex/ficha/22814,exact_normalized_name,high,,TRUE,TRUE,,,TRUE,FALSE
ART00598,Fracciones y relaciones intrapartidarias en el último gobierno neobatllista (1954-1956),fracciones y relaciones intrapartidarias en el ultimo gobierno neobatllista 1954 1956,2020,published,TRUE,Cuadernos del CLAEH,cuadernos del claeh,,0797-6062,10.29192/claeh.39.1.2,"LÓPEZ, CAMILO",single_source_row,not_applicable,,1,TRUE,Camilo López,1,FALSE,FALSE,JRN073,0,FALSE,FALSE,,,,,,,FALSE,,,,,,,,,,,,,FALSE,FALSE,FALSE,,,,,,,,,,,,,,,,,FALSE,,,,,,FALSE,FALSE,,,,,,,,,,,,TRUE,FALSE
ART00599,Hidden and uninterested populations: Methodological insights and unresolved issues from the study of Cannabis Social Clubs,hidden and uninterested populations methodological insights and unresolved issues from the study of cannabis social clubs,2020,published,TRUE,Methodological Innovations,methodological innovations,,2059-7991,10.1177/2059799120976963,MAFALDA PARDAL | MELISSA BONE | TOM DECORTE | ROSARIO QUEIROLO | ÒSCAR PARÉS | JULIA JOHANSSON | ELIANA ÁLVAREZ | LORENA REPETTO,single_source_row,not_applicable,,8,FALSE,Lorena Repetto,1,FALSE,FALSE,JRN196,6,TRUE,FALSE,,,,,,,TRUE,21101058963,Methodological Innovations,303,0.712,Q1,31,Sociology and Political Science,303,0.712,Q1,exact_issn,high,TRUE,FALSE,TRUE,21101058963,Methodological Innovations,4,0.712,1.45,75,395,99,81,138,744,81.0% 138/744 Social Sciences (miscellaneous),Active,2016-2026,exact_issn,high,FALSE,,,,,,FALSE,FALSE,,,,,,,TRUE,,,TRUE,TRUE,TRUE,FALSE
ART00600,História do Tempo Presente e América Latina: Uruguai (Entrevista),historia do tempo presente e america latina uruguai entrevista,2020,published,TRUE,Revista Tempo e Argumento,revista tempo e argumento,,2175-1803,10.5965/2175180312312020e0401,YAFFÉ,single_source_row,not_applicable,,1,TRUE,Jaime Yaffé,1,FALSE,FALSE,JRN350,,FALSE,FALSE,,,,,,,FALSE,,,,,,,,,,,,,FALSE,FALSE,FALSE,,,,,,,,,,,,,,,,,TRUE,TEMPO E ARGUMENTO,2175-1803,A1,exact_issn,high,FALSE,FALSE,,,,,,,,TRUE,,,,TRUE,FALSE
ART00601,"Ideological Vote and Electoral Performance of the Bolivian MAS, 2002-2014",ideological vote and electoral performance of the bolivian mas 2002 2014,2020,published,TRUE,Latin American Politics and Society,latin american politics and society,1531-426X,1548-2456,10.1017/lap.2020.16,"LUJÁN, DIEGO",single_source_row,not_applicable,,1,TRUE,Diego Luján,1,FALSE,FALSE,JRN188,8,TRUE,TRUE,26459,Latin American Politics and Society,63,1.107,Q1,58,TRUE,26459,Latin American Politics and Society,153,1.107,Q1,58,Political Science and International Relations,63,1.107,Q1,exact_issn,high,TRUE,TRUE,TRUE,26459,Latin American Politics and Society,3,1.107,1.384,69,341,113,75,186,745,75.0% 186/745 Political Science and International Relations,Active,2001-2026,exact_issn,high,FALSE,,,,conflict,low,FALSE,FALSE,,,,,,,TRUE,,,TRUE,TRUE,TRUE,FALSE
ART00602,Innovación y co-creación:?nuevos desafíos para las políticas públicas.,innovacion y co creacion nuevos desafios para las politicas publicas,2020,published,TRUE,Revista de Gestión Pública,revista de gestion publica,0719-1820,0719-1839,,ZURBRIGGEN | Mariana Gónzalez Lago,single_source_row,not_applicable,,2,FALSE,Cristina Zurbriggen,1,FALSE,FALSE,JRN293,,FALSE,FALSE,,,,,,,FALSE,,,,,,,,,,,,,FALSE,FALSE,FALSE,,,,,,,,,,,,,,,,,FALSE,,,,,,FALSE,FALSE,,,,,,,,,,,,TRUE,FALSE
ART00603,La política de la independencia judicial: explorando las decisiones de la Suprema Corte en Uruguay (1989-2018),la politica de la independencia judicial explorando las decisiones de la suprema corte en uruguay 1989 2018,2020,published,TRUE,Revista Uruguaya de Ciencia Política,revista uruguaya de ciencia politica,,0797-9789,10.26851/rucp.29.1.6,"BUQUET, D | Juan A. Moraes | Nicolás Schmidt",exact_doi,high,,3,FALSE,Daniel Buquet | Juan Andrés Moraes | Nicolás Schmidt,3,TRUE,FALSE,JRN351,9,FALSE,FALSE,,,,,,,FALSE,,,,,,,,,,,ambiguous,low,FALSE,FALSE,FALSE,,,,,,,,,,,,,,,ambiguous,low,TRUE,REVISTA URUGUAYA DE CIENCIA POLITICA,1688-499X,A1,exact_issn,high,TRUE,TRUE,TRUE,FALSE,Revista uruguaya de ciencia política,https://www.latindex.org/latindex/ficha/16727,exact_normalized_name,high,,TRUE,TRUE,,,TRUE,FALSE
ART00604,La regulación del cannabis medicinal en Uruguay y los desafíos para la conformación de circuitos innovativos.,la regulacion del cannabis medicinal en uruguay y los desafios para la conformacion de circuitos innovativos,2020,published,TRUE,Redes Revista de Estudios Sociales de la Ciencia y la Tecnología,redes revista de estudios sociales de la ciencia y la tecnologia,0328-3186,1851-7072,,"ALEJANDRO MILANESI | ZEBALLOS LERETÉ, C. | Matias Rodales | REPETTO, LORENA",exact_title_year_journal,high,,4,FALSE,Lorena Repetto | Alejandro Milanesi,2,TRUE,FALSE,JRN259,7,FALSE,FALSE,,,,,,,FALSE,,,,,,,,,,,,,FALSE,FALSE,FALSE,,,,,,,,,,,,,,,,,TRUE,REVISTA REDES,1851-7072,B1,exact_issn,high,FALSE,FALSE,,,,,,,,TRUE,,,,TRUE,FALSE
ART00605,Laboratorios de Transformación para un Futuro Sostenible,laboratorios de transformacion para un futuro sostenible,2020,published,TRUE,Cuadernos del Centro de Estudios de Diseño y Comunicación,cuadernos del centro de estudios de diseno y comunicacion,1668-0227,1853-3523,,"ZURBRIGGEN | Gonzalez Lago, Mariana | Maria Mancilla Garcia | Sebastián Gática",single_source_row,not_applicable,,4,FALSE,Cristina Zurbriggen,1,FALSE,FALSE,JRN072,,FALSE,FALSE,,,,,,,FALSE,,,,,,,,,,,,,FALSE,FALSE,FALSE,,,,,,,,,,,,,,,,,FALSE,,,,,,FALSE,FALSE,,,,,,,,,,,,TRUE,FALSE
ART00606,Las derechas neopatriotas en América Latina: contestación al orden liberal internacional,las derechas neopatriotas en america latina contestacion al orden liberal internacional,2020,published,TRUE,Revista CIDOB d Afers Internacionals,revista cidob d afers internacionals,1133-6595,2013-035X,10.24241/rcai.2020.126.3.41,"SANAHUJA, José Antonio | LÓPEZ, CAMILO",single_source_row,not_applicable,,2,FALSE,Camilo López,1,FALSE,FALSE,JRN276,112,TRUE,TRUE,21100468970,Revista CIDOB d'Afers Internacionals,438,0.22,Q3,15,FALSE,,,,,,,Political Science and International Relations,438,0.22,Q3,exact_issn,high,TRUE,TRUE,FALSE,21100468970,Revista CIDOB d'Afers Internacionals,1.3,0.22,0.975,46,144,112,47,391,745,47.0% 391/745 Political Science and International Relations,Active,2016-2026,exact_issn,high,FALSE,,,,,,FALSE,FALSE,,,,,ambiguous,low,TRUE,,,FALSE,FALSE,TRUE,FALSE
ART00607,"Leading the Social Movement: Dilemmas, Internal Competition and Strategy in the 2011 Chilean Student Movement",leading the social movement dilemmas internal competition and strategy in the 2011 chilean student movement,2020,published,TRUE,américaines et caraïbes,americaines et caraibes,0826-3663,2333-1461,10.1080/08263663.2020.1776575,GERMÁN BIDEGAIN Canadian Journal of Latin American and Caribbean Studies / Revue canadienne des études latino-,single_source_row,not_applicable,,1,TRUE,Germán Bidegain,1,FALSE,FALSE,JRN017,12,TRUE,TRUE,24423,Canadian Journal of Latin American and Caribbean Studies,424,0.225,Q3,16,FALSE,,,,,,,Political Science and International Relations,424,0.225,Q3,exact_issn,high,TRUE,TRUE,FALSE,24423,Canadian Journal of Latin American and Caribbean Studies,1,0.225,0.911,43,85,83,39,452,745,39.0% 452/745 Political Science and International Relations,Active,2014-2026; 1984-2011,exact_issn,high,FALSE,,,,conflict,low,FALSE,FALSE,,,,,,,TRUE,,,FALSE,FALSE,TRUE,FALSE
ART00608,"Mercado de trabajo, cambio de gobierno y COVID-19 en Uruguay: Un balance preliminar",mercado de trabajo cambio de gobierno y covid 19 en uruguay un balance preliminar,2020,published,TRUE,Trabajo y Sociedad,trabajo y sociedad,,1514-6871,,CARNEIRO | Fabián Carracedo | Juan Pablo Martíne | Ricardo Martínez | Méndez Barbato | Paola Opperti | Alejandro Vignolo Cabrera,single_source_row,not_applicable,,7,FALSE,Fabricio Carneiro,1,FALSE,FALSE,JRN392,10,FALSE,FALSE,,,,,,,FALSE,,,,,,,,,,,,,FALSE,FALSE,FALSE,,,,,,,,,,,,,,,,,TRUE,TRABAJO Y SOCIEDAD,1514-6871,A1,exact_issn,high,TRUE,TRUE,TRUE,FALSE,Trabajo y sociedad,https://www.latindex.org/latindex/ficha/18212,exact_normalized_name,high,,TRUE,TRUE,,,TRUE,FALSE
ART00609,Old friends in new times. Alliances and ruptures between progressive parties and trade union movements in the Southern Cone,old friends in new times progressive parties and union movements in the southern cone,2020,published,TRUE,Latin American Perspectives,latin american perspectives,0094-582X,,10.1177/0094582x20924368,CARMEN MIDAGLIA | GUILLERMO FUENTES | FABRICIO CARNEIRO,exact_doi,high,,3,FALSE,Fabricio Carneiro | Guillermo Fuentes | Carmen Midaglia,3,TRUE,FALSE,JRN186,17,TRUE,FALSE,,,,,,,TRUE,27731,Latin American Perspectives,763,0.277,Q3,55,Sociology and Political Science,763,0.277,Q3,exact_issn,high,TRUE,FALSE,TRUE,27731,Latin American Perspectives,1.2,0.277,0.618,44,424,346,45,840,1530,45.0% 840/1530 Sociology and Political Science,Active,1986-2026; 1984; 1977,exact_issn,high,TRUE,LATIN AMERICAN PERSPECTIVES,0094-582X,A1,exact_issn,high,TRUE,TRUE,TRUE,TRUE,Latin American Perspectives,https://www.latindex.org/latindex/ficha/21560,exact_normalized_name,high,TRUE,TRUE,TRUE,FALSE,FALSE,TRUE,FALSE
ART00610,Política y Justicia en América Latina. Introducción al número temático,politica y justicia en america latina introduccion al numero tematico,2020,published,TRUE,Revista Uruguaya de Ciencia Política,revista uruguaya de ciencia politica,,0797-9789,10.26851/rucp.29.1.1,"DANIELA VAIRO | ANTÍA, FLORENCIA | Andrea Castagnola",exact_doi,high,Peer-review flag differed across CV occurrences; TRUE retained and conflict documented.,3,FALSE,Florencia Antía | Daniela Vairo,2,TRUE,FALSE,JRN351,2,FALSE,FALSE,,,,,,,FALSE,,,,,,,,,,,ambiguous,low,FALSE,FALSE,FALSE,,,,,,,,,,,,,,,ambiguous,low,TRUE,REVISTA URUGUAYA DE CIENCIA POLITICA,1688-499X,A1,exact_issn,high,TRUE,TRUE,TRUE,FALSE,Revista uruguaya de ciencia política,https://www.latindex.org/latindex/ficha/16727,exact_normalized_name,high,,TRUE,TRUE,,,TRUE,FALSE
ART00611,Representaciones docentes y logros en educación secundaria. Análisis del caso uruguayo,representaciones docentes y logros en educacion secundaria analisis del caso uruguayo,2020,published,TRUE,Revista del IICE,revista del iice,,2451-5434,10.34096/iice.n46.8589,MARÍA ESTER MANCEBO | Margarita,single_source_row,not_applicable,,2,FALSE,María Ester Mancebo,1,FALSE,FALSE,JRN309,1,FALSE,FALSE,,,,,,,FALSE,,,,,,,,,,,,,FALSE,FALSE,FALSE,,,,,,,,,,,,,,,,,FALSE,,,,,,FALSE,FALSE,,,,,,,,,,,,TRUE,FALSE
ART00612,RIA: aplicación de una metodología para el seguimiento de la localización de los ODS,ria aplicacion de una metodologia para el seguimiento de la localizacion de los ods,2020,published,TRUE,Cuadernos del CLAEH,cuadernos del claeh,,0797-6062 | 2393-5979,,ALEJANDRO MILANESI | MARTÍN FREIGEDO | Carolina Ferreira- Oliveira,fuzzy_title_year_journal_authors,high,,3,FALSE,Martín Freigedo | Alejandro Milanesi,2,TRUE,FALSE,JRN073,11,FALSE,FALSE,,,,,,,FALSE,,,,,,,,,,,,,FALSE,FALSE,FALSE,,,,,,,,,,,,,,,,,FALSE,,,,,,FALSE,FALSE,,,,,,,,,,,,TRUE,FALSE
ART00613,The Electoral Success of the Left in Latin America: Is There Any Room for Spatial Models of Voting?,the electoral success of the left in latin america is there any room for spatial models of voting,2020,published,TRUE,Latin American Research Review,latin american research review,0023-8791,1542-4278,10.25222/larr.466,"LUJÁN, DIEGO | MORAES, JUAN",exact_doi,high,,2,FALSE,Diego Luján | Juan Andrés Moraes,2,TRUE,FALSE,JRN189,10,TRUE,TRUE,27733,Latin American Research Review,275,0.387,Q2,62,TRUE,27733,Latin American Research Review,569,0.387,Q2,62,Political Science and International Relations,275,0.387,Q2,exact_issn,high,TRUE,TRUE,TRUE,27733,Latin American Research Review,1.7,0.387,1.24,55,293,175,97,32,1186,97.0% 32/1186 Literature and Literary Theory,Active,1965-2026,exact_issn,high,FALSE,,,,conflict,low,FALSE,FALSE,,,,,,,TRUE,,,FALSE,TRUE,TRUE,FALSE
ART00614,The neo-Weberian state and the neodevelopmentalist strategies in Latin America: The case of Uruguay,the neo weberian state and the neodevelopmentalist strategies in latin america the case of uruguay,2020,published,TRUE,International Review of Administrative Sciences,international review of administrative sciences,0020-8523,,10.1177/0020852318763525,ALEJANDRO MILANESI | RAMOS CONRADO,single_source_row,not_applicable,,2,FALSE,Alejandro Milanesi,1,FALSE,FALSE,JRN164,60,TRUE,FALSE,,,,,,,TRUE,15807,International Review of Administrative Sciences,137,1.163,Q1,80,Sociology and Political Science,137,1.163,Q1,exact_issn,high,TRUE,FALSE,TRUE,15807,International Review of Administrative Sciences,7.9,1.163,1.53,82,1726,219,95,72,1530,95.0% 72/1530 Sociology and Political Science,Active,1957-2026,exact_issn,high,FALSE,,,,,,FALSE,FALSE,,,,,,,TRUE,,,TRUE,TRUE,TRUE,FALSE
ART00615,The New Latin American Neo-patriotic Far-Right: Reactionary Internationalism and its Challenge to the International Liberal Order,the new latin american neo patriotic far right reactionary internationalism and its challenge to the international liberal order,2020,published,TRUE,Conjuntura Austral,conjuntura austral,,2178-8839,10.22456/2178-8839.106956,"SANAHUJA, José Antonio | LÓPEZ, CAMILO",single_source_row,not_applicable,,2,FALSE,Camilo López,1,FALSE,FALSE,JRN057,129,FALSE,FALSE,,,,,,,FALSE,,,,,,,,,,,,,FALSE,FALSE,FALSE,,,,,,,,,,,,,,,,,TRUE,CONJUNTURA AUSTRAL,2178-8839,A2,exact_issn,high,TRUE,TRUE,FALSE,TRUE,Conjuntura Austral,https://www.latindex.org/latindex/ficha/4668,exact_normalized_name,high,,TRUE,TRUE,,,TRUE,FALSE
ART00616,The Post-Reform Stage: Understanding Backlash Against Sexual Policies in Latin America,the post reform stage understanding backlash against sexual policies in latin america,2020,published,TRUE,Politics & Gender,politics and gender,1743-923X,1743-9248,10.1017/s1743923x20000069,ROCHA-CARPIUC | Verónica Pérez Bentancur,doi_corrected_local_metadata,high,"A truncated DOI variant was normalized using corroborating title, year, journal and author metadata across local CV records.",2,FALSE,Verónica Pérez Bentancur | Cecilia Rocha-Carpiuc,2,TRUE,FALSE,JRN242,38,TRUE,FALSE,,,,,,,TRUE,5700166179,Politics and Gender,59,1.847,Q1,65,Sociology and Political Science,59,1.847,Q1,exact_issn,high,TRUE,FALSE,TRUE,5700166179,Politics and Gender,6.1,1.847,1.943,87,1174,191,96,9,233,96.0% 9/233 Gender Studies,Active,2005-2026,exact_issn,high,TRUE,POLITICS & GENDER (PRINT),1743-923X,A1,exact_issn,high,FALSE,FALSE,,,,,,,TRUE,TRUE,,TRUE,TRUE,TRUE,FALSE
ART00617,The Role of Policy Entrepreneurs in Explaining the Success or Failure of Policy Reform: The Police and Education Cases in Uruguay (2010-2020).,the role of policy entrepreneurs in explaining the success or failure of policy reform the police and education cases in uruguay 2010 2020,2020,published,TRUE,Studia Politica,studia politica,1582-4551,,,ALEJANDRO MILANESI | GERMÁN BIDEGAIN,exact_title_year_journal,high,,2,FALSE,Germán Bidegain | Alejandro Milanesi,2,TRUE,FALSE,JRN370,3,TRUE,TRUE,21100254486,Studia Politica,583,0.134,Q4,7,TRUE,21100254486,Studia Politica,1201,0.134,Q4,7,Political Science and International Relations,583,0.134,Q4,exact_issn,high,TRUE,TRUE,TRUE,21100254486,Studia Politica,0.4,0.134,0.608,21,20,53,15,1299,1530,15.0% 1299/1530 Sociology and Political Science,Active,2013-2025,exact_issn,high,FALSE,,,,ambiguous,low,FALSE,FALSE,,,,,ambiguous,low,TRUE,,,FALSE,FALSE,TRUE,FALSE
ART00618,Un año más de desencuentros: participación y política institucional mapuche en 2019,un ano mas de desencuentros participacion y politica institucional mapuche en 2019,2020,published,TRUE,Anuari del conflicte social,anuari del conflicte social,,2014-6760,,GERMÁN BIDEGAIN | Victor Tricot,single_source_row,not_applicable,,2,FALSE,Germán Bidegain,1,FALSE,FALSE,JRN020,,FALSE,FALSE,,,,,,,FALSE,,,,,,,,,,,,,FALSE,FALSE,FALSE,,,,,,,,,,,,,,,,,FALSE,,,,,,TRUE,TRUE,TRUE,FALSE,Anuari del conflicte social,https://www.latindex.org/latindex/ficha/24171,exact_normalized_name,high,,,TRUE,,,TRUE,FALSE
ART00619,"""""Uruguay en el acuerdo UE-MERCOSUR: Economía política de posicionamientos e implicaciones""""",uruguay en el acuerdo ue mercosur economia politica de posicionamientos e implicaciones,2020,published,TRUE,Relaciones Internacionales,relaciones internacionales,,1515-3371,10.24215/23142766e106,GERARDO CAETANO | Nicolás Pose,single_source_row,not_applicable,,2,FALSE,Gerardo Caetano,1,FALSE,FALSE,JRN264,22,FALSE,FALSE,,,,,,,FALSE,,,,,,,,,,,,,FALSE,FALSE,FALSE,,,,,,,,,,,,,,,,,TRUE,RELACIONES INTERNACIONALES (LA PLATA),1515-3371,A2,exact_issn,high,FALSE,FALSE,,,,,ambiguous,low,,TRUE,,,,TRUE,FALSE
ART00620,Uruguay in the Pandemic amid the Return of the Right: Becoming an Enclave,uruguay in the pandemic amid the return of the right becoming an enclave,2020,published,TRUE,Latin American Policy,latin american policy,2041-7365,2041-7373,10.1111/lamp.12197,"Diego Hernández Nilson | LÓPEZ, CAMILO",single_source_row,not_applicable,,2,FALSE,Camilo López,1,FALSE,FALSE,JRN187,10,TRUE,TRUE,21100814520,Latin American Policy,308,0.335,Q2,14,TRUE,21100814520,Latin American Policy,648,0.335,Q2,14,Political Science and International Relations,308,0.335,Q2,exact_issn,high,TRUE,TRUE,TRUE,21100814520,Latin American Policy,1.9,0.335,0.48,46,232,123,59,303,745,59.0% 303/745 Political Science and International Relations,Active,2010-2026,exact_issn,high,TRUE,LATIN AMERICAN POLICY,2041-7365,A4,exact_issn,high,FALSE,FALSE,,,,,,,TRUE,TRUE,,FALSE,TRUE,TRUE,FALSE
ART00621,ADAPTACIÓN Y CONSENSO: EL PARLAMENTO URUGUAYO EN LA PANDEMIA DEL CORONAVIRUS,adaptacion y consenso el parlamento uruguayo en la pandemia del coronavirus,2021,published,TRUE,E-Legis - Revista Eletrônica do Programa de Pós-Graduação da Câmara dos Deputados,e legis revista eletronica do programa de pos graduacao da camara dos deputados,,2175-0688,10.51206/e-legis.v14iesp.641,DANIEL CHASQUETTI,single_source_row,not_applicable,,1,TRUE,Daniel Chasquetti,1,FALSE,TRUE,JRN095,,FALSE,FALSE,,,,,,,FALSE,,,,,,,,,,,,,FALSE,FALSE,FALSE,,,,,,,,,,,,,,,,,TRUE,E-LEGIS,2175-0688,A4,exact_issn,high,FALSE,FALSE,,,,,,,,TRUE,,,,TRUE,TRUE
ART00622,Afganistán y América Latina frente a la primacía desafiada de Estados Unidos,afganistan y america latina frente a la primacia desafiada de estados unidos,2021,published,TRUE,Nueva Sociedad,nueva sociedad,0251-3552,,,Carlos Luján | Guadalupe González | Mónica Hirst | Carlos Romero | Juan Gabriel Tokatlian,single_source_row,not_applicable,,5,FALSE,Carlos Luján,1,FALSE,TRUE,JRN205,,FALSE,FALSE,,,,,,,FALSE,,,,,,,,,,,,,FALSE,FALSE,FALSE,,,,,,,,,,,,,,,,,TRUE,NUEVA SOCIEDAD,0251-3552,A1,exact_issn,high,FALSE,FALSE,,,,,,,,TRUE,,,,TRUE,TRUE
ART00623,"Análisis de redes de grupos interdisciplinarios: el caso del Espacio Interdisciplinario de la Universidad de la República (Udelar, Uruguay)",analisis de redes de grupos interdisciplinarios el caso del espacio interdisciplinario de la universidad de la republica udelar uruguay,2021,published,TRUE,INTERdisciplina,interdisciplina,,2448-5705,10.22201/ceiich.24485705e.2021.25.79977,LORENA REPETTO | PAULA CRUZ | VERÓNICA FERNÁNDEZ DAMONTE | ANDREA LORIETO | ANA CORBACHO | DANIELA ROMERO,single_source_row,not_applicable,,6,FALSE,Lorena Repetto,1,FALSE,TRUE,JRN155,1,FALSE,FALSE,,,,,,,FALSE,,,,,,,,,,,,,FALSE,FALSE,FALSE,,,,,,,,,,,,,,,,,FALSE,,,,,,FALSE,FALSE,,,,,,,,,,,,TRUE,TRUE
ART00624,Artigas ha vuelto. Geometrías del uso del pasado,artigas ha vuelto geometrias del uso del pasado,2021,published,TRUE,Passés Futurs,passes futurs,,2558-7935,,"RILLA, JOSÉ",single_source_row,not_applicable,,1,TRUE,José Rilla,1,FALSE,TRUE,JRN223,,FALSE,FALSE,,,,,,,FALSE,,,,,,,,,,,,,FALSE,FALSE,FALSE,,,,,,,,,,,,,,,,,FALSE,,,,,,FALSE,FALSE,,,,,,,,,,,,TRUE,TRUE
ART00625,Bases para una estrategia de planificación espacial marina en Uruguay,bases para una estrategia de planificacion espacial marina en uruguay,2021,published,TRUE,REvista COSTAS,revista costas,,2304-0963,,"RAFAEL TEJERA | Echevarría, Luciana. | Alberto Gómez | CAPORALE,M. | Elena VALLVÈ | José Sciandro | Tiago Machain",single_source_row,not_applicable,,7,FALSE,Rafael Tejera,1,FALSE,TRUE,JRN277,,FALSE,FALSE,,,,,,,FALSE,,,,,,,,,,,,,FALSE,FALSE,FALSE,,,,,,,,,,,,,,,,,FALSE,,,,,,FALSE,FALSE,,,,,,,,,,,,TRUE,TRUE
ART00626,BayesSPsurv: An R Package to Estimate Bayesian Split-Population Survival Models for Clustered Event Processes,bayesspsurv an r package to estimate bayesian split population survival models for clustered event processes,2021,published,TRUE,The R Journal,the r journal,,2073-4859,10.32614/rj-2021-068,Nicolás Schmidt | Brandon Bolte | Sergio Béjar | Nguyen Huynh | Bumba Mukherjee,single_source_row,not_applicable,,5,FALSE,Nicolás Schmidt,1,FALSE,TRUE,JRN388,,FALSE,FALSE,,,,,,,FALSE,,,,,,,,,,,,,FALSE,FALSE,FALSE,,,,,,,,,,,,,,,,,FALSE,,,,,,FALSE,FALSE,,,,,,,,,,,,TRUE,TRUE
ART00627,"Carlos Real de Azúa viaja a España. Ratificación/rectificación»,",carlos real de azua viaja a espana ratificacion rectificacion,2021,published,TRUE,Ayer Revista de Historia Contemporánea,ayer revista de historia contemporanea,1134-2277,2255-5838,,"RILLA, JOSÉ",single_source_row,not_applicable,,1,TRUE,José Rilla,1,FALSE,TRUE,JRN030,,TRUE,FALSE,,,,,,,TRUE,21100218321,Ayer,687,0.316,Q2,14,Sociology and Political Science,687,0.316,Q2,exact_issn,high,TRUE,FALSE,TRUE,21100218321,Ayer,0.8,0.316,1.204,38,144,191,74,490,1936,74.0% 490/1936 History,Active,2017-2026; 2012-2014,exact_issn,high,FALSE,,,,,,FALSE,FALSE,,,,,,,TRUE,,,FALSE,TRUE,TRUE,TRUE
ART00628,Citizen deliberation in the context of Uruguay's first National Water Plan,citizen deliberation in the context of uruguays first national water plan,2021,published,TRUE,Water Policy,water policy,1366-7017,1996-9759,10.2166/wp.2021.199,MARILA LÁZARO | ISABEL BORTAGARAY | MICAELA TRIMBLE | CRISTINA ZURBRIGGEN,single_source_row,not_applicable,,4,FALSE,Cristina Zurbriggen,1,FALSE,TRUE,JRN402,,FALSE,FALSE,,,,,,,FALSE,,,,,,,,,,,,,FALSE,FALSE,FALSE,,,,,,,,,,,,,,,,,FALSE,,,,,,FALSE,FALSE,,,,,,,,,,,,TRUE,TRUE
ART00629,Contextos ideacionales y redes de activistas en procesos de difusión institucional: el caso de la reforma universitaria de 1918,contextos ideacionales y redes de activistas en procesos de difusion institucional el caso de la reforma universitaria de 1918,2021,published,TRUE,Estudos Ibero-Americanos,estudos ibero americanos,0101-4064,1980-864X,10.15448/1980-864x.2021.2.37375,"ALEJANDRO MILANESI | GARCÉ, A.",exact_doi,high,,2,FALSE,Adolfo Garcé | Alejandro Milanesi,2,TRUE,TRUE,JRN122,1,FALSE,FALSE,,,,,,,FALSE,,,,,,,,,,,,,FALSE,FALSE,FALSE,,,,,,,,,,,,,,,,,FALSE,,,,conflict,low,FALSE,FALSE,,,,,,,,,,,,TRUE,TRUE
ART00630,"Desafíos profusos, certezas limitadas: la inserción profesional de los noveles profesores uruguayos a la luz de la experiencia comparada",desafios profusos certezas limitadas la insercion profesional de los noveles profesores uruguayos a la luz de la experiencia comparada,2021,published,TRUE,Revista del Núcleo de Estudios e Investigaciones en Educación Superior del MERCOSUR,revista del nucleo de estudios e investigaciones en educacion superior del mercosur,2347-0658,2313-9080,,MARÍA ESTER MANCEBO | Virginia,single_source_row,not_applicable,,2,FALSE,María Ester Mancebo,1,FALSE,TRUE,JRN310,10,FALSE,FALSE,,,,,,,FALSE,,,,,,,,,,,,,FALSE,FALSE,FALSE,,,,,,,,,,,,,,,,,FALSE,,,,,,FALSE,FALSE,,,,,,,,,,,,TRUE,TRUE
ART00631,El impulso republicano del Uruguay del 900: la reforma política del primer batllismo? (1890-1930),el impulso republicano del uruguay del 900 la reforma politica del primer batllismo 1890 1930,2021,published,TRUE,Varia Historia,varia historia,,0104-8775,,GERARDO CAETANO,single_source_row,not_applicable,,1,TRUE,Gerardo Caetano,1,FALSE,TRUE,JRN400,13,FALSE,FALSE,,,,,,,FALSE,,,,,,,,,,,,,FALSE,FALSE,FALSE,,,,,,,,,,,,,,,,,TRUE,VARIA HISTORIA,1982-4343,A1,exact_normalized_name,high,FALSE,FALSE,,,,,,,,TRUE,,,,TRUE,TRUE
ART00632,"El primer herrerismo: liberalismo conservador, realismo internacional y ruralismo",el primer herrerismo liberalismo conservador realismo internacional y ruralismo,2021,published,TRUE,Prismas - Revista de historia intelectual,prismas revista de historia intelectual,1666-1508,1852-0499,10.48160/18520499prismas25.12,GERARDO CAETANO,single_source_row,not_applicable,,1,TRUE,Gerardo Caetano,1,FALSE,TRUE,JRN248,6,FALSE,FALSE,,,,,,,FALSE,,,,,,,,,,,,,FALSE,FALSE,FALSE,,,,,,,,,,,,,,,,,TRUE,PRISMAS,1852-0499,A1,exact_issn,high,FALSE,FALSE,,,,,,,,TRUE,,,,TRUE,TRUE
ART00633,El primer Mercosur y la flexibilización. Antecedentes útiles para la reflexión,el primer mercosur y la flexibilizacion antecedentes utiles para la reflexion,2021,published,TRUE,Relaciones Internacionales,relaciones internacionales,,1515-3371,,GERARDO CAETANO,single_source_row,not_applicable,,1,TRUE,Gerardo Caetano,1,FALSE,TRUE,JRN264,11,FALSE,FALSE,,,,,,,FALSE,,,,,,,,,,,,,FALSE,FALSE,FALSE,,,,,,,,,,,,,,,,,TRUE,RELACIONES INTERNACIONALES (LA PLATA),1515-3371,A2,exact_issn,high,FALSE,FALSE,,,,,ambiguous,low,,TRUE,,,,TRUE,TRUE
ART00634,?Elecciones Departamentales y Municipales 2020: escenarios después de la alternancia?,elecciones departamentales y municipales 2020 escenarios despues de la alternancia,2021,published,TRUE,Revista Iberoamericana de Relaciones Intergubernamentales,revista iberoamericana de relaciones intergubernamentales,,2660-681X,,ANTONIO CARDARELLO,single_source_row,not_applicable,,1,TRUE,Antonio Cardarello,1,FALSE,TRUE,JRN331,,FALSE,FALSE,,,,,,,FALSE,,,,,,,,,,,,,FALSE,FALSE,FALSE,,,,,,,,,,,,,,,,,FALSE,,,,,,FALSE,FALSE,,,,,,,,,,,,TRUE,TRUE
ART00635,Escaños reservados para los mapuche en la Convención Constitucional: Una rendija institucional gracias a la revuelta,escanos reservados para los mapuche en la convencion constitucional una rendija institucional gracias a la revuelta,2021,published,TRUE,Anuari del conflicte social,anuari del conflicte social,,2014-6760,10.1344/ac2021.12.1,GERMÁN BIDEGAIN | Víctor Tricot,single_source_row,not_applicable,,2,FALSE,Germán Bidegain,1,FALSE,TRUE,JRN020,20,FALSE,FALSE,,,,,,,FALSE,,,,,,,,,,,,,FALSE,FALSE,FALSE,,,,,,,,,,,,,,,,,FALSE,,,,,,TRUE,TRUE,TRUE,FALSE,Anuari del conflicte social,https://www.latindex.org/latindex/ficha/24171,exact_normalized_name,high,,,TRUE,,,TRUE,TRUE
ART00636,Evolución de la declaración de derechos constitucionales en Sudamérica,evolucion de la declaracion de derechos constitucionales en sudamerica,2021,published,TRUE,Revista de Direito Brasileira,revista de direito brasileira,,2358-1352,,JOSE MIGUEL BUSQUETS | Oscar Sarlo,single_source_row,not_applicable,,2,FALSE,José Busquets,1,FALSE,TRUE,JRN287,0,FALSE,FALSE,,,,,,,FALSE,,,,,,,,,,,,,FALSE,FALSE,FALSE,,,,,,,,,,,,,,,,,TRUE,REVISTA DE DIREITO BRASILEIRA,2358-1352,A1,exact_issn,high,FALSE,FALSE,,,,,,,,TRUE,,,,TRUE,TRUE
ART00637,Impacto del COVID 19 en los escenarios latinoamericanos.,impacto del covid 19 en los escenarios latinoamericanos,2021,published,TRUE,Perfiles Latinoamericanos,perfiles latinoamericanos,0188-7653,2309-4982,10.18504/pl2855-2020,GERARDO CAETANO | Nicolás Pose,single_source_row,not_applicable,,2,FALSE,Gerardo Caetano,1,FALSE,TRUE,JRN226,,TRUE,FALSE,,,,,,,TRUE,5600153356,Perfiles Latinoamericanos,941,0.203,Q3,16,Sociology and Political Science,941,0.203,Q3,exact_issn,high,TRUE,FALSE,TRUE,5600153356,Perfiles Latinoamericanos,0.9,0.203,0.769,39,100,112,36,977,1530,36.0% 977/1530 Sociology and Political Science,Active,2008-2026,exact_issn,high,FALSE,,,,,,FALSE,FALSE,,,,,,,TRUE,,,FALSE,FALSE,TRUE,TRUE
ART00638,Indice de Autonomía Local en Uruguay,indice de autonomia local en uruguay,2021,published,TRUE,Revista iberoamericana de estudios municipales,revista iberoamericana de estudios municipales,,0718-8838,,MARTÍN FREIGEDO | GOINHEIX,single_source_row,not_applicable,,2,FALSE,Martín Freigedo,1,FALSE,TRUE,JRN329,,FALSE,FALSE,,,,,,,FALSE,,,,,,,,,,,,,FALSE,FALSE,FALSE,,,,,,,,,,,,,,,,,TRUE,REVISTA IBEROAMERICANA DE ESTUDIOS MUNICIPALES,0719-1790,A4,exact_issn,high,TRUE,TRUE,TRUE,FALSE,Revista iberoamericana de estudios municipales,https://www.latindex.org/latindex/ficha/22784,exact_normalized_name,high,,TRUE,TRUE,,,TRUE,TRUE
ART00639,Interdisciplinary higher education with a focus on academic motivation and teamwork diversity,interdisciplinary higher education with a focus on academic motivation and teamwork diversity,2021,published,TRUE,International Journal of Educational Research,international journal of educational research,0883-0355,,10.1016/j.ijedro.2021.100062,"CORBACHO AM | Pereyra, M. | REPETTO, LORENA | Cruz, Paula / CRUZ P.M/ Cruz Paula M. | Lorieto, Andrea | Fernández Damonte, Verónica | GONZÁLEZ, ALICE ELIZABETH | Echaniz, Rodrigo | Basile, Maximiliano",single_source_row,not_applicable,,9,FALSE,Lorena Repetto,1,FALSE,TRUE,JRN160,85,FALSE,FALSE,,,,,,,FALSE,,,,,,,,,,,ambiguous,low,FALSE,FALSE,FALSE,,,,,,,,,,,,,,,ambiguous,low,FALSE,,,,,,FALSE,FALSE,,,,,,,,,,,,TRUE,TRUE
ART00640,La AEM y los médicos militares: la dimensión civil del proceso autoritario,la aem y los medicos militares la dimension civil del proceso autoritario,2021,published,TRUE,Encuentros Uruguayos,encuentros uruguayos,,1688-5236,,DIEGO SEMPOL,single_source_row,not_applicable,,1,TRUE,Diego Sempol,1,FALSE,TRUE,JRN105,,FALSE,FALSE,,,,,,,FALSE,,,,,,,,,,,,,FALSE,FALSE,FALSE,,,,,,,,,,,,,,,,,FALSE,,,,,,FALSE,FALSE,,,,,,,,,,,,TRUE,TRUE
ART00641,La enseñanza de las políticas públicas en América Latina: estado de situación y desafíos para la ciencia política.,la ensenanza de las politicas publicas en america latina estado de situacion y desafios para la ciencia politica,2021,published,TRUE,Íconos - Revista de Ciencias Sociales,iconos revista de ciencias sociales,1390-1249,1390-8065,10.17141/iconos.71.2021.4800,GERMÁN BIDEGAIN | Nicolás Bentancur | Rodrigo Martínez,exact_doi,high,,3,FALSE,Nicolás Bentancur | Germán Bidegain,2,TRUE,TRUE,JRN151,40,TRUE,FALSE,,,,,,,TRUE,21101044834,Iconos,722,0.301,Q2,9,Sociology and Political Science,722,0.301,Q2,exact_issn,high,TRUE,FALSE,TRUE,21101044834,Iconos,1.3,0.301,0.718,48,166,124,64,192,536,64.0% 192/536 Anthropology,Active,2019-2026,exact_issn,high,FALSE,,,,conflict,low,TRUE,TRUE,TRUE,FALSE,Íconos,https://www.latindex.org/latindex/ficha/8467,exact_normalized_name,high,TRUE,,TRUE,FALSE,TRUE,TRUE,TRUE
ART00642,La política de la reforma policial en Uruguay 2010-2020,la politica de la reforma policial en uruguay 2010 2020,2021,published,TRUE,Revista Chilena de Derecho y Ciencia Política,revista chilena de derecho y ciencia politica,0718-9389,0719-2150,,ALEJANDRO MILANESI,single_source_row,not_applicable,,1,TRUE,Alejandro Milanesi,1,FALSE,TRUE,JRN275,4,TRUE,FALSE,,,,,,,TRUE,21101188213,Revista Chilena de Derecho y Ciencia Politica,961,0.197,Q3,4,Sociology and Political Science,961,0.197,Q3,exact_issn,high,TRUE,FALSE,TRUE,21101188213,Revista Chilena de Derecho y Ciencia Politica,0.9,0.197,0.673,55,63,73,41,685,1162,41.0% 685/1162 Law,Active,2019-2026,exact_issn,high,TRUE,REVISTA CHILENA DE DERECHO Y CIENCIA POLÍTICA,0718-9389,A2,exact_issn,high,FALSE,FALSE,,,,,,,TRUE,TRUE,,FALSE,FALSE,TRUE,TRUE
ART00643,Las coyunturas críticas y los límites del neo-institucionalismo histórico,las coyunturas criticas y los limites del neo institucionalismo historico,2021,published,TRUE,Revista Debates,revista debates,,1982-5269,,"TRAVERSA, FEDERICO",single_source_row,not_applicable,,1,TRUE,Federico Traversa,1,FALSE,TRUE,JRN307,1,FALSE,FALSE,,,,,,,FALSE,,,,,,,,,,,,,FALSE,FALSE,FALSE,,,,,,,,,,,,,,,,,FALSE,,,,conflict,low,FALSE,FALSE,,,,,,,,,,,,TRUE,TRUE
ART00644,"Las palabras no entienden lo que pasa. Discurso, autoverdad y el imperativo de los pensamientos críticos",las palabras no entienden lo que pasa discurso autoverdad y el imperativo de los pensamientos criticos,2021,published,TRUE,Hispamérica,hispamerica,0363-0471,2328-0743,,GERARDO CAETANO,single_source_row,not_applicable,,1,TRUE,Gerardo Caetano,1,FALSE,TRUE,JRN143,,FALSE,FALSE,,,,,,,FALSE,,,,,,,,,,,,,FALSE,FALSE,FALSE,,,,,,,,,,,,,,,,,FALSE,,,,,,FALSE,FALSE,,,,,,,,,,,,TRUE,TRUE
ART00645,Las re-reformas de los sistemas de pensiones en América Latina y Europa Central y Oriental (2008- 2016),las re reformas de los sistemas de pensiones en america latina y europa central y oriental 2008 2016,2021,published,TRUE,Revista de la Facultad de Derecho,revista de la facultad de derecho,0797-8316,2301-0665,,JOSE MIGUEL BUSQUETS | Nicolas Pose,single_source_row,not_applicable,,2,FALSE,José Busquets,1,FALSE,TRUE,JRN301,3,FALSE,FALSE,,,,,,,FALSE,,,,,,,,,,,,,FALSE,FALSE,FALSE,,,,,,,,,,,,,,,,,FALSE,,,,ambiguous,low,FALSE,FALSE,,,,,,,,,,,,TRUE,TRUE
ART00646,"Legislative Behavior, Mass Media and Foreign Policy Making: The case of Paraguay",legislative behavior mass media and foreign policy making the case of paraguay,2021,published,TRUE,Latin American Research Review,latin american research review,,1542-4278,10.25222/larr.592,"LÓPEZ, CAMILO | FELIÚ RIBEIRO, Pedro | URDINEZ, Francisco",single_source_row,not_applicable,,3,FALSE,Camilo López,1,FALSE,TRUE,JRN189,11,TRUE,TRUE,27733,Latin American Research Review,275,0.387,Q2,62,TRUE,27733,Latin American Research Review,569,0.387,Q2,62,Political Science and International Relations,275,0.387,Q2,exact_issn,high,TRUE,TRUE,TRUE,27733,Latin American Research Review,1.7,0.387,1.24,55,293,175,97,32,1186,97.0% 32/1186 Literature and Literary Theory,Active,1965-2026,exact_issn,high,FALSE,,,,conflict,low,FALSE,FALSE,,,,,,,TRUE,,,FALSE,TRUE,TRUE,TRUE
ART00647,"Linda, inteligente, de buena familia, vos no deberías estar acá? Dictadura y reconfiguración patriarcal en Uruguay",linda inteligente de buena familia vos no deberias estar aca dictadura y reconfiguracion patriarcal en uruguay,2021,published,TRUE,Revista eletrônica da ANPHLAC,revista eletronica da anphlac,,1679-1061,10.46752/anphlac.31.2021.4033,DE GIORGI,single_source_row,not_applicable,,1,TRUE,Ana Laura de Giorgi,1,FALSE,TRUE,JRN316,,FALSE,FALSE,,,,,,,FALSE,,,,,,,,,,,,,FALSE,FALSE,FALSE,,,,,,,,,,,,,,,,,TRUE,REVISTA ELETRÔNICA DA ANPHLAC,1679-1061,A4,exact_issn,high,FALSE,FALSE,,,,,,,,TRUE,,,,TRUE,TRUE
ART00648,Los movimientos sociales uruguayos entre dos siglos,los movimientos sociales uruguayos entre dos siglos,2021,published,TRUE,Encuentros Uruguayos,encuentros uruguayos,,1688-5236,,DIEGO SEMPOL,single_source_row,not_applicable,,1,TRUE,Diego Sempol,1,FALSE,TRUE,JRN105,,FALSE,FALSE,,,,,,,FALSE,,,,,,,,,,,,,FALSE,FALSE,FALSE,,,,,,,,,,,,,,,,,FALSE,,,,,,FALSE,FALSE,,,,,,,,,,,,TRUE,TRUE
ART00649,Los partidos de la derecha en América Latina tras el giro a la izquierda. Apuntes para una agenda de investigación,los partidos de la derecha en america latina tras el giro a la izquierda apuntes para una agenda de investigacion,2021,published,TRUE,Revista Uruguaya de Ciencia Política,revista uruguaya de ciencia politica,,0797-9789,10.26851/rucp.30.1,"MONESTIER, FELIPE | GABRIEL VOMMARO",single_source_row,not_applicable,,2,FALSE,Felipe Monestier,1,FALSE,TRUE,JRN351,78,FALSE,FALSE,,,,,,,FALSE,,,,,,,,,,,ambiguous,low,FALSE,FALSE,FALSE,,,,,,,,,,,,,,,ambiguous,low,TRUE,REVISTA URUGUAYA DE CIENCIA POLITICA,1688-499X,A1,exact_issn,high,TRUE,TRUE,TRUE,FALSE,Revista uruguaya de ciencia política,https://www.latindex.org/latindex/ficha/16727,exact_normalized_name,high,,TRUE,TRUE,,,TRUE,TRUE
ART00650,"Nuevas conflictividades y vínculos entre movimientos sociales, partidos políticos y gobierno en el Uruguay progresista (2005-2020)",nuevas conflictividades y vinculos entre movimientos sociales partidos politicos y gobierno en el uruguay progresista 2005 2020,2021,published,TRUE,Sociologias,sociologias,,1517-4522,10.1590/15174522-113033,GERMÁN BIDEGAIN | MARTÍN FREIGEDO | Puntigliano Casulo,exact_doi,high,,3,FALSE,Germán Bidegain | Martín Freigedo,2,TRUE,TRUE,JRN367,22,FALSE,FALSE,,,,,,,FALSE,,,,,,,,,,,,,FALSE,FALSE,FALSE,,,,,,,,,,,,,,,,,TRUE,SOCIOLOGIAS (UFRGS. IMPRESSO),1517-4522,A1,exact_issn,high,FALSE,FALSE,,,,,,,,TRUE,,,,TRUE,TRUE
ART00651,"Of censorship and transgression: Disputes over the limits of democracy, criticism and the obscene during the Uruguayan transition (1980-1989)",of censorship and transgression disputes over the limits of democracy criticism and the obscene during the uruguayan transition 1980 1989,2021,published,TRUE,Revista del CESLA International Latin American Studies Review,revista del cesla international latin american studies review,1641-4713,2081-1160,10.36551/2081-1160.2021.28.245-260,DIEGO SEMPOL,single_source_row,not_applicable,,1,TRUE,Diego Sempol,1,FALSE,TRUE,JRN308,,FALSE,FALSE,,,,,,,FALSE,,,,,,,,,,,,,FALSE,FALSE,FALSE,,,,,,,,,,,,,,,,,TRUE,REVISTA DEL CESLA,1641-4713,A2,exact_issn,high,FALSE,FALSE,,,,,,,,TRUE,,,,TRUE,TRUE
ART00652,Participación y deliberación para el acuerdo territorial. Sobre la tan anhelada (mejor) decisión colectiva,participacion y deliberacion para el acuerdo territorial sobre la tan anhelada mejor decision colectiva,2021,published,TRUE,Desarrollo y Territorio,desarrollo y territorio,,2591-4553,,JULIÁN GONZÁLEZ | PAULA FERLA | Julián González Scandizzi,single_source_row,not_applicable,,3,FALSE,Julián González Scandizzi,1,FALSE,TRUE,JRN085,0,FALSE,FALSE,,,,,,,FALSE,,,,,,,,,,,,,FALSE,FALSE,FALSE,,,,,,,,,,,,,,,,,FALSE,,,,,,FALSE,FALSE,,,,,,,,,,,,TRUE,TRUE
ART00653,"Paula Lenguita (compiladora). La resistencia de las mujeres en gobiernos autoritarios: Argentina y Brasil, 1955-1968. Buenos Aires: CEIL-Conicet, 2020, 212 pp",paula lenguita compiladora la resistencia de las mujeres en gobiernos autoritarios argentina y brasil 1955 1968 buenos aires ceil conicet 2020 212 pp,2021,published,TRUE,Contemporánea,contemporanea,1688-7638,1688-9746,,DE GIORGI,single_source_row,not_applicable,,1,TRUE,Ana Laura de Giorgi,1,FALSE,TRUE,JRN060,,FALSE,FALSE,,,,,,,FALSE,,,,,,,,,,,,,FALSE,FALSE,FALSE,,,,,,,,,,,,,,,,,FALSE,,,,ambiguous,low,FALSE,FALSE,,,,,,,,,,,,TRUE,TRUE
ART00654,Poder y cambio institucional: de la dependencia de la trayectoria a las teorías del cambio gradual,poder y cambio institucional de la dependencia de la trayectoria a las teorias del cambio gradual,2021,published,TRUE,Revista de Economía Institucional,revista de economia institucional,0124-5996,2346-2450,10.18601/01245996.v23n45.05,"TRAVERSA, FEDERICO",single_source_row,not_applicable,,1,TRUE,Federico Traversa,1,FALSE,TRUE,JRN288,5,FALSE,FALSE,,,,,,,FALSE,,,,,,,,,,,,,FALSE,FALSE,FALSE,,,,,,,,,,,,,,,,,FALSE,,,,,,FALSE,FALSE,,,,,,,,,,,,TRUE,TRUE
ART00655,President and Congress in Paraguay: legislative success in foreign and domestic policy,president and congress in paraguay legislative success in foreign and domestic policy,2021,published,TRUE,Journal of Legislative Studies,journal of legislative studies,,1743-9337,10.1080/13572334.2020.1818926,"FELIÚ, Pedro | LÓPEZ, CAMILO | LYRA, Rodrigo",single_source_row,not_applicable,,3,FALSE,Camilo López,1,FALSE,TRUE,JRN174,6,TRUE,TRUE,5600156029,Journal of Legislative Studies,96,0.905,Q1,48,FALSE,,,,,,,Political Science and International Relations,96,0.905,Q1,exact_issn,high,TRUE,TRUE,FALSE,5600156029,Journal of Legislative Studies,2.6,0.905,1.137,67,347,133,76,277,1162,76.0% 277/1162 Law,Active,1995-2026,exact_issn,high,FALSE,,,,,,FALSE,FALSE,,,,,,,TRUE,,,TRUE,TRUE,TRUE,TRUE
ART00656,"Primavera, invierno, primavera. Los ciclos de luchas feministas y la izquierda uruguaya",primavera invierno primavera los ciclos de luchas feministas y la izquierda uruguaya,2021,published,TRUE,Archivos de historia del movimiento obrero y la izquierda,archivos de historia del movimiento obrero y la izquierda,2313-9749,2683-9601,,DE GIORGI,single_source_row,not_applicable,,1,TRUE,Ana Laura de Giorgi,1,FALSE,TRUE,JRN025,,TRUE,FALSE,,,,,,,TRUE,21101039620,Archivos de Historia del Movimiento Obrero y la Izquierda,744,0.291,Q3,4,Sociology and Political Science,744,0.291,Q3,exact_issn,high,TRUE,FALSE,TRUE,21101039620,Archivos de Historia del Movimiento Obrero y la Izquierda,0.5,0.291,1.308,32,29,60,59,788,1936,59.0% 788/1936 History,Active,2019-2025,exact_issn,high,FALSE,,,,,,FALSE,FALSE,,,,,,,TRUE,,,FALSE,FALSE,TRUE,TRUE
ART00657,Supervisión escolar y cambio educativo. Uruguay a la luz de la experiencia internacional (2005-2020),supervision escolar y cambio educativo uruguay a la luz de la experiencia internacional 2005 2020,2021,published,TRUE,Cuadernos del CLAEH,cuadernos del claeh,,0797-6062,10.29192/claeh.40.1.5,MARÍA ESTER MANCEBO | Margarita,single_source_row,not_applicable,,2,FALSE,María Ester Mancebo,1,FALSE,TRUE,JRN073,6,FALSE,FALSE,,,,,,,FALSE,,,,,,,,,,,,,FALSE,FALSE,FALSE,,,,,,,,,,,,,,,,,FALSE,,,,,,FALSE,FALSE,,,,,,,,,,,,TRUE,TRUE
ART00658,"The Alliance for Progress in Uruguay: political dynamics, legacy and lessons",the alliance for progress in uruguay political dynamics legacy and lessons,2021,published,TRUE,Journal of Leadership Accountability and Ethics,journal of leadership accountability and ethics,,1913-8059,10.33423/jlae.v18i4.4609,"GARCÉ, A.",single_source_row,not_applicable,,1,TRUE,Adolfo Garcé,1,FALSE,TRUE,JRN173,0,FALSE,FALSE,,,,,,,FALSE,,,,,,,,,,,,,FALSE,FALSE,FALSE,,,,,,,,,,,,,,,,,FALSE,,,,,,FALSE,FALSE,,,,,,,,,,,,TRUE,TRUE
ART00659,"The Aratirí open pit mine project in Uruguay: politics of time, local and national environmental resistance to an extractivist government priority",the aratiri open pit mine project in uruguay politics of time local and national environmental resistance to an extractivist government priority,2021,published,TRUE,Revue internationale de politique comparée,revue internationale de politique comparee,1370-0731,1782-1533,10.3917/ripc.283.0063,GERMÁN BIDEGAIN | MARTÍN FREIGEDO,single_source_row,not_applicable,,2,FALSE,Germán Bidegain,1,FALSE,TRUE,JRN354,2,TRUE,TRUE,5700161893,Revue Internationale de Politique Comparee,624,0.12,Q4,16,TRUE,5700161893,Revue Internationale de Politique Comparee,1291,0.12,Q4,16,Political Science and International Relations,624,0.12,Q4,exact_issn,high,TRUE,TRUE,FALSE,5700161893,Revue Internationale de Politique Comparee,,0.12,0.478,,,,,,,,Inactive,2001-2023,exact_issn,high,FALSE,,,,,,FALSE,FALSE,,,,,,,TRUE,,,FALSE,FALSE,TRUE,TRUE
ART00660,The politics of time in the Aratirí open pit mine project in Uruguay: multiple level environmental resistance to a government priority,the politics of time in the aratiri open pit mine project in uruguay multiple level environmental resistance to a government priority,2021,published,TRUE,Revue internationale de politique comparée,revue internationale de politique comparee,1370-0731,1782-1533,,MARTÍN FREIGEDO | GERMÁN BIDEGAIN,single_source_row,not_applicable,,2,FALSE,Martín Freigedo,1,FALSE,TRUE,JRN354,,TRUE,TRUE,5700161893,Revue Internationale de Politique Comparee,624,0.12,Q4,16,TRUE,5700161893,Revue Internationale de Politique Comparee,1291,0.12,Q4,16,Political Science and International Relations,624,0.12,Q4,exact_issn,high,TRUE,TRUE,FALSE,5700161893,Revue Internationale de Politique Comparee,,0.12,0.478,,,,,,,,Inactive,2001-2023,exact_issn,high,FALSE,,,,,,FALSE,FALSE,,,,,,,TRUE,,,FALSE,FALSE,TRUE,TRUE
ART00661,¿Tiempos de prueba o poniendo a prueba a los presidentes? COVID-19 desafiando liderazgos en América Latina,tiempos de prueba o poniendo a prueba a los presidentes covid 19 desafiando liderazgos en america latina,2021,published,TRUE,Iberoamericana,iberoamericana,1577-3388,2255-520X,10.18441/ibam.21.2021.76.203-239,"CHASQUETTI, DANIEL | Magna María Inácio | Yanina Welp | Milagros Campos",single_source_row,not_applicable,,4,FALSE,Daniel Chasquetti,1,FALSE,TRUE,JRN150,7,FALSE,FALSE,,,,,,,FALSE,,,,,,,,,,,,,FALSE,FALSE,FALSE,,,,,,,,,,,,,,,,,FALSE,,,,conflict,low,TRUE,TRUE,TRUE,FALSE,Iberoamericana,https://www.latindex.org/latindex/ficha/22814,exact_normalized_name,high,,,TRUE,,,TRUE,TRUE
ART00662,"Tracing Social Movements? Influence Beyond Agenda-Setting: Waves of Protest, Chaining Mechanisms and Policy Outcomes in the Chilean Student Movement (2006-2018)",tracing social movements influence beyond agenda setting waves of protest chaining mechanisms and policy outcomes in the chilean student movement 2006 2018,2021,published,TRUE,PARTECIPAZIONE E CONFLITTO,partecipazione e conflitto,,2035-6609,10.1285/i20356609v14i3p1057,GERMÁN BIDEGAIN | Antoine Maillet,single_source_row,not_applicable,,2,FALSE,Germán Bidegain,1,FALSE,TRUE,JRN219,43,TRUE,FALSE,,,,,,,TRUE,21100448012,Partecipazione e Conflitto,696,0.313,Q2,24,Sociology and Political Science,696,0.313,Q2,exact_issn,high,TRUE,FALSE,TRUE,21100448012,Partecipazione e Conflitto,1.9,0.313,0.704,59,311,164,57,653,1530,57.0% 653/1530 Sociology and Political Science,Active,2015-2026,exact_issn,high,TRUE,PARTECIPAZIONE E CONFLITTO (ONLINE),2035-6609,A3,exact_issn,high,FALSE,FALSE,,,,,,,TRUE,TRUE,,FALSE,TRUE,TRUE,TRUE
ART00663,Transición hacia un futuro sostenible ¿Qué aporta la investigación transdisciplinaria?,transicion hacia un futuro sostenible que aporta la investigacion transdisciplinaria,2021,published,TRUE,Utopía y Praxis Latinoamericana,utopia y praxis latinoamericana,1316-5216,2477-9555,,"ZURBRIGGEN | SIERRA, M.",single_source_row,not_applicable,,2,FALSE,Cristina Zurbriggen,1,FALSE,TRUE,JRN399,,FALSE,FALSE,,,,,,,FALSE,,,,,,,,,,,,,TRUE,TRUE,FALSE,5700164382,Utopia y Praxis Latinoamericana,,,,,,,,,,,Inactive,2008-2020,exact_issn,high,FALSE,,,,,,FALSE,FALSE,,,,,,,,,,,,TRUE,TRUE
ART00664,Transition Design in Latin America: Enabling Collective Learning and Change,transition design in latin america enabling collective learning and change,2021,published,TRUE,Frontiers in Sociology,frontiers in sociology,,2297-7775,10.3389/fsoc.2021.725053,SILVANA JURI | CRISTINA ZURBRIGGEN | SOFÍA BOSCH GÓMEZ | MARYSOL ORTEGA PALLANEZ,single_source_row,not_applicable,,4,FALSE,Cristina Zurbriggen,1,FALSE,TRUE,JRN132,,FALSE,FALSE,,,,,,,FALSE,,,,,,,,,,,,,FALSE,FALSE,FALSE,,,,,,,,,,,,,,,,,FALSE,,,,,,FALSE,FALSE,,,,,,,,,,,,TRUE,TRUE
ART00665,Transnational diffusion of health policy ideas in Uruguay at the beginning of the 20th century,transnational diffusion of health policy ideas in uruguay at the beginning of the 20th century,2021,published,TRUE,Journal of Policy History,journal of policy history,0898-0306,1528-4190,,"MONESTIER, FELIPE | Rossel, Cecilia",single_source_row,not_applicable,,2,FALSE,Felipe Monestier,1,FALSE,TRUE,JRN176,,TRUE,FALSE,,,,,,,TRUE,5700152854,Journal of Policy History,926,0.207,Q3,26,Sociology and Political Science,926,0.207,Q3,exact_issn,high,TRUE,FALSE,TRUE,5700152854,Journal of Policy History,0.9,0.207,0.605,44,65,75,35,987,1530,35.0% 987/1530 Sociology and Political Science,Active,1989-2026,exact_issn,high,FALSE,,,,,,FALSE,FALSE,,,,,,,TRUE,,,FALSE,FALSE,TRUE,TRUE
ART00666,Treinta años de Mercosur. Cánon regionalista,treinta anos de mercosur canon regionalista,2021,published,TRUE,Cuadernos Americanos Nueva Época,cuadernos americanos nueva epoca,0185-156X,,,GERARDO CAETANO | Diego Hernández Nilson,single_source_row,not_applicable,,2,FALSE,Gerardo Caetano,1,FALSE,TRUE,JRN066,7,FALSE,FALSE,,,,,,,FALSE,,,,,,,,,,,,,FALSE,FALSE,FALSE,,,,,,,,,,,,,,,,,FALSE,,,,,,FALSE,FALSE,,,,,,,,,,,,TRUE,TRUE
ART00667,Uruguay 2020: El despliegue de la agenda de centro derecha en contexto de pandemia,uruguay 2020 el despliegue de la agenda de centro derecha en contexto de pandemia,2021,published,TRUE,Revista de Ciencia Política (Chile),revista de ciencia politica chile,0716-1417,0718-090X,,"MONESTIER, FELIPE | Rossel, Cecilia",single_source_row,not_applicable,,2,FALSE,Felipe Monestier,1,FALSE,TRUE,JRN280,28,TRUE,TRUE,5100152922,Revista de Ciencia Politica,79,0.975,Q1,28,TRUE,5100152922,Revista de Ciencia Politica,188,0.975,Q1,28,Political Science and International Relations,79,0.975,Q1,exact_issn,high,TRUE,TRUE,TRUE,5100152922,Revista de Ciencia Politica,3.4,0.975,1.404,79,258,77,77,166,745,77.0% 166/745 Political Science and International Relations,Active,2006-2025; 2002,exact_issn,high,TRUE,REVISTA DE CIENCIA POLÍTICA (SANTIAGO. EN LÍNEA),0718-090X,A1,exact_issn,high,TRUE,TRUE,TRUE,FALSE,Revista de ciencia política,https://www.latindex.org/latindex/ficha/14054,exact_normalized_name,high,TRUE,TRUE,TRUE,TRUE,TRUE,TRUE,TRUE
ART00668,Uruguay como estado pequeño en el Mercosur (1991-2020): una lectura desde la autonomía regional,uruguay como estado pequeno en el mercosur 1991 2020 una lectura desde la autonomia regional,2021,published,TRUE,Lua Nova Revista de Cultura e Política,lua nova revista de cultura e politica,,0102-6445,,"LÓPEZ, CAMILO | MÍGUEZ, CECILIA",single_source_row,not_applicable,,2,FALSE,Camilo López,1,FALSE,TRUE,JRN193,14,TRUE,FALSE,,,,,,,TRUE,5700164339,Lua Nova,1034,0.178,Q3,19,Sociology and Political Science,1034,0.178,Q3,exact_issn,high,TRUE,FALSE,TRUE,5700164339,Lua Nova,0.5,0.178,0.516,31,51,101,21,1209,1530,21.0% 1209/1530 Sociology and Political Science,Active,2006-2026,exact_issn,high,TRUE,LUA NOVA (IMPRESSO),0102-6445,A2,exact_issn,high,FALSE,FALSE,,,,,,,TRUE,TRUE,,FALSE,FALSE,TRUE,TRUE
ART00669,"Uruguay, los regionalismos y la integración regional: el Partido Nacional, su neoherrerismo y la desvinculación de la región como estrategia",uruguay los regionalismos y la integracion regional el partido nacional su neoherrerismo y la desvinculacion de la region como estrategia,2021,published,TRUE,Cadernos de Campo,cadernos de campo,,1415-0689,10.47284/2359-2419.2020.29.97124,"LÓPEZ, CAMILO | Diego Hernández Nilson",single_source_row,not_applicable,,2,FALSE,Camilo López,1,FALSE,TRUE,JRN040,16,FALSE,FALSE,,,,,,,FALSE,,,,,,,,,,,,,FALSE,FALSE,FALSE,,,,,,,,,,,,,,,,,TRUE,CADERNOS DE CAMPO (UNESP),1415-0689,A4,exact_issn,high,FALSE,FALSE,,,,,,,,TRUE,,,,TRUE,TRUE
ART00670,Using Pre-Analysis Plans in Qualitative Research,using pre analysis plans in qualitative research,2021,published,TRUE,Qualitative and Multi-Methods Research,qualitative and multi methods research,2153-6767,,10.5281/zenodo.5495552,Verónica Pérez Bentancur | RAFAEL PIÑEIRO RODRIGUEZ | FERNANDO ROSENBLATT,single_source_row,not_applicable,,3,FALSE,Verónica Pérez Bentancur,1,FALSE,TRUE,JRN255,2,FALSE,FALSE,,,,,,,FALSE,,,,,,,,,,,,,FALSE,FALSE,FALSE,,,,,,,,,,,,,,,,,FALSE,,,,,,FALSE,FALSE,,,,,,,,,,,,TRUE,TRUE
ART00671,Actitudes políticas hacia la descentralización: el rol de las ideas y los incentivos en el caso uruguayo,actitudes politicas hacia la descentralizacion el rol de las ideas y los incentivos en el caso uruguayo,2022,published,TRUE,Revista Brasileira de Políticas Públicas e Internacionais - RPPI,revista brasileira de politicas publicas e internacionais rppi,,2525-5584,10.22478/ufpb.2525-5584.2021v6n3.61122,"MARTÍN FREIGEDO | Matías | SELIOS, LUCÍA",single_source_row,not_applicable,,3,FALSE,Martín Freigedo,1,FALSE,TRUE,JRN273,,FALSE,FALSE,,,,,,,FALSE,,,,,,,,,,,,,FALSE,FALSE,FALSE,,,,,,,,,,,,,,,,,TRUE,REVISTA BRASILEIRA DE POLÍTICAS PÚBLICAS E INTERNACIONAIS,2525-5584,A4,exact_issn,high,FALSE,FALSE,,,,,,,,TRUE,,,,TRUE,TRUE
ART00672,Agents of Representation: The Organic Connection between Society and Leftist Parties in Bolivia and Uruguay,agents of representation the organic connection between society and leftist parties in bolivia and uruguay,2022,published,TRUE,Politics & Society,politics and society,0032-3292,1552-7514,10.1177/00323292211042442,Verónica Pérez Bentancur | Santiago Anria | RAFAEL PIÑEIRO RODRIGUEZ | FERNANDO ROSENBLATT,single_source_row,not_applicable,,4,FALSE,Verónica Pérez Bentancur,1,FALSE,TRUE,JRN243,52,TRUE,TRUE,23439,Politics and Society,38,1.482,Q1,89,TRUE,23439,Politics and Society,89,1.482,Q1,89,Political Science and International Relations,38,1.482,Q1,exact_issn,high,TRUE,TRUE,TRUE,23439,Politics and Society,7.6,1.482,3.187,82,598,79,96,26,745,96.0% 26/745 Political Science and International Relations,Active,1992-2026; 1970-1990,exact_issn,high,FALSE,,,,,,FALSE,FALSE,,,,,,,TRUE,,,TRUE,TRUE,TRUE,TRUE
ART00673,Ajustes en el sistema de protección uruguayo: la asistencia social bajo la lupa en el gobierno de derecha.,ajustes en el sistema de proteccion uruguayo la asistencia social bajo la lupa en el gobierno de derecha,2022,published,TRUE,Revista de Ciencias Sociales,revista de ciencias sociales,0328-2643,,,CARMEN MIDAGLIA | Marcelo Castillo,single_source_row,not_applicable,,2,FALSE,Carmen Midaglia,1,FALSE,TRUE,JRN282,,FALSE,FALSE,,,,,,,FALSE,,,,,,,,,,,,,FALSE,FALSE,FALSE,,,,,,,,,,,,,,,,,TRUE,REVISTA DE CIENCIAS SOCIALES,1688-4981,A2,exact_normalized_name,high,TRUE,TRUE,TRUE,FALSE,Revista de ciencias sociales - Universidad del Zulia. Facultad de Ciencias Económicas y Sociales,https://www.latindex.org/latindex/ficha/14132,exact_normalized_name,high,,TRUE,TRUE,,,TRUE,TRUE
ART00674,Análisis empírico del nuevo constitucionalismo comparado: avance de los derechos y déficit de republicanismo ?,analisis empirico del nuevo constitucionalismo comparado avance de los derechos y deficit de republicanismo,2022,accepted,TRUE,Revista Pilquen: Sección Ciencias Sociales,revista pilquen seccion ciencias sociales,,1851-3123,,JOSE MIGUEL BUSQUETS | OSCAR SARLO,single_source_row,not_applicable,,2,FALSE,José Busquets,1,FALSE,TRUE,JRN345,,FALSE,FALSE,,,,,,,FALSE,,,,,,,,,,,,,FALSE,FALSE,FALSE,,,,,,,,,,,,,,,,,TRUE,REVISTA PILQUEN. SECCIÓN CIENCIAS SOCIALES,1666-0579,A4,exact_normalized_name,high,FALSE,FALSE,,,,,,,,TRUE,,,,TRUE,TRUE
ART00675,Apuntes sobre pensar el neofascismo brasileño en clave global,apuntes sobre pensar el neofascismo brasileno en clave global,2022,published,TRUE,Esboços histórias em contextos globais,esbocos historias em contextos globais,,2175-7976,10.5007/2175-7976.2022.e91503,"LÓPEZ, CAMILO",single_source_row,not_applicable,,1,TRUE,Camilo López,1,FALSE,TRUE,JRN109,0,TRUE,FALSE,,,,,,,TRUE,21101028122,Esbocos,1209,0.133,Q4,5,Sociology and Political Science,1209,0.133,Q4,exact_issn,high,TRUE,FALSE,TRUE,21101028122,Esbocos,0.2,0.133,0.209,17,25,102,34,1258,1936,34.0% 1258/1936 History,Active,2019-2026,exact_issn,high,TRUE,ESBOÇOS,2175-7976,A1,exact_issn,high,FALSE,FALSE,,,,,,,TRUE,TRUE,,FALSE,FALSE,TRUE,TRUE
ART00676,"Archivo Sociedades en Movimiento, Facultad de Ciencias Sociales-Facultad de Humanidades y Ciencias de la Educación, Universidad de la República",archivo sociedades en movimiento facultad de ciencias sociales facultad de humanidades y ciencias de la educacion universidad de la republica,2022,published,TRUE,Contemporánea,contemporanea,1688-7638,1688-9746,,DIEGO SEMPOL,single_source_row,not_applicable,,1,TRUE,Diego Sempol,1,FALSE,TRUE,JRN060,0,FALSE,FALSE,,,,,,,FALSE,,,,,,,,,,,,,FALSE,FALSE,FALSE,,,,,,,,,,,,,,,,,FALSE,,,,ambiguous,low,FALSE,FALSE,,,,,,,,,,,,TRUE,TRUE
ART00677,?Cohabitación y Conflicto Latente: el escenario de las RIG en Uruguay 2020-25?,cohabitacion y conflicto latente el escenario de las rig en uruguay 2020 25,2022,published,TRUE,Revista Iberoamericana de Relaciones Intergubernamentales,revista iberoamericana de relaciones intergubernamentales,,2660-681X,,ANTONIO CARDARELLO | Gonzalo Puig Lombardo | Lucía Skocilich,single_source_row,not_applicable,,3,FALSE,Antonio Cardarello,1,FALSE,TRUE,JRN331,,FALSE,FALSE,,,,,,,FALSE,,,,,,,,,,,,,FALSE,FALSE,FALSE,,,,,,,,,,,,,,,,,FALSE,,,,,,FALSE,FALSE,,,,,,,,,,,,TRUE,TRUE
ART00678,Cómo América Latina ve a Europa,como america latina ve a europa,2022,published,FALSE,Nueva Sociedad,nueva sociedad,0251-3552,,,Carlos Luján,single_source_row,not_applicable,,1,TRUE,Carlos Luján,1,FALSE,TRUE,JRN205,,FALSE,FALSE,,,,,,,FALSE,,,,,,,,,,,,,FALSE,FALSE,FALSE,,,,,,,,,,,,,,,,,TRUE,NUEVA SOCIEDAD,0251-3552,A1,exact_issn,high,FALSE,FALSE,,,,,,,,TRUE,,,,TRUE,TRUE
ART00679,"Cono Sur, autoritarismos y disidencias sexo-genéricas",cono sur autoritarismos y disidencias sexo genericas,2022,published,TRUE,Revista uruguaya de ciencia política,revista uruguaya de ciencia politica,,1688-499X,10.26851/rucp.31.1.1,"DIEGO SEMPOL | D´Antonio, Debora",single_source_row,not_applicable,,2,FALSE,Diego Sempol,1,FALSE,TRUE,JRN351,0,FALSE,FALSE,,,,,,,FALSE,,,,,,,,,,,ambiguous,low,FALSE,FALSE,FALSE,,,,,,,,,,,,,,,ambiguous,low,TRUE,REVISTA URUGUAYA DE CIENCIA POLITICA,1688-499X,A1,exact_issn,high,TRUE,TRUE,TRUE,FALSE,Revista uruguaya de ciencia política,https://www.latindex.org/latindex/ficha/16727,exact_normalized_name,high,,TRUE,TRUE,,,TRUE,TRUE
ART00680,Consolidación histórica y sociopolítica del pensamiento latinoamericano. Entrevista a Gerardo Caetano,consolidacion historica y sociopolitica del pensamiento latinoamericano entrevista a gerardo caetano,2022,published,TRUE,Polisemia,polisemia,1900-4648,2590-8189,10.26620/uniminuto.polisemia.17.32,GERARDO CAETANO,single_source_row,not_applicable,,1,TRUE,Gerardo Caetano,1,FALSE,TRUE,JRN234,,FALSE,FALSE,,,,,,,FALSE,,,,,,,,,,,,,FALSE,FALSE,FALSE,,,,,,,,,,,,,,,,,FALSE,,,,,,FALSE,FALSE,,,,,,,,,,,,TRUE,TRUE
ART00681,Convención Constitucional y Participación de los Escaños Reservados Mapuche1,convencion constitucional y participacion de los escanos reservados mapuche1,2022,published,TRUE,Anuari del conflicte social,anuari del conflicte social,,2014-6760,10.1344/acs2022.13.5,GERMÁN BIDEGAIN | Víctor Tricot | Fernando Pairican,single_source_row,not_applicable,,3,FALSE,Germán Bidegain,1,FALSE,TRUE,JRN020,14,FALSE,FALSE,,,,,,,FALSE,,,,,,,,,,,,,FALSE,FALSE,FALSE,,,,,,,,,,,,,,,,,FALSE,,,,,,TRUE,TRUE,TRUE,FALSE,Anuari del conflicte social,https://www.latindex.org/latindex/ficha/24171,exact_normalized_name,high,,,TRUE,,,TRUE,TRUE
ART00682,Cultura política y opinión pública de nivel subnacional al nacional. Claves comparativas a nivel subnacional,cultura politica y opinion publica de nivel subnacional al nacional claves comparativas a nivel subnacional,2022,published,TRUE,Tempo Exterior,tempo exterior,1579-6582,2340-3497,,GERARDO CAETANO,single_source_row,not_applicable,,1,TRUE,Gerardo Caetano,1,FALSE,TRUE,JRN381,,FALSE,FALSE,,,,,,,FALSE,,,,,,,,,,,,,FALSE,FALSE,FALSE,,,,,,,,,,,,,,,,,TRUE,TEMPO EXTERIOR,1579-6582,A3,exact_issn,high,FALSE,FALSE,,,,,,,,TRUE,,,,TRUE,TRUE
ART00683,Decentralizing under uncertainty: informal relations and results-based management in the municipalization porcess in Uruguay,decentralizing under uncertainty informal relations and results based management in the municipalization process in uruguay,2023,published,TRUE,Public Organization Review,public organization review,1566-7170,1573-7098,10.1007/s11115-022-00693-y,ALEJANDRO MILANESI | MARTÍN FREIGEDO | JOSÉ RAÚL RODRÍGUEZ | José Raul Rodríguez Pinho,exact_doi,high,,4,FALSE,Alejandro Milanesi | José Raul Rodríguez Pinho,2,TRUE,TRUE,JRN254,,FALSE,FALSE,,,,,,,FALSE,,,,,,,,,,,,,FALSE,FALSE,FALSE,,,,,,,,,,,,,,,,,TRUE,PUBLIC ORGANIZATION REVIEW,1566-7170,A1,exact_issn,high,FALSE,FALSE,,,,,,,,TRUE,,,,TRUE,TRUE
ART00684,Dilemmas of substitution: Why the urban poor support punitive policing in a Latin American city,dilemmas of substitution why the urban poor support punitive policing in a latin american city,2022,published,TRUE,Journal of Urban Affairs,journal of urban affairs,0735-2166,1467-9906,10.1080/07352166.2022.2112902,Verónica Pérez Bentancur | LUCÍA TISCORNIA,single_source_row,not_applicable,,2,FALSE,Verónica Pérez Bentancur,1,FALSE,TRUE,JRN180,21,TRUE,FALSE,,,,,,,TRUE,13936,Journal of Urban Affairs,246,0.826,Q1,78,Sociology and Political Science,246,0.826,Q1,exact_issn,high,TRUE,FALSE,TRUE,13936,Journal of Urban Affairs,5.7,0.826,1.63,86,2471,435,88,171,1530,88.0% 171/1530 Sociology and Political Science,Active,1979-2026,exact_issn,high,TRUE,JOURNAL OF URBAN AFFAIRS,0735-2166,A1,exact_issn,high,FALSE,FALSE,,,,,,,TRUE,TRUE,,TRUE,TRUE,TRUE,TRUE
ART00685,"Discussing Structural, Systemic and Enabling Approaches to Socio-Environmental Transformations: Stimulating an Interdisciplinary and Plural Debate within the Social Sciences",discussing structural systemic and enabling approaches to socio environmental transformations stimulating an interdisciplinary and plural debate within the social sciences,2022,published,TRUE,Frontiers in Sociology,frontiers in sociology,,2297-7775,,ZURBRIGGEN | Marco Billi | Daniel Morchain,single_source_row,not_applicable,,3,FALSE,Cristina Zurbriggen,1,FALSE,TRUE,JRN132,,FALSE,FALSE,,,,,,,FALSE,,,,,,,,,,,,,FALSE,FALSE,FALSE,,,,,,,,,,,,,,,,,FALSE,,,,,,FALSE,FALSE,,,,,,,,,,,,TRUE,TRUE
ART00686,El concepto de democracia y un fragmento de su larga travesía. Iberoamérica. (1770-1870),el concepto de democracia y un fragmento de su larga travesia iberoamerica 1770 1870,2022,published,TRUE,Crítica Contemporánea,critica contemporanea,,1688-7840,10.55112/22.1.2,GERARDO CAETANO,single_source_row,not_applicable,,1,TRUE,Gerardo Caetano,1,FALSE,TRUE,JRN063,0,FALSE,FALSE,,,,,,,FALSE,,,,,,,,,,,,,FALSE,FALSE,FALSE,,,,,,,,,,,,,,,,,FALSE,,,,,,FALSE,FALSE,,,,,,,,,,,,TRUE,TRUE
ART00687,El ideal latinoamericano de universidad y la realidad del siglo XXI,el ideal latinoamericano de universidad y la realidad del siglo xxi,2022,published,TRUE,InterCambios: Dilemas y Transiciones de la Educación Superior,intercambios dilemas y transiciones de la educacion superior,,2301-0118,10.29156/inter.9.1.11,BENTANCUR NICOLÁS,single_source_row,not_applicable,,1,TRUE,Nicolás Bentancur,1,FALSE,TRUE,JRN154,0,FALSE,FALSE,,,,,,,FALSE,,,,,,,,,,,,,FALSE,FALSE,FALSE,,,,,,,,,,,,,,,,,FALSE,,,,,,FALSE,FALSE,,,,,,,,,,,,TRUE,TRUE
ART00688,El modelo burocrático de supervisión en la educación pública de Uruguay: convergencias y divergencias entre primaria y secundaria.,el modelo burocratico de supervision en la educacion publica de uruguay convergencias y divergencias entre primaria y secundaria,2022,published,TRUE,Gestión de la educación,gestion de la educacion,,2215-2288,,MARÍA ESTER MANCEBO | Dra. Margarita Romero,single_source_row,not_applicable,,2,FALSE,María Ester Mancebo,1,FALSE,TRUE,JRN134,,FALSE,FALSE,,,,,,,FALSE,,,,,,,,,,,,,FALSE,FALSE,FALSE,,,,,,,,,,,,,,,,,FALSE,,,,,,FALSE,FALSE,,,,,,,,,,,,TRUE,TRUE
ART00689,EL PREDOMINIO DEPARTAMENTAL DESPUÉS DE LA ALTERNANCIA EN URUGUAY. ELECCIONES DEPARTAMENTALES 2020,el predominio departamental despues de la alternancia en uruguay elecciones departamentales 2020,2022,published,TRUE,Ciencia Nueva Revista de Historia y Política,ciencia nueva revista de historia y politica,,2539-2662,,ANTONIO CARDARELLO | Gonzalo Puig,single_source_row,not_applicable,,2,FALSE,Antonio Cardarello,1,FALSE,TRUE,JRN048,,TRUE,TRUE,21101145379,"Ciencia Nueva, Revista de Historia y Politica",703,0.101,Q4,3,FALSE,,,,,,,Political Science and International Relations,703,0.101,Q4,exact_issn,high,TRUE,TRUE,FALSE,21101145379,"Ciencia Nueva, Revista de Historia y Politica",0.1,0.101,0.279,12,10,75,18,1581,1936,18.0% 1581/1936 History,Active,2019-2025,exact_issn,high,FALSE,,,,,,FALSE,FALSE,,,,,,,TRUE,,,FALSE,FALSE,TRUE,TRUE
ART00690,"Elección presidencial a tres vueltas: efectos de las primarias abiertas, simultáneas y obligatorias en Argentina y Uruguay",eleccion presidencial a tres vueltas efectos de las primarias abiertas simultaneas y obligatorias en argentina y uruguay,2022,published,TRUE,Opinião Pública,opiniao publica,,1807-0191,10.1590/1807-019120,"BUQUET, D | Gallo, A",single_source_row,not_applicable,,2,FALSE,Daniel Buquet,1,FALSE,TRUE,JRN213,41,TRUE,FALSE,,,,,,,TRUE,5100154603,Opiniao Publica,445,0.52,Q2,25,Sociology and Political Science,445,0.52,Q2,exact_issn,high,TRUE,FALSE,TRUE,5100154603,Opiniao Publica,1.5,0.52,1.294,44,148,97,51,736,1530,51.0% 736/1530 Sociology and Political Science,Active,2006-2026,exact_issn,high,TRUE,OPINIÃO PÚBLICA,1807-0191,A1,exact_issn,high,FALSE,FALSE,,,,,,,TRUE,TRUE,,FALSE,TRUE,TRUE,TRUE
ART00691,En el 8 de marzo nos dan calor. Memorias de expresas políticas uruguayas en la primavera feminista,en el 8 de marzo nos dan calor memorias de expresas politicas uruguayas en la primavera feminista,2022,published,TRUE,Revista Interdisciplinaria de Estudios de Género de El Colegio de México,revista interdisciplinaria de estudios de genero de el colegio de mexico,,2395-9185,10.24201/reg.v8i1.820,DE GIORGI,single_source_row,not_applicable,,1,TRUE,Ana Laura de Giorgi,1,FALSE,TRUE,JRN332,3,FALSE,FALSE,,,,,,,FALSE,,,,,,,,,,,,,FALSE,FALSE,FALSE,,,,,,,,,,,,,,,,,TRUE,REVISTA INTERDISCIPLINARIA DE ESTUDIOS DE GÉNERO DE EL COLEGIO DE MÉXICO,2395-9185,A2,exact_issn,high,FALSE,FALSE,,,,,,,,TRUE,,,,TRUE,TRUE
ART00692,"Enseñar con tecnologías digitales. La mirada de los directores escolares de Argentina, Chile y Uruguay.",ensenar con tecnologias digitales la mirada de los directores escolares de argentina chile y uruguay,2022,published,TRUE,RECIE Revista Caribeña de Investigación Educativa,recie revista caribena de investigacion educativa,2518-4415,2636-2147,,"MARÍA ESTER MANCEBO | VAILLANT, D.",single_source_row,not_applicable,,2,FALSE,María Ester Mancebo,1,FALSE,TRUE,JRN257,8,FALSE,FALSE,,,,,,,FALSE,,,,,,,,,,,,,FALSE,FALSE,FALSE,,,,,,,,,,,,,,,,,FALSE,,,,,,FALSE,FALSE,,,,,,,,,,,,TRUE,TRUE
ART00693,"Entrevista a Graciela Sapriza. Memorias de mujeres, voces feministas y la rebeldía de la historia",entrevista a graciela sapriza memorias de mujeres voces feministas y la rebeldia de la historia,2022,published,TRUE,Clepsidra,clepsidra,,2362-2075,,DE GIORGI,single_source_row,not_applicable,,1,TRUE,Ana Laura de Giorgi,1,FALSE,TRUE,JRN051,,FALSE,FALSE,,,,,,,FALSE,,,,,,,,,,,,,FALSE,FALSE,FALSE,,,,,,,,,,,,,,,,,FALSE,,,,,,FALSE,FALSE,,,,,,,,,,,,TRUE,TRUE
ART00694,Fuego amigo en la izquierda: El conflicto intrapartidario y la naturaleza de las políticas redistributivas en Uruguay,fuego amigo en la izquierda el conflicto intrapartidario y la naturaleza de las politicas redistributivas en uruguay,2022,published,TRUE,Colombia Internacional,colombia internacional,0121-5612,1900-6004,10.7440/colombiaint109.2022.01,"ANTÍA, FLORENCIA",single_source_row,not_applicable,,1,TRUE,Florencia Antía,1,FALSE,TRUE,JRN053,8,TRUE,TRUE,5800169849,Colombia Internacional,407,0.239,Q3,18,TRUE,5800169849,Colombia Internacional,837,0.239,Q3,18,Political Science and International Relations,407,0.239,Q3,exact_issn,high,TRUE,TRUE,TRUE,5800169849,Colombia Internacional,1.4,0.239,0.752,55,151,105,90,176,1936,90.0% 176/1936 History,Active,2011-2026,exact_issn,high,FALSE,,,,conflict,low,TRUE,TRUE,FALSE,TRUE,Colombia Internacional,https://www.latindex.org/latindex/ficha/4440,exact_normalized_name,high,TRUE,,TRUE,FALSE,FALSE,TRUE,TRUE
ART00695,Gobernanza ambiental en tiempos turbulentos.,gobernanza ambiental en tiempos turbulentos,2022,published,TRUE,Cuadernos del CLAEH,cuadernos del claeh,,0797-6062,10.29192/claeh.41.2.11,"ZURBRIGGEN | MAZZEO, N. | Daniel Pérez",single_source_row,not_applicable,,3,FALSE,Cristina Zurbriggen,1,FALSE,TRUE,JRN073,,FALSE,FALSE,,,,,,,FALSE,,,,,,,,,,,,,FALSE,FALSE,FALSE,,,,,,,,,,,,,,,,,FALSE,,,,,,FALSE,FALSE,,,,,,,,,,,,TRUE,TRUE
ART00696,"Gobiernos progresistas y políticas educativas en el Cono Sur de América Latina (2003-2020). Continuidades, innovaciones y legados institucionales",gobiernos progresistas y politicas educativas en el cono sur de america latina 2003 2020 continuidades innovaciones y legados institucionales,2022,published,TRUE,Revista Latinoamericana de Políticas y Administración de la Educación,revista latinoamericana de politicas y administracion de la educacion,,2408-4573,,BENTANCUR NICOLÁS,single_source_row,not_applicable,,1,TRUE,Nicolás Bentancur,1,FALSE,TRUE,JRN338,5,FALSE,FALSE,,,,,,,FALSE,,,,,,,,,,,,,FALSE,FALSE,FALSE,,,,,,,,,,,,,,,,,FALSE,,,,,,TRUE,TRUE,TRUE,FALSE,Revista latinoamericana de políticas y administración de la educación,https://www.latindex.org/latindex/ficha/23178,exact_normalized_name,high,,,TRUE,,,TRUE,TRUE
ART00697,How do basin committees deal with water crises? Reflections for adaptive water governance from South America,how do basin committees deal with water crises reflections for adaptive water governance from south america,2022,published,TRUE,Ecology and Society,ecology and society,1708-3087,,10.5751/es-13356-270242,MICAELA TRIMBLE | TOMÁS OLIVIER | LIDIANE A. P. ANJOS | NATALIA DIAS TADEU | GABRIEL GIORDANO | LARA MAC DONNELL | ROSANA LAURA | FRANCO SALVADORES | IGOR MATHEUS SANTANA-CHAVES | PEDRO H.C. TORRES | MIGUEL PASCUAL | PEDRO R. JACOBI | NÉSTOR MAZZEO | CRISTINA ZURBRIGGEN | LYDIA GARRIDO | ESTEBAN JOBBÁGY | CLAUDIA PAHL-WOSTL,single_source_row,not_applicable,,17,FALSE,Cristina Zurbriggen,1,FALSE,TRUE,JRN096,,FALSE,FALSE,,,,,,,FALSE,,,,,,,,,,,,,FALSE,FALSE,FALSE,,,,,,,,,,,,,,,,,FALSE,,,,,,FALSE,FALSE,,,,,,,,,,,,TRUE,TRUE
ART00698,Iteration in Mixed-Methods Research Designs Combining Experiments and Fieldwork,iteration in mixed methods research designs combining experiments and fieldwork,2022,published,TRUE,Sociological Methods & Research,sociological methods and research,0049-1241,1552-8294,10.1177/00491241221082595,Verónica Pérez Bentancur | LUCÍA TISCORNIA,single_source_row,not_applicable,,2,FALSE,Verónica Pérez Bentancur,1,FALSE,TRUE,JRN368,35,TRUE,FALSE,,,,,,,TRUE,18091,Sociological Methods and Research,16,3.471,Q1,106,Sociology and Political Science,16,3.471,Q1,exact_issn,high,TRUE,FALSE,TRUE,18091,Sociological Methods and Research,16.2,3.471,4.293,92,3485,215,99,5,1530,99.0% 5/1530 Sociology and Political Science,Active,1972-2026,exact_issn,high,FALSE,,,,,,FALSE,FALSE,,,,,,,TRUE,,,TRUE,TRUE,TRUE,TRUE
ART00699,"""""La Creciente Concentración del Poder Local: La Performance del Partido Nacional en las Elecciones Municipales en Uruguay 2020""""",la creciente concentracion del poder local la performance del partido nacional en las elecciones municipales en uruguay 2020,2022,published,TRUE,Revista Elecciones,revista elecciones,1994-5272,1995-6290,10.53557/elecciones,ANTONIO CARDARELLO | Gonzalo Puig,single_source_row,not_applicable,,2,FALSE,Antonio Cardarello,1,FALSE,TRUE,JRN315,,FALSE,FALSE,,,,,,,FALSE,,,,,,,,,,,,,FALSE,FALSE,FALSE,,,,,,,,,,,,,,,,,FALSE,,,,conflict,low,FALSE,FALSE,,,,,,,,,,,,TRUE,TRUE
ART00700,La despenalización del aborto en tres causales en Chile: legado conservador y agencia de las mujeres de centro-izquierda,la despenalizacion del aborto en tres causales en chile legado conservador y agencia de las mujeres de centro izquierda,2022,published,TRUE,Revista Ecuatoriana de Ciencia Política,revista ecuatoriana de ciencia politica,2953-643X,,,Verónica Pérez Bentancur,single_source_row,not_applicable,,1,TRUE,Verónica Pérez Bentancur,1,FALSE,TRUE,JRN314,7,FALSE,FALSE,,,,,,,FALSE,,,,,,,,,,,,,FALSE,FALSE,FALSE,,,,,,,,,,,,,,,,,FALSE,,,,,,FALSE,FALSE,,,,,,,,,,,,TRUE,TRUE
ART00701,La guerra en Ucrania y los partidos políticos. Posiciones en la Argentina y en Uruguay,la guerra en ucrania y los partidos politicos posiciones en la argentina y en uruguay,2022,published,TRUE,Revista Estado y Políticas Públicas,revista estado y politicas publicas,2413-8274,2310-550X,,"MÍGUEZ, María Cecilia | HERNÁNDEZ NILSON, Diego | LÓPEZ, CAMILO",single_source_row,not_applicable,,3,FALSE,Camilo López,1,FALSE,TRUE,JRN321,5,FALSE,FALSE,,,,,,,FALSE,,,,,,,,,,,,,FALSE,FALSE,FALSE,,,,,,,,,,,,,,,,,TRUE,REVISTA ESTADO Y POLÍTICAS PÚBLICAS,2310-550X,A3,exact_issn,high,FALSE,FALSE,,,,,,,,TRUE,,,,TRUE,TRUE
ART00702,La ineptitud moral en la Educación Primaria: la destitución de maestros homosexuales durante la dictadura civil-militar uruguaya (1973-1984),la ineptitud moral en la educacion primaria la destitucion de maestros homosexuales durante la dictadura civil militar uruguaya 1973 1984,2022,published,TRUE,Anos 90,anos 90,,1983-201X,10.22456/1983-201x.120408,Diego Sempol,single_source_row,not_applicable,,1,TRUE,Diego Sempol,1,FALSE,TRUE,JRN019,5,FALSE,FALSE,,,,,,,FALSE,,,,,,,,,,,,,FALSE,FALSE,FALSE,,,,,,,,,,,,,,,,,TRUE,ANOS 90 (ONLINE) (PORTO ALEGRE),1983-201X,A1,exact_issn,high,FALSE,FALSE,,,,,,,,TRUE,,,,TRUE,TRUE
ART00703,La universitarización de la formación docente en Uruguay: entre mitos y opciones de política pública,la universitarizacion de la formacion docente en uruguay entre mitos y opciones de politica publica,2022,published,TRUE,InterCambios: Dilemas y Transiciones de la Educación Superior,intercambios dilemas y transiciones de la educacion superior,,2301-0118,,MARÍA ESTER MANCEBO,single_source_row,not_applicable,,1,TRUE,María Ester Mancebo,1,FALSE,TRUE,JRN154,3,FALSE,FALSE,,,,,,,FALSE,,,,,,,,,,,,,FALSE,FALSE,FALSE,,,,,,,,,,,,,,,,,FALSE,,,,,,FALSE,FALSE,,,,,,,,,,,,TRUE,TRUE
ART00704,Las agencias de gobierno en Uruguay: características y autonomía de la administración descentralizada,las agencias de gobierno en uruguay caracteristicas y autonomia de la administracion descentralizada,2022,published,TRUE,"Reforma y Democracia, 83",reforma y democracia 83,1315-2378,2443-4620,,"MARTÍN FREIGEDO | FUENTES, G. | ALEJANDRO MILANESI | RAMOS CONRADO | RUIZ DIAZ, MATIAS",exact_title_year_journal,high,,5,FALSE,Guillermo Fuentes | Alejandro Milanesi,2,TRUE,TRUE,JRN260,1,TRUE,FALSE,,,,,,,TRUE,19700173159,Reforma y Democracia,1115,0.156,Q4,9,Sociology and Political Science,1115,0.156,Q4,exact_issn,high,TRUE,FALSE,TRUE,19700173159,Reforma y Democracia,0.4,0.156,0.24,19,31,85,14,1305,1530,14.0% 1305/1530 Sociology and Political Science,Active,2008-2026,exact_issn,high,TRUE,REVISTA DEL CLAD REFORMA Y DEMOCRACIA,1315-2378,B1,exact_issn,high,FALSE,FALSE,,,,,,,TRUE,TRUE,,FALSE,FALSE,TRUE,TRUE
ART00705,Motivando transiciones hacia futuros sostenibles y resilientes: SARAS T-LAB en América Latina,motivando transiciones hacia futuros sostenibles y resilientes saras t lab en america latina,2022,published,TRUE,Cuadernos del Centro de Estudios de Diseño y Comunicación,cuadernos del centro de estudios de diseno y comunicacion,1668-0227,1853-3523,10.18682/cdc.vi157.6848,SILVANA JURI | CRISTINA ZURBRIGGEN,single_source_row,not_applicable,,2,FALSE,Cristina Zurbriggen,1,FALSE,TRUE,JRN072,,FALSE,FALSE,,,,,,,FALSE,,,,,,,,,,,,,FALSE,FALSE,FALSE,,,,,,,,,,,,,,,,,FALSE,,,,,,FALSE,FALSE,,,,,,,,,,,,TRUE,TRUE
ART00706,Política social y laboral en el Cono Sur en el siglo XXI. Progresos y retrocesos en un nuevo contexto político,politica social y laboral en el cono sur en el siglo xxi progresos y retrocesos en un nuevo contexto politico,2022,published,TRUE,Gestión y Análisis de Políticas Públicas,gestion y analisis de politicas publicas,1134-6035,1989-8991,10.24965/gapp,CARMEN MIDAGLIA | MARCELO CASTILLO,single_source_row,not_applicable,,2,FALSE,Carmen Midaglia,1,FALSE,TRUE,JRN135,,FALSE,FALSE,,,,,,,FALSE,,,,,,,,,,,,,FALSE,FALSE,FALSE,,,,,,,,,,,,,,,,,FALSE,,,,,,TRUE,TRUE,TRUE,FALSE,Gestión y análisis de políticas públicas,https://www.latindex.org/latindex/ficha/8032,exact_normalized_name,high,,,TRUE,,,TRUE,TRUE
ART00707,The 2020 subnational elections in Uruguay: The consolidation of the Right-Wing Electoral Power in the territory,the 2020 subnational elections in uruguay the consolidation of the right wing electoral power in the territory,2022,published,TRUE,Regional & Federal Studies,regional and federal studies,1359-7566,1743-9434,10.1080/13597566.2022.2029850,MARTÍN FREIGEDO,single_source_row,not_applicable,,1,TRUE,Martín Freigedo,1,FALSE,TRUE,JRN261,0,TRUE,TRUE,27574,Regional and Federal Studies,170,0.635,Q1,48,FALSE,,,,,,,Political Science and International Relations,170,0.635,Q1,exact_issn,high,TRUE,TRUE,FALSE,27574,Regional and Federal Studies,3.8,0.635,1.219,84,506,134,80,149,745,80.0% 149/745 Political Science and International Relations,Active,1995-2026,exact_issn,high,FALSE,,,,,,FALSE,FALSE,,,,,,,TRUE,,,TRUE,TRUE,TRUE,TRUE
ART00708,Transparency and Replicability in Mixed-Methods Designs using Experiments,transparency and replicability in mixed methods designs using experiments,2022,published,TRUE,Qualitative and Multi-Methods Research,qualitative and multi methods research,2153-6767,,10.5281/zenodo.6448122,Verónica Pérez Bentancur | LUCÍA TISCORNIA,single_source_row,not_applicable,,2,FALSE,Verónica Pérez Bentancur,1,FALSE,TRUE,JRN255,0,FALSE,FALSE,,,,,,,FALSE,,,,,,,,,,,,,FALSE,FALSE,FALSE,,,,,,,,,,,,,,,,,FALSE,,,,,,FALSE,FALSE,,,,,,,,,,,,TRUE,TRUE
ART00709,Uruguay,uruguay,2022,published,TRUE,Frontiers in Sustainable Food Systems,frontiers in sustainable food systems,,2571-581X,10.3389/fsufs.2022.887034,"ZURBRIGGEN | Meerhoff | Juri | MAZZEO, N. | TRIMBLE, M. | Esteban Jobbajy | Cheguhem Riani, Mauricio | Laurie Beth Clark | Matilda Baraibar | Jorge Marcone",single_source_row,not_applicable,,10,FALSE,Cristina Zurbriggen,1,FALSE,TRUE,JRN133,,FALSE,FALSE,,,,,,,FALSE,,,,,,,,,,,,,FALSE,FALSE,FALSE,,,,,,,,,,,,,,,,,FALSE,,,,,,FALSE,FALSE,,,,,,,,,,,,TRUE,TRUE
ART00710,"Uruguay 2021: entre la urgencia, el freno y un nuevo comienzo para el gobierno de coalición",uruguay 2021 entre la urgencia el freno y un nuevo comienzo para el gobierno de coalicion,2022,published,TRUE,"Revista de ciencia política (Santiago), 2",revista de ciencia politica santiago 2,,0718-090X,10.4067/s0718-090x2022005000121,Nicolás Schmidt | Lorena Repetto,exact_doi,high,,2,FALSE,Lorena Repetto | Nicolás Schmidt,2,TRUE,TRUE,JRN280,15,TRUE,TRUE,5100152922,Revista de Ciencia Politica,79,0.975,Q1,28,TRUE,5100152922,Revista de Ciencia Politica,188,0.975,Q1,28,Political Science and International Relations,79,0.975,Q1,exact_issn,high,TRUE,TRUE,TRUE,5100152922,Revista de Ciencia Politica,3.4,0.975,1.404,79,258,77,77,166,745,77.0% 166/745 Political Science and International Relations,Active,2006-2025; 2002,exact_issn,high,TRUE,REVISTA DE CIENCIA POLÍTICA (SANTIAGO. EN LÍNEA),0718-090X,A1,exact_issn,high,TRUE,TRUE,TRUE,FALSE,Revista de ciencia política,https://www.latindex.org/latindex/ficha/14054,exact_normalized_name,high,TRUE,TRUE,TRUE,TRUE,TRUE,TRUE,TRUE
ART00711,Uruguay en el fin del ciclo progresista: un análisis del proceso electoral del 2019,uruguay en el fin del ciclo progresista un analisis del proceso electoral del 2019,2022,published,TRUE,Civitas - Revista de Ciências Sociais,civitas revista de ciencias sociais,1519-6089,1984-7289,10.15448/1984-7289.2022.1.39801,"LUJÁN, DIEGO | ANTONIO CARDARELLO | Nicolás Schmidt",doi_propagated_by_title_year_journal,high,,3,FALSE,Antonio Cardarello | Diego Luján | Nicolás Schmidt,3,TRUE,TRUE,JRN049,4,TRUE,FALSE,,,,,,,TRUE,21100877661,Civitas,1324,0.115,Q4,8,Sociology and Political Science,1324,0.115,Q4,exact_issn,high,TRUE,FALSE,TRUE,21100877661,Civitas,0.4,0.115,0.316,26,58,146,40,851,1434,40.0% 851/1434 Cultural Studies,Active,2018-2026,exact_issn,high,FALSE,,,,conflict,low,FALSE,FALSE,,,,,,,TRUE,,,FALSE,FALSE,TRUE,TRUE
ART00712,"El giro a la derecha en Uruguay, su economía política y la política exterior (2020-2023): Impulsos y frenos",el giro a la derecha en uruguay su economia politica y la politica exterior 2020 2023 impulsos y frenos,2024,published,TRUE,Teoria & Pesquisa Revista de Ciência Política,teoria and pesquisa revista de ciencia politica,,2236-0107,10.14244/tp.v32iesp.3.1037,"ROCHA-CARPIUC | LÓPEZ, CAMILO | Diego Hernández Nilson",exact_doi,high,,3,FALSE,Camilo López | Cecilia Rocha-Carpiuc,2,TRUE,TRUE,JRN382,5,FALSE,FALSE,,,,,,,FALSE,,,,,,,,,,,,,FALSE,FALSE,FALSE,,,,,,,,,,,,,,,,,TRUE,TEORIA & PESQUISA (ON LINE),2236-0107,A4,exact_issn,high,FALSE,FALSE,,,,,,,,TRUE,,,,TRUE,TRUE
ART00713,Autonomía local en la gestión de las políticas públicas en el territorio: el caso del gobierno central uruguayo durante los gobiernos del frente amplio,autonomia local en la gestion de las politicas publicas en el territorio el caso del gobierno central uruguayo durante los gobiernos del frente amplio,2023,published,TRUE,Revista iberoamericana de estudios municipales,revista iberoamericana de estudios municipales,,0718-8838 | 0719-1790,10.32457/riem27.2351,"CARNEIRO | MARTÍN FREIGEDO | FUENTES, G.",doi_propagated_by_title_year_journal,high,,3,FALSE,Fabricio Carneiro | Martín Freigedo | Guillermo Fuentes,3,TRUE,TRUE,JRN329,2,FALSE,FALSE,,,,,,,FALSE,,,,,,,,,,,,,FALSE,FALSE,FALSE,,,,,,,,,,,,,,,,,TRUE,REVISTA IBEROAMERICANA DE ESTUDIOS MUNICIPALES,0719-1790,A4,exact_issn,high,TRUE,TRUE,TRUE,FALSE,Revista iberoamericana de estudios municipales,https://www.latindex.org/latindex/ficha/22784,exact_normalized_name,high,,TRUE,TRUE,,,TRUE,TRUE
ART00714,Buying time to work outside: the effect of legislative leave reform in Uruguay (1994?2020),buying time to work outside the effect of legislative leave reform in uruguay 1994 2020,2023,published,TRUE,Parliaments Estates and Representation,parliaments estates and representation,0260-6755,1947-248X,,"CHASQUETTI, DANIEL",single_source_row,not_applicable,,1,TRUE,Daniel Chasquetti,1,FALSE,TRUE,JRN218,0,TRUE,FALSE,,,,,,,TRUE,19900191837,"Parliaments, Estates and Representation",1106,0.158,Q3,11,Sociology and Political Science,1106,0.158,Q3,exact_issn,high,TRUE,FALSE,TRUE,19900191837,"Parliaments, Estates and Representation",0.4,0.158,0,24,35,86,53,906,1936,53.0% 906/1936 History,Active,1981-2026,exact_issn,high,FALSE,,,,,,FALSE,FALSE,,,,,,,TRUE,,,FALSE,FALSE,TRUE,TRUE
ART00715,Decentralizing under uncertainty: informal relations and control mechanisms in the municipalization process in Uruguay,decentralizing under uncertainty informal relations and control mechanisms in the municipalization process in uruguay,2023,published,TRUE,Public Organization Review,public organization review,1566-7170,1573-7098,,MARTÍN FREIGEDO | ALEJANDRO MILANESI | JOSÉ RAÚL RODRÍGUEZ,single_source_row,not_applicable,,3,FALSE,Martín Freigedo,1,FALSE,TRUE,JRN254,,FALSE,FALSE,,,,,,,FALSE,,,,,,,,,,,,,FALSE,FALSE,FALSE,,,,,,,,,,,,,,,,,TRUE,PUBLIC ORGANIZATION REVIEW,1566-7170,A1,exact_issn,high,FALSE,FALSE,,,,,,,,TRUE,,,,TRUE,TRUE
ART00716,Derechas neopatriotas y fuerzas armadas en América Latina. Una mirada desde las relaciones civiles militares,derechas neopatriotas y fuerzas armadas en america latina una mirada desde las relaciones civiles militares,2023,published,TRUE,Estudos Ibero-Americanos,estudos ibero americanos,0101-4064,1980-864X,10.15448/1980-864x.2023.1.44033,"SANAHUJA, José Antonio | VITELLI, Marina | LÓPEZ, CAMILO",single_source_row,not_applicable,,3,FALSE,Camilo López,1,FALSE,TRUE,JRN122,13,FALSE,FALSE,,,,,,,FALSE,,,,,,,,,,,,,FALSE,FALSE,FALSE,,,,,,,,,,,,,,,,,FALSE,,,,conflict,low,FALSE,FALSE,,,,,,,,,,,,TRUE,TRUE
ART00717,Derechos Humanos y personas LGTIBQ+: la emergencia de una memoria de la disidencia sexo-genérica uruguaya,derechos humanos y personas lgtibq la emergencia de una memoria de la disidencia sexo generica uruguaya,2023,published,TRUE,Latin American Human Rights Studies,latin american human rights studies,,2763-8162,,Diego Sempol,single_source_row,not_applicable,,1,TRUE,Diego Sempol,1,FALSE,TRUE,JRN185,,FALSE,FALSE,,,,,,,FALSE,,,,,,,,,,,,,FALSE,FALSE,FALSE,,,,,,,,,,,,,,,,,TRUE,LATIN AMERICAN HUMAN RIGHTS STUDIES,2763-8162,A4,exact_issn,high,FALSE,FALSE,,,,,,,,TRUE,,,,TRUE,TRUE
ART00718,Derechos humanos y surgimiento de una política homosexual en Argentina y Uruguay (1983-1989),derechos humanos y surgimiento de una politica homosexual en argentina y uruguay 1983 1989,2023,published,TRUE,Diálogo Andino,dialogo andino,0716-2278,0719-2681,,Diego Sempol,single_source_row,not_applicable,,1,TRUE,Diego Sempol,1,FALSE,TRUE,JRN090,2,FALSE,FALSE,,,,,,,FALSE,,,,,,,,,,,,,FALSE,FALSE,FALSE,,,,,,,,,,,,,,,,,FALSE,,,,,,FALSE,FALSE,,,,,,,,,,,,TRUE,TRUE
ART00719,Direct democracy in the Hands of the Opposition Under Alternating Ideological Coalitions in Uruguay (1985-2022),direct democracy in the hands of the opposition under alternating ideological coalitions in uruguay 1985 2022,2023,published,TRUE,Journal of Politics in Latin America,journal of politics in latin america,1866-802X,1868-4890,10.1177/1866802x231183454,"ANTÍA, FLORENCIA | Daniela VAIRO QUEIROLO",exact_doi,high,,2,FALSE,Florencia Antía | Daniela Vairo,2,TRUE,TRUE,JRN177,4,TRUE,TRUE,19900191425,Journal of Politics in Latin America,90,0.927,Q1,21,TRUE,19900191425,Journal of Politics in Latin America,201,0.927,Q1,21,Political Science and International Relations,90,0.927,Q1,exact_issn,high,TRUE,TRUE,TRUE,19900191425,Journal of Politics in Latin America,2.8,0.927,1.501,62,187,66,72,203,745,72.0% 203/745 Political Science and International Relations,Active,2015-2026,exact_issn,high,FALSE,,,,conflict,low,FALSE,FALSE,,,,,,,TRUE,,,TRUE,TRUE,TRUE,TRUE
ART00720,"Discursos y prácticas en la política exterior de Uruguay (2020-2022). China, Mercosur y después",discursos y practicas en la politica exterior de uruguay 2020 2022 china mercosur y despues,2023,published,TRUE,Anuario del Área Socio-Jurídica,anuario del area socio juridica,,1688-5465,,Carlos Luján,single_source_row,not_applicable,,1,TRUE,Carlos Luján,1,FALSE,TRUE,JRN022,,FALSE,FALSE,,,,,,,FALSE,,,,,,,,,,,,,FALSE,FALSE,FALSE,,,,,,,,,,,,,,,,,FALSE,,,,,,FALSE,FALSE,,,,,,,,,,,,TRUE,TRUE
ART00721,El campo de estudio del Estado y las Políticas Públicas en Uruguay: desarrollos académicos y conocimiento aplicado.,el campo de estudio del estado y las politicas publicas en uruguay desarrollos academicos y conocimiento aplicado,2023,published,TRUE,Revista Estado y Políticas Públicas,revista estado y politicas publicas,2413-8274,2310-550X,,ALEJANDRO MILANESI | BENTANCUR NICOLÁS | Rodrigo Martínez,exact_title_year_journal,high,,3,FALSE,Nicolás Bentancur | Alejandro Milanesi,2,TRUE,TRUE,JRN321,,FALSE,FALSE,,,,,,,FALSE,,,,,,,,,,,,,FALSE,FALSE,FALSE,,,,,,,,,,,,,,,,,TRUE,REVISTA ESTADO Y POLÍTICAS PÚBLICAS,2310-550X,A3,exact_issn,high,FALSE,FALSE,,,,,,,,TRUE,,,,TRUE,TRUE
ART00722,?El contagio electoral durante la pandemia de Covid-19. Elecciones subnacionales de 2020 en Uruguay?,el contagio electoral durante la pandemia de covid 19 elecciones subnacionales de 2020 en uruguay,2023,published,TRUE,Revista Elecciones,revista elecciones,1994-5272,1995-6290,10.53557/elecciones.2023.v22n25.07,José Raúl Rodríguez | Antonio Cardarello Iglesias | José Raul Rodríguez Pinho,doi_propagated_by_title_year_journal,high,,3,FALSE,Antonio Cardarello | José Raul Rodríguez Pinho,2,TRUE,TRUE,JRN315,,FALSE,FALSE,,,,,,,FALSE,,,,,,,,,,,,,FALSE,FALSE,FALSE,,,,,,,,,,,,,,,,,FALSE,,,,conflict,low,FALSE,FALSE,,,,,,,,,,,,TRUE,TRUE
ART00723,El estudio de las políticas públicas desde la Ciencia Política: miradas latinoamericanas,el estudio de las politicas publicas desde la ciencia politica miradas latinoamericanas,2023,published,TRUE,Gestión y Política Pública,gestion y politica publica,1405-1079,2448-9182,10.60583/gypp.v32i2.8127,GERMÁN BIDEGAIN | BENTANCUR NICOLÁS | Rodrigo Martínez,exact_doi,high,,3,FALSE,Nicolás Bentancur | Germán Bidegain,2,TRUE,TRUE,JRN136,33,TRUE,TRUE,22826,Gestion y Politica Publica,415,0.233,Q3,16,FALSE,,,,,,,Political Science and International Relations,415,0.233,Q3,exact_issn,high,FALSE,FALSE,FALSE,,,,,,,,,,,,,,,,,FALSE,,,,,,TRUE,TRUE,TRUE,FALSE,Gestión y política pública,https://www.latindex.org/latindex/ficha/8036,exact_normalized_name,high,TRUE,,TRUE,FALSE,FALSE,TRUE,TRUE
ART00724,El Régimen Político de Conocimiento en acción: Ciencia y política en la respuesta al COVID-19 en Uruguay (2020-2021),el regimen politico de conocimiento en accion ciencia y politica en la respuesta al covid 19 en uruguay 2020 2021,2023,published,TRUE,Revista Estudios de Políticas Públicas,revista estudios de politicas publicas,,0719-6296,10.5354/0719-6296.2023.70751,ADOLFO GARCÉ GARCÍA Y SANTOS,single_source_row,not_applicable,,1,TRUE,Adolfo Garcé,1,FALSE,TRUE,JRN323,,FALSE,FALSE,,,,,,,FALSE,,,,,,,,,,,,,FALSE,FALSE,FALSE,,,,,,,,,,,,,,,,,FALSE,,,,,,FALSE,FALSE,,,,,,,,,,,,TRUE,TRUE
ART00725,El rol de la Suprema Corte de Justicia ante la judicialización de la salud en Uruguay. Aportes para la descripción de la cultura jurídica uruguaya,el rol de la suprema corte de justicia ante la judicializacion de la salud en uruguay aportes para la descripcion de la cultura juridica uruguaya,2024,published,TRUE,International Journal of Constitutional Law,international journal of constitutional law,1474-2640,1474-2659,10.1093/icon/moad079,"ANTÍA, FLORENCIA | DANIELA VAIRO | Giudice, Lucía",exact_doi,high,,3,FALSE,Florencia Antía | Daniela Vairo,2,TRUE,TRUE,JRN158,7,FALSE,FALSE,,,,,,,FALSE,,,,,,,,,,,,,FALSE,FALSE,FALSE,,,,,,,,,,,,,,,,,FALSE,,,,,,FALSE,FALSE,,,,,,,,,,,,TRUE,TRUE
ART00726,Elecciones subnacionales en Uruguay y la ?ley de Duverger?,elecciones subnacionales en uruguay y la ley de duverger,2023,published,TRUE,Política y Gobierno,politica y gobierno,1405-1060,1665-2037,,"BUQUET, D | RAFAEL PIÑEIRO RODRIGUEZ",single_source_row,not_applicable,,2,FALSE,Daniel Buquet,1,FALSE,TRUE,JRN239,1,TRUE,TRUE,19600165500,Politica y Gobierno,579,0.136,Q4,17,FALSE,,,,,,,Political Science and International Relations,579,0.136,Q4,exact_issn,high,TRUE,TRUE,FALSE,19600165500,Politica y Gobierno,1.3,0.136,0.306,43,59,46,47,393,745,47.0% 393/745 Political Science and International Relations,Active,2005-2026; 2000-2003,exact_issn,high,TRUE,POLITICA Y GOBIERNO,1665-2037,A1,exact_issn,high,FALSE,FALSE,,,,,,,TRUE,TRUE,,FALSE,FALSE,TRUE,TRUE
ART00727,"Electoral Volatility and Political Polarization in Developing Democracies: Evidence from Latin America, 1993-2016",electoral volatility and political polarization in developing democracies evidence from latin america 1993 2016,2023,published,TRUE,Party Politics,party politics,1354-0688,1460-3683,10.1177/13540688221095098,MORAES | Béjar,single_source_row,not_applicable,,2,FALSE,Juan Andrés Moraes,1,FALSE,TRUE,JRN220,46,TRUE,FALSE,,,,,,,TRUE,67863,Party Politics,55,1.93,Q1,98,Sociology and Political Science,55,1.93,Q1,exact_issn,high,TRUE,FALSE,TRUE,67863,Party Politics,6.2,1.93,1.968,86,2149,348,90,140,1530,90.0% 140/1530 Sociology and Political Science,Active,1995-2026,exact_issn,high,TRUE,PARTY POLITICS,1354-0688,A1,exact_issn,high,FALSE,FALSE,,,,,,,TRUE,TRUE,,TRUE,TRUE,TRUE,TRUE
ART00728,Entre Europa y América Latina. El feminismo uruguayo de los ochenta y la búsqueda de sus orígenes,entre europa y america latina el feminismo uruguayo de los ochenta y la busqueda de sus origenes,2023,published,TRUE,Diálogo andino,dialogo andino,,0719-2681,10.4067/s0719-26812023000100023,DE GIORGI,single_source_row,not_applicable,,1,TRUE,Ana Laura de Giorgi,1,FALSE,TRUE,JRN090,7,FALSE,FALSE,,,,,,,FALSE,,,,,,,,,,,,,FALSE,FALSE,FALSE,,,,,,,,,,,,,,,,,FALSE,,,,,,FALSE,FALSE,,,,,,,,,,,,TRUE,TRUE
ART00729,Estimating parties? policy positions in Uruguay: comparing scaling methods based on legislative speeches and roll-call votes,estimating parties policy positions in uruguay comparing scaling methods based on legislative speeches and roll call votes,2023,published,TRUE,Latin American Politics and Society,latin american politics and society,1531-426X,1548-2456,10.1017/lap.2023.12,"LUJÁN, DIEGO | Nicolás Schmidt | Juan A. Moraes",exact_doi,high,,3,FALSE,Diego Luján | Juan Andrés Moraes | Nicolás Schmidt,3,TRUE,TRUE,JRN188,5,TRUE,TRUE,26459,Latin American Politics and Society,63,1.107,Q1,58,TRUE,26459,Latin American Politics and Society,153,1.107,Q1,58,Political Science and International Relations,63,1.107,Q1,exact_issn,high,TRUE,TRUE,TRUE,26459,Latin American Politics and Society,3,1.107,1.384,69,341,113,75,186,745,75.0% 186/745 Political Science and International Relations,Active,2001-2026,exact_issn,high,FALSE,,,,conflict,low,FALSE,FALSE,,,,,,,TRUE,,,TRUE,TRUE,TRUE,TRUE
ART00730,Explaining the Impact of Legal Access to Cannabis on Attitudes toward Users,explaining the impact of legal access to cannabis on attitudes toward users,2023,published,TRUE,International Journal of Public Opinion Research,international journal of public opinion research,,1471-6909,10.1093/ijpor/edad010,"REPETTO, LORENA | MARÍA DEL ROSARIO QUEIROLO VELASCO | Alvarez, Eliana | Ninguna",single_source_row,not_applicable,,4,FALSE,Lorena Repetto,1,FALSE,TRUE,JRN161,8,TRUE,FALSE,,,,,,,TRUE,19774,International Journal of Public Opinion Research,294,0.726,Q1,73,Sociology and Political Science,294,0.726,Q1,exact_issn,high,TRUE,FALSE,TRUE,19774,International Journal of Public Opinion Research,2.1,0.726,0.887,57,457,213,61,587,1530,61.0% 587/1530 Sociology and Political Science,Active,1989-2026,exact_issn,high,TRUE,INTERNATIONAL JOURNAL OF PUBLIC OPINION RESEARCH,0954-2892,A2,exact_normalized_name,high,FALSE,FALSE,,,,,,,TRUE,TRUE,,TRUE,TRUE,TRUE,TRUE
ART00731,"Foreign Policy Specificity: An Analysis of Ministerial Survival in Latin America, 1945-2020",foreign policy specificity an analysis of ministerial survival in latin america 1945 2020,2023,published,TRUE,Latin American Politics and Society,latin american politics and society,1531-426X,1548-2456,10.1017/lap.2023.21,"FELIÚ RIBEIRO, PEDRO | LÓPEZ, CAMILO",single_source_row,not_applicable,,2,FALSE,Camilo López,1,FALSE,TRUE,JRN188,4,TRUE,TRUE,26459,Latin American Politics and Society,63,1.107,Q1,58,TRUE,26459,Latin American Politics and Society,153,1.107,Q1,58,Political Science and International Relations,63,1.107,Q1,exact_issn,high,TRUE,TRUE,TRUE,26459,Latin American Politics and Society,3,1.107,1.384,69,341,113,75,186,745,75.0% 186/745 Political Science and International Relations,Active,2001-2026,exact_issn,high,FALSE,,,,conflict,low,FALSE,FALSE,,,,,,,TRUE,,,TRUE,TRUE,TRUE,TRUE
ART00732,From Second-Best to First-Best Veto Point: Explaining the Changing Uses of Judicial Review and Referendums in Uruguay,from second best to first best veto point explaining the changing uses of judicial review and referendums in uruguay,2023,published,TRUE,Latin American Politics and Society,latin american politics and society,1531-426X,1548-2456,10.1017/lap.2022.50,"DANIELA VAIRO | ANTÍA, FLORENCIA",doi_propagated_by_title_year_journal,high,,2,FALSE,Florencia Antía | Daniela Vairo,2,TRUE,TRUE,JRN188,7,TRUE,TRUE,26459,Latin American Politics and Society,63,1.107,Q1,58,TRUE,26459,Latin American Politics and Society,153,1.107,Q1,58,Political Science and International Relations,63,1.107,Q1,exact_issn,high,TRUE,TRUE,TRUE,26459,Latin American Politics and Society,3,1.107,1.384,69,341,113,75,186,745,75.0% 186/745 Political Science and International Relations,Active,2001-2026,exact_issn,high,FALSE,,,,conflict,low,FALSE,FALSE,,,,,,,TRUE,,,TRUE,TRUE,TRUE,TRUE
ART00733,"Herrera, escritor en el 900",herrera escritor en el 900,2023,published,FALSE,"Revista de la Biblioteca Nacional, Época 3/ año 12/19",revista de la biblioteca nacional epoca 3 ano 12 19,0797-9061,2393-7009,,"RILLA, JOSÉ",single_source_row,not_applicable,,1,TRUE,José Rilla,1,FALSE,TRUE,JRN299,,FALSE,FALSE,,,,,,,FALSE,,,,,,,,,,,,,FALSE,FALSE,FALSE,,,,,,,,,,,,,,,,,FALSE,,,,,,FALSE,FALSE,,,,,,,,,,,,TRUE,TRUE
ART00734,Innovative mechanisms to engage citizens in public policy-making. A comparative study of leftist governments in Uruguay,innovative mechanisms to engage citizens in public policy making a comparative study of leftist governments in uruguay,2023,published,TRUE,The e-Journal of Economics & Complexity,the e journal of economics and complexity,,2724-2846,,LIZBONA COHEN,single_source_row,not_applicable,,1,TRUE,Alexandra Lizbona,1,FALSE,TRUE,JRN386,,FALSE,FALSE,,,,,,,FALSE,,,,,,,,,,,,,FALSE,FALSE,FALSE,,,,,,,,,,,,,,,,,FALSE,,,,,,FALSE,FALSE,,,,,,,,,,,,TRUE,TRUE
ART00735,Interseccionalidad y coaliciones de movimientos sociales: el caso de la nueva agenda de derechos en Uruguay,interseccionalidad y coaliciones de movimientos sociales el caso de la nueva agenda de derechos en uruguay,2023,published,TRUE,Revista de Estudios Sociales,revista de estudios sociales,0123-885X,1900-5180,10.7440/res87.2024.03,GERMÁN BIDEGAIN | MARTÍN FREIGEDO | GOINHEIX,doi_propagated_by_title_year_journal,high,,3,FALSE,Germán Bidegain | Martín Freigedo,2,TRUE,TRUE,JRN290,5,TRUE,FALSE,,,,,,,TRUE,5600155076,Revista de Estudios Sociales,761,0.279,Q3,22,Sociology and Political Science,761,0.279,Q3,exact_issn,high,TRUE,FALSE,TRUE,5600155076,Revista de Estudios Sociales,1.5,0.279,1.292,57,194,130,91,166,1936,91.0% 166/1936 History,Active,2009-2026,exact_issn,high,FALSE,,,,,,FALSE,FALSE,,,,,ambiguous,low,TRUE,,,FALSE,FALSE,TRUE,TRUE
ART00736,La amenaza de la democracia: un recorrido de Platón a Rancière,la amenaza de la democracia un recorrido de platon a ranciere,2023,published,TRUE,Revista uruguaya de ciencia política,revista uruguaya de ciencia politica,,1688-499X,10.26851/rucp.32.1.2,CONSTANZA MOREIRA,single_source_row,not_applicable,,1,TRUE,Constanza Moreira,1,FALSE,TRUE,JRN351,,FALSE,FALSE,,,,,,,FALSE,,,,,,,,,,,ambiguous,low,FALSE,FALSE,FALSE,,,,,,,,,,,,,,,ambiguous,low,TRUE,REVISTA URUGUAYA DE CIENCIA POLITICA,1688-499X,A1,exact_issn,high,TRUE,TRUE,TRUE,FALSE,Revista uruguaya de ciencia política,https://www.latindex.org/latindex/ficha/16727,exact_normalized_name,high,,TRUE,TRUE,,,TRUE,TRUE
ART00737,"¿La nueva frontera? Ideas, regímenes de gobierno y reglas electorales",la nueva frontera ideas regimenes de gobierno y reglas electorales,2023,published,FALSE,Iberoamericana,iberoamericana,1577-3388,2255-520X,,"GARCÉ, A.",single_source_row,not_applicable,,1,TRUE,Adolfo Garcé,1,FALSE,TRUE,JRN150,,FALSE,FALSE,,,,,,,FALSE,,,,,,,,,,,,,FALSE,FALSE,FALSE,,,,,,,,,,,,,,,,,FALSE,,,,conflict,low,TRUE,TRUE,TRUE,FALSE,Iberoamericana,https://www.latindex.org/latindex/ficha/22814,exact_normalized_name,high,,,TRUE,,,TRUE,TRUE
ART00738,"La reparación histórica para personas trans en Uruguay: Alcances, dificultades y solapamientos",la reparacion historica para personas trans en uruguay alcances dificultades y solapamientos,2023,published,TRUE,Crítica y Resistencias,critica y resistencias,,2525-0841,,Diego Sempol,single_source_row,not_applicable,,1,TRUE,Diego Sempol,1,FALSE,TRUE,JRN064,1,FALSE,FALSE,,,,,,,FALSE,,,,,,,,,,,,,FALSE,FALSE,FALSE,,,,,,,,,,,,,,,,,TRUE,CRITICA Y RESISTENCIAS,2525-0841,A4,exact_issn,high,TRUE,TRUE,TRUE,FALSE,Crítica y resistencias,https://www.latindex.org/latindex/ficha/23568,exact_normalized_name,high,,TRUE,TRUE,,,TRUE,TRUE
ART00739,La science politique en Amérique latine : une discipline pluridisciplinaire,la science politique en amerique latine une discipline pluridisciplinaire,2023,published,TRUE,Revue d'Histoire des Sciences Humaines,revue dhistoire des sciences humaines,1622-468X,1963-1022,,"BUQUET, D",single_source_row,not_applicable,,1,TRUE,Daniel Buquet,1,FALSE,TRUE,JRN353,1,FALSE,FALSE,,,,,,,FALSE,,,,,,,,,,,,,FALSE,FALSE,FALSE,,,,,,,,,,,,,,,,,TRUE,REVUE D'HISTOIRE DES SCIENCES HUMAINES,1622-468X,B1,exact_issn,high,FALSE,FALSE,,,,,,,,TRUE,,,,TRUE,TRUE
ART00740,La trampa de la Integralidad: descreme sectorial y fragmentación institucional en Uruguay,la trampa de la integralidad descreme sectorial y fragmentacion institucional en uruguay,2023,published,TRUE,Desenvolvimento em Debate,desenvolvimento em debate,,2176-9257,,CARMEN MIDAGLIA | Guillermo Fuentes,single_source_row,not_applicable,,2,FALSE,Carmen Midaglia,1,FALSE,TRUE,JRN087,,FALSE,FALSE,,,,,,,FALSE,,,,,,,,,,,,,FALSE,FALSE,FALSE,,,,,,,,,,,,,,,,,TRUE,DESENVOLVIMENTO EM DEBATE,2176-9257,B1,exact_issn,high,FALSE,FALSE,,,,,,,,TRUE,,,,TRUE,TRUE
ART00741,Las agencias de gobierno en Uruguay: características y autonomía de la administración descentralizada,las agencias de gobierno en uruguay caracteristicas y autonomia de la administracion descentralizada,2023,published,TRUE,Reforma y Democracia,reforma y democracia,1315-2378,2443-4620,,"MARTÍN FREIGEDO | FUENTES, G. | ALEJANDRO MILANESI | RAMOS CONRADO",single_source_row,not_applicable,,4,FALSE,Martín Freigedo,1,FALSE,TRUE,JRN260,1,TRUE,FALSE,,,,,,,TRUE,19700173159,Reforma y Democracia,1115,0.156,Q4,9,Sociology and Political Science,1115,0.156,Q4,exact_issn,high,TRUE,FALSE,TRUE,19700173159,Reforma y Democracia,0.4,0.156,0.24,19,31,85,14,1305,1530,14.0% 1305/1530 Sociology and Political Science,Active,2008-2026,exact_issn,high,TRUE,REVISTA DEL CLAD REFORMA Y DEMOCRACIA,1315-2378,B1,exact_issn,high,FALSE,FALSE,,,,,,,TRUE,TRUE,,FALSE,FALSE,TRUE,TRUE
ART00742,Latin American Social Movements and Progressive Governments. Creative Tensions between Resistance and Convergence,latin american social movements and progressive governments creative tensions between resistance and convergence,2023,published,TRUE,International Affairs,international affairs,0020-5850,1468-2346,,CARMEN MIDAGLIA | FABRICIO CARNEIRO | GUILLERMO FUENTES,single_source_row,not_applicable,,3,FALSE,Carmen Midaglia,1,FALSE,TRUE,JRN157,,TRUE,TRUE,25772,International Affairs,17,2.097,Q1,113,TRUE,25772,International Affairs,47,2.097,Q1,113,Political Science and International Relations,17,2.097,Q1,exact_issn,high,TRUE,TRUE,TRUE,25772,International Affairs,7.9,2.097,3.001,88,3223,408,97,21,745,97.0% 21/745 Political Science and International Relations,Active,1996-2026; 1988-1989; 1979-1986,exact_issn,high,FALSE,,,,conflict,low,FALSE,FALSE,,,,,,,TRUE,,,TRUE,TRUE,TRUE,TRUE
ART00743,Los factores domésticos en la supervivencia de los ministros de Relaciones Exteriores en América Latina (1945-2020),los factores domesticos en la supervivencia de los ministros de relaciones exteriores en america latina 1945 2020,2023,published,TRUE,Revista Estado Gobierno y Gestión Pública,revista estado gobierno y gestion publica,,0717-6759,,"FELIÚ RIBEIRO, PEDRO | LÓPEZ, CAMILO",single_source_row,not_applicable,,2,FALSE,Camilo López,1,FALSE,TRUE,JRN320,1,FALSE,FALSE,,,,,,,FALSE,,,,,,,,,,,,,FALSE,FALSE,FALSE,,,,,,,,,,,,,,,,,TRUE,"ESTADO, GOBIERNO, GESTIÓN PÚBLICA (EN LÍNEA)",0717-8980,B1,exact_issn,high,FALSE,FALSE,,,,,ambiguous,low,,TRUE,,,,TRUE,TRUE
ART00744,Masculinidades y redemocratización en Uruguay (1980-1989). Entre el impulso y sus frenos,masculinidades y redemocratizacion en uruguay 1980 1989 entre el impulso y sus frenos,2023,published,TRUE,Pasado Abierto,pasado abierto,,2451-6961,,Diego Sempol,single_source_row,not_applicable,,1,TRUE,Diego Sempol,1,FALSE,TRUE,JRN221,3,FALSE,FALSE,,,,,,,FALSE,,,,,,,,,,,,,FALSE,FALSE,FALSE,,,,,,,,,,,,,,,,,TRUE,PASADO ABIERTO,2451-6961,A4,exact_issn,high,FALSE,FALSE,,,,,,,,TRUE,,,,TRUE,TRUE
ART00745,Me falta escribir un libro. Entrevista con Álvaro Rico,me falta escribir un libro entrevista con alvaro rico,2023,published,TRUE,Contemporánea,contemporanea,1688-7638,1688-9746,,YAFFÉ | CORREA,single_source_row,not_applicable,,2,FALSE,Jaime Yaffé,1,FALSE,TRUE,JRN060,,FALSE,FALSE,,,,,,,FALSE,,,,,,,,,,,,,FALSE,FALSE,FALSE,,,,,,,,,,,,,,,,,FALSE,,,,ambiguous,low,FALSE,FALSE,,,,,,,,,,,,TRUE,TRUE
ART00746,Mouffe versus Laclau: Las (dis)continuidades entre el populismo de izquierda y el populismo sin adjetivos,mouffe versus laclau las dis continuidades entre el populismo de izquierda y el populismo sin adjetivos,2023,published,TRUE,Revista uruguaya de ciencia política,revista uruguaya de ciencia politica,,1688-499X,10.26851/rucp.32.1.4,JULIÁN GONZÁLEZ | Julián González Scandizzi,single_source_row,not_applicable,,2,FALSE,Julián González Scandizzi,1,FALSE,TRUE,JRN351,7,FALSE,FALSE,,,,,,,FALSE,,,,,,,,,,,ambiguous,low,FALSE,FALSE,FALSE,,,,,,,,,,,,,,,ambiguous,low,TRUE,REVISTA URUGUAYA DE CIENCIA POLITICA,1688-499X,A1,exact_issn,high,TRUE,TRUE,TRUE,FALSE,Revista uruguaya de ciencia política,https://www.latindex.org/latindex/ficha/16727,exact_normalized_name,high,,TRUE,TRUE,,,TRUE,TRUE
ART00747,"Negacionismos, batalla cultural y memoria. Nuevas (viejas) disputas",negacionismos batalla cultural y memoria nuevas viejas disputas,2023,accepted,TRUE,Calibán - Revista Latinoamericana de Psicoanálisis,caliban revista latinoamericana de psicoanalisis,2304-5531,,,GERARDO CAETANO,single_source_row,not_applicable,,1,TRUE,Gerardo Caetano,1,FALSE,TRUE,JRN045,1,FALSE,FALSE,,,,,,,FALSE,,,,,,,,,,,,,FALSE,FALSE,FALSE,,,,,,,,,,,,,,,,,FALSE,,,,,,FALSE,FALSE,,,,,,,,,,,,TRUE,TRUE
ART00748,Novedades y radicalidad de las derechas alternativas en el Uruguay reciente. El caso de Cabildo Abierto,novedades y radicalidad de las derechas alternativas en el uruguay reciente el caso de cabildo abierto,2023,published,TRUE,Estudios digital,estudios digital,,1852-1568,10.31050/re.vi49.39951,GERARDO CAETANO,single_source_row,not_applicable,,1,TRUE,Gerardo Caetano,1,FALSE,TRUE,JRN116,12,FALSE,FALSE,,,,,,,FALSE,,,,,,,,,,,,,FALSE,FALSE,FALSE,,,,,,,,,,,,,,,,,FALSE,,,,,,FALSE,FALSE,,,,,,,,,,,,TRUE,TRUE
ART00749,Partidos legislativos y coaliciones políticas en América Latina (1925-2019),partidos legislativos y coaliciones politicas en america latina 1925 2019,2023,published,TRUE,Política y Gobierno,politica y gobierno,1405-1060,1665-2037,,DANIELA VAIRO | Nicolás Schmidt | Aníbal Pérez-Liñán,exact_title_year_journal,high,,3,FALSE,Nicolás Schmidt | Daniela Vairo,2,TRUE,TRUE,JRN239,20,TRUE,TRUE,19600165500,Politica y Gobierno,579,0.136,Q4,17,FALSE,,,,,,,Political Science and International Relations,579,0.136,Q4,exact_issn,high,TRUE,TRUE,FALSE,19600165500,Politica y Gobierno,1.3,0.136,0.306,43,59,46,47,393,745,47.0% 393/745 Political Science and International Relations,Active,2005-2026; 2000-2003,exact_issn,high,TRUE,POLITICA Y GOBIERNO,1665-2037,A1,exact_issn,high,FALSE,FALSE,,,,,,,TRUE,TRUE,,FALSE,FALSE,TRUE,TRUE
ART00750,Policy Analysis in Argentina,policy analysis in argentina,2023,published,TRUE,Revista uruguaya de ciencia política,revista uruguaya de ciencia politica,,1688-499X,,BENTANCUR NICOLÁS,single_source_row,not_applicable,,1,TRUE,Nicolás Bentancur,1,FALSE,TRUE,JRN351,0,FALSE,FALSE,,,,,,,FALSE,,,,,,,,,,,ambiguous,low,FALSE,FALSE,FALSE,,,,,,,,,,,,,,,ambiguous,low,TRUE,REVISTA URUGUAYA DE CIENCIA POLITICA,1688-499X,A1,exact_issn,high,TRUE,TRUE,TRUE,FALSE,Revista uruguaya de ciencia política,https://www.latindex.org/latindex/ficha/16727,exact_normalized_name,high,,TRUE,TRUE,,,TRUE,TRUE
ART00751,Political Polarisation in Uruguay in the Early 1960s: The Role of Luis Batlle Berres and Lista 15,political polarisation in uruguay in the early 1960s the role of luis batlle berres and lista 15,2023,published,TRUE,Journal of Latin American Studies,journal of latin american studies,0022-216X,1469-767X,10.1017/s0022216x23000937,FELIPE MONESTIER,single_source_row,not_applicable,,1,TRUE,Felipe Monestier,1,FALSE,TRUE,JRN172,3,TRUE,FALSE,,,,,,,TRUE,26288,Journal of Latin American Studies,564,0.392,Q2,56,Sociology and Political Science,564,0.392,Q2,exact_issn,high,TRUE,FALSE,TRUE,26288,Journal of Latin American Studies,1.7,0.392,1.206,55,144,84,72,191,692,72.0% 191/692 Arts and Humanities (miscellaneous),Active,1969-2026,exact_issn,high,TRUE,JOURNAL OF LATIN AMERICAN STUDIES (PRINT),0022-216X,A3,exact_issn,high,FALSE,FALSE,,,,,,,TRUE,TRUE,,FALSE,TRUE,TRUE,TRUE
ART00752,"Políticas de ciencia, tecnología e innovación en el Uruguay contemporáneo. Los déficits de la coordinación y la regulación",politicas de ciencia tecnologia e innovacion en el uruguay contemporaneo los deficits de la coordinacion y la regulacion,2023,published,TRUE,"Revista Iberoamericana de Ciencia, Tecnología y Sociedad",revista iberoamericana de ciencia tecnologia y sociedad,1668-0030,1850-0013,10.52712/issn.1850-0013-314,"ZEBALLOS LERETÉ, C. | CASTILLO, MARCELO | FUENTES, G.",single_source_row,not_applicable,,3,FALSE,Guillermo Fuentes,1,FALSE,TRUE,JRN328,1,FALSE,FALSE,,,,,,,FALSE,,,,,,,,,,,,,FALSE,FALSE,FALSE,,,,,,,,,,,,,,,,,FALSE,,,,,,FALSE,FALSE,,,,,,,,,,,,TRUE,TRUE
ART00753,Reverberaciones conservadoras. La defensa del orden de género en Uruguay a 50 años del Golpe de Estado,reverberaciones conservadoras la defensa del orden de genero en uruguay a 50 anos del golpe de estado,2023,published,TRUE,Confluenze,confluenze,,2036-0967,,DE GIORGI | CONSTANZA MOREIRA,exact_title_year_journal,high,,2,FALSE,Ana Laura de Giorgi | Constanza Moreira,2,TRUE,TRUE,JRN056,5,TRUE,FALSE,,,,,,,TRUE,21100259514,Confluenze,1271,0.123,Q4,5,Sociology and Political Science,1271,0.123,Q4,exact_issn,high,TRUE,FALSE,TRUE,21100259514,Confluenze,0.2,0.123,0.371,14,36,190,26,1417,1936,26.0% 1417/1936 History,Active,2013-2025,exact_issn,high,TRUE,CONFLUENZE (BOLOGNA),2036-0967,A1,exact_issn,high,FALSE,FALSE,,,,,,,TRUE,TRUE,,FALSE,FALSE,TRUE,TRUE
ART00754,Taking Ideas Seriously in Political Science: The Diffusion of Presidentialism in Latin America after Independence,taking ideas seriously in political science the diffusion of presidentialism in latin america after independence,2023,published,TRUE,Estudos Ibero-Americanos,estudos ibero americanos,0101-4064,1980-864X,10.1093/psquar/qqad008,CRAIG PARSONS | ADOLFO GARCÉ | DANIEL BÉLAND,single_source_row,not_applicable,,3,FALSE,Adolfo Garcé,1,FALSE,TRUE,JRN122,8,FALSE,FALSE,,,,,,,FALSE,,,,,,,,,,,,,FALSE,FALSE,FALSE,,,,,,,,,,,,,,,,,FALSE,,,,conflict,low,FALSE,FALSE,,,,,,,,,,,,TRUE,TRUE
ART00755,The personal is political. Moral authoritarianism and female teachers in the Uruguayan dictatorship (1973-1984),the personal is political moral authoritarianism and female teachers in the uruguayan dictatorship 1973 1984,2023,published,TRUE,Elephant and Castle,elephant and castle,,1826-6118,,Diego Sempol,single_source_row,not_applicable,,1,TRUE,Diego Sempol,1,FALSE,TRUE,JRN100,0,FALSE,FALSE,,,,,,,FALSE,,,,,,,,,,,,,FALSE,FALSE,FALSE,,,,,,,,,,,,,,,,,FALSE,,,,,,FALSE,FALSE,,,,,,,,,,,,TRUE,TRUE
ART00756,The Political Economy of the Tourism Sector in Times of Covid-10. Analysis of the Uruguayan Case (2020-2021).,the political economy of the tourism sector in times of covid 10 analysis of the uruguayan case 2020 2021,2023,published,TRUE,Latin American Perspectives,latin american perspectives,0094-582X,,10.1177/0094582x231189501,LIZBONA COHEN | Andrea Delbono,exact_doi,high,,2,FALSE,Andrea Delbono | Alexandra Lizbona,2,TRUE,TRUE,JRN186,,TRUE,FALSE,,,,,,,TRUE,27731,Latin American Perspectives,763,0.277,Q3,55,Sociology and Political Science,763,0.277,Q3,exact_issn,high,TRUE,FALSE,TRUE,27731,Latin American Perspectives,1.2,0.277,0.618,44,424,346,45,840,1530,45.0% 840/1530 Sociology and Political Science,Active,1986-2026; 1984; 1977,exact_issn,high,TRUE,LATIN AMERICAN PERSPECTIVES,0094-582X,A1,exact_issn,high,TRUE,TRUE,TRUE,TRUE,Latin American Perspectives,https://www.latindex.org/latindex/ficha/21560,exact_normalized_name,high,TRUE,TRUE,TRUE,FALSE,FALSE,TRUE,TRUE
ART00757,The politics of sanctioning the poor through welfare conditionality: Revealing causal mechanisms in Uruguay,the politics of sanctioning the poor through welfare conditionality revealing causal mechanisms in uruguay,2023,published,TRUE,Social Policy and Administration,social policy and administration,0144-5596,1467-9515,10.1111/spol.12911,"ANTÍA, FLORENCIA | Rossel, Cecilia | Pilar Manzi",single_source_row,not_applicable,,3,FALSE,Florencia Antía,1,FALSE,TRUE,JRN362,11,TRUE,FALSE,,,,,,,TRUE,14573,Social Policy and Administration,235,0.847,Q1,86,Sociology and Political Science,235,0.847,Q1,exact_issn,high,TRUE,FALSE,TRUE,14573,Social Policy and Administration,4.8,0.847,1.699,76,1450,300,84,231,1530,84.0% 231/1530 Sociology and Political Science,Active,1967-2026,exact_issn,high,FALSE,,,,,,FALSE,FALSE,,,,,,,TRUE,,,TRUE,TRUE,TRUE,TRUE
ART00758,Un investigador no puede estar al margen de su ágora,un investigador no puede estar al margen de su agora,2023,published,TRUE,Tramas y Redes,tramas y redes,,2796-9096,,GERARDO CAETANO,single_source_row,not_applicable,,1,TRUE,Gerardo Caetano,1,FALSE,TRUE,JRN393,,FALSE,FALSE,,,,,,,FALSE,,,,,,,,,,,,,FALSE,FALSE,FALSE,,,,,,,,,,,,,,,,,TRUE,REVISTA DEL CONSEJO LATINOAMERICANO DE CIENCIAS SOCIALES,2796-9096,B2,exact_issn,high,FALSE,FALSE,,,,,,,,TRUE,,,,TRUE,TRUE
ART00759,Unión Europea y Mercosur: perspectivas de acuerdo en la coyuntura geopolítica actual,union europea y mercosur perspectivas de acuerdo en la coyuntura geopolitica actual,2023,published,TRUE,Revista CIDOB d Afers Internacionals,revista cidob d afers internacionals,1133-6595,2013-035X,10.24241/rcai.2023.133.1.221,"GERARDO CAETANO | Pose, Nicolás",single_source_row,not_applicable,,2,FALSE,Gerardo Caetano,1,FALSE,TRUE,JRN276,,TRUE,TRUE,21100468970,Revista CIDOB d'Afers Internacionals,438,0.22,Q3,15,FALSE,,,,,,,Political Science and International Relations,438,0.22,Q3,exact_issn,high,TRUE,TRUE,FALSE,21100468970,Revista CIDOB d'Afers Internacionals,1.3,0.22,0.975,46,144,112,47,391,745,47.0% 391/745 Political Science and International Relations,Active,2016-2026,exact_issn,high,FALSE,,,,,,FALSE,FALSE,,,,,ambiguous,low,TRUE,,,FALSE,FALSE,TRUE,TRUE
ART00760,"Uruguay 2022: entre el referéndum, las reformas estratégicas y los escándalos políticos.",uruguay 2022 entre el referendum las reformas estrategicas y los escandalos politicos,2023,published,TRUE,Revista de ciencia política (Santiago),revista de ciencia politica santiago,,0718-090X,10.4067/s0718-090x2023005000108,"DANIELA VAIRO | ANTÍA, FLORENCIA",exact_doi,high,,2,FALSE,Florencia Antía | Daniela Vairo,2,TRUE,TRUE,JRN280,13,TRUE,TRUE,5100152922,Revista de Ciencia Politica,79,0.975,Q1,28,TRUE,5100152922,Revista de Ciencia Politica,188,0.975,Q1,28,Political Science and International Relations,79,0.975,Q1,exact_issn,high,TRUE,TRUE,TRUE,5100152922,Revista de Ciencia Politica,3.4,0.975,1.404,79,258,77,77,166,745,77.0% 166/745 Political Science and International Relations,Active,2006-2025; 2002,exact_issn,high,TRUE,REVISTA DE CIENCIA POLÍTICA (SANTIAGO. EN LÍNEA),0718-090X,A1,exact_issn,high,TRUE,TRUE,TRUE,FALSE,Revista de ciencia política,https://www.latindex.org/latindex/ficha/14054,exact_normalized_name,high,TRUE,TRUE,TRUE,TRUE,TRUE,TRUE,TRUE
ART00761,"Uruguay, una política limitada: derecha y ultraderecha en una democracia de partidos",uruguay una politica limitada derecha y ultraderecha en una democracia de partidos,2023,published,TRUE,Avances del Cesor,avances del cesor,,2422-6580,10.35305/ac.v20i28.1634,"RILLA, JOSÉ",single_source_row,not_applicable,,1,TRUE,José Rilla,1,FALSE,TRUE,JRN029,8,TRUE,FALSE,,,,,,,TRUE,21100923520,Avances del Cesor,1254,0.126,Q4,5,Sociology and Political Science,1254,0.126,Q4,exact_issn,high,TRUE,FALSE,TRUE,21100923520,Avances del Cesor,0.2,0.126,0.508,12,9,58,21,1523,1936,21.0% 1523/1936 History,Active,2019-2026,exact_issn,high,TRUE,AVANCES DEL CESOR,2422-6580,A1,exact_issn,high,FALSE,FALSE,,,,,,,TRUE,TRUE,,FALSE,FALSE,TRUE,TRUE
ART00762,Violencia política patriarcal: narrativas de mujeres políticas uruguayas,violencia politica patriarcal narrativas de mujeres politicas uruguayas,2023,published,TRUE,Revista Elecciones,revista elecciones,1994-5272,1995-6290,10.53557/elecciones.2023.v22n26.04,Verónica Pérez Bentancur | NIKI JOHNSON,exact_doi,high,,2,FALSE,Niki Johnson | Verónica Pérez Bentancur,2,TRUE,TRUE,JRN315,3,FALSE,FALSE,,,,,,,FALSE,,,,,,,,,,,,,FALSE,FALSE,FALSE,,,,,,,,,,,,,,,,,FALSE,,,,conflict,low,FALSE,FALSE,,,,,,,,,,,,TRUE,TRUE
ART00763,A propósito del centenario de la Corte Electoral de Uruguay: gobernanza electoral y democracia en América Latina. Introducción al número temático,a proposito del centenario de la corte electoral de uruguay gobernanza electoral y democracia en america latina introduccion al numero tematico,2024,published,TRUE,Revista uruguaya de ciencia política,revista uruguaya de ciencia politica,,0797-9789 | 1688-499X,10.26851/rucp.33.18,"BUQUET, D | YAFFÉ",doi_propagated_by_title_year_journal,high,,2,FALSE,Daniel Buquet | Jaime Yaffé,2,TRUE,TRUE,JRN351,4,FALSE,FALSE,,,,,,,FALSE,,,,,,,,,,,ambiguous,low,FALSE,FALSE,FALSE,,,,,,,,,,,,,,,ambiguous,low,TRUE,REVISTA URUGUAYA DE CIENCIA POLITICA,1688-499X,A1,exact_issn,high,TRUE,TRUE,TRUE,FALSE,Revista uruguaya de ciencia política,https://www.latindex.org/latindex/ficha/16727,exact_normalized_name,high,,TRUE,TRUE,,,TRUE,TRUE
ART00764,Agarrar la punta de la madeja»: Entrevista a Graciela Sapriza.,agarrar la punta de la madeja entrevista a graciela sapriza,2024,published,TRUE,Contemporánea,contemporanea,1688-7638,1688-9746,,Diego Sempol | GABRIELA GONZALEZ VAILLANT,single_source_row,not_applicable,,2,FALSE,Diego Sempol,1,FALSE,TRUE,JRN060,0,FALSE,FALSE,,,,,,,FALSE,,,,,,,,,,,,,FALSE,FALSE,FALSE,,,,,,,,,,,,,,,,,FALSE,,,,ambiguous,low,FALSE,FALSE,,,,,,,,,,,,TRUE,TRUE
ART00765,Assessing Electoral Personalism in Latin American Presidential Elections,assessing electoral personalism in latin american presidential elections,2024,published,TRUE,Journal of Politics in Latin America,journal of politics in latin america,1866-802X,1868-4890,10.1177/1866802x241250034,"LUJÁN, DIEGO | Federico Acosta y Lara",single_source_row,not_applicable,,2,FALSE,Diego Luján,1,FALSE,TRUE,JRN177,16,TRUE,TRUE,19900191425,Journal of Politics in Latin America,90,0.927,Q1,21,TRUE,19900191425,Journal of Politics in Latin America,201,0.927,Q1,21,Political Science and International Relations,90,0.927,Q1,exact_issn,high,TRUE,TRUE,TRUE,19900191425,Journal of Politics in Latin America,2.8,0.927,1.501,62,187,66,72,203,745,72.0% 203/745 Political Science and International Relations,Active,2015-2026,exact_issn,high,FALSE,,,,conflict,low,FALSE,FALSE,,,,,,,TRUE,,,TRUE,TRUE,TRUE,TRUE
ART00766,Capacidades estatales para la gestión de políticas públicas en las intendencias de Uruguay: los desafíos de la gobernanza local (2005-2020),capacidades estatales para la gestion de politicas publicas en las intendencias de uruguay los desafios de la gobernanza local 2005 2020,2024,accepted,TRUE,Teoria e Cultura,teoria e cultura,2318-101X,2318-101X,,José Raúl Rodríguez | José Raul Rodríguez Pinho,single_source_row,not_applicable,,2,FALSE,José Raul Rodríguez Pinho,1,FALSE,TRUE,JRN384,,FALSE,FALSE,,,,,,,FALSE,,,,,,,,,,,,,FALSE,FALSE,FALSE,,,,,,,,,,,,,,,,,TRUE,TEORIA E CULTURA (UFJF),1809-5968,A4,exact_normalized_name,high,FALSE,FALSE,,,,,,,,TRUE,,,,TRUE,TRUE
ART00767,¿Cómo inciden las relaciones intergubernamentales en los modelos de gestión subnacional? Análisis comparativo entre las intendencias de Paysandú y Cerro Largo de Uruguay (2005-2020),como inciden las relaciones intergubernamentales en los modelos de gestion subnacional analisis comparativo entre las intendencias de paysandu y cerro largo de uruguay 2005 2020,2024,published,TRUE,Revista Uruguaya de Ciencia Política,revista uruguaya de ciencia politica,,0797-9789,10.26851/rucp.33.19,José Raúl Rodríguez | José Raul Rodríguez Pinho,single_source_row,not_applicable,,2,FALSE,José Raul Rodríguez Pinho,1,FALSE,TRUE,JRN351,,FALSE,FALSE,,,,,,,FALSE,,,,,,,,,,,ambiguous,low,FALSE,FALSE,FALSE,,,,,,,,,,,,,,,ambiguous,low,TRUE,REVISTA URUGUAYA DE CIENCIA POLITICA,1688-499X,A1,exact_issn,high,TRUE,TRUE,TRUE,FALSE,Revista uruguaya de ciencia política,https://www.latindex.org/latindex/ficha/16727,exact_normalized_name,high,,TRUE,TRUE,,,TRUE,TRUE
ART00768,De la ilusión a la decepción: el movimiento mapuche frente al rechazo constitucional y al primer año de gobierno de Boric,de la ilusion a la decepcion el movimiento mapuche frente al rechazo constitucional y al primer ano de gobierno de boric,2024,published,TRUE,Anuari del conflicte social,anuari del conflicte social,,2014-6760,10.1344/acs2024.15.5,VICTOR TRICOT | GERMAN BIDEGAIN | ROCÍO ZEPEDA,single_source_row,not_applicable,,3,FALSE,Germán Bidegain,1,FALSE,TRUE,JRN020,1,FALSE,FALSE,,,,,,,FALSE,,,,,,,,,,,,,FALSE,FALSE,FALSE,,,,,,,,,,,,,,,,,FALSE,,,,,,TRUE,TRUE,TRUE,FALSE,Anuari del conflicte social,https://www.latindex.org/latindex/ficha/24171,exact_normalized_name,high,,,TRUE,,,TRUE,TRUE
ART00769,De lo micro a lo macro: el legado político de la emergencia sanitaria en los liceos de Uruguay.,de lo micro a lo macro el legado politico de la emergencia sanitaria en los liceos de uruguay,2024,published,TRUE,Journal of Supranational Policies of Education (JOSPOE),journal of supranational policies of education jospoe,,2340-6720,,"MARÍA ESTER MANCEBO | GABRIELA GONZALEZ VAILLANT | Coitinho, V.",single_source_row,not_applicable,,3,FALSE,María Ester Mancebo,1,FALSE,TRUE,JRN179,1,FALSE,FALSE,,,,,,,FALSE,,,,,,,,,,,,,FALSE,FALSE,FALSE,,,,,,,,,,,,,,,,,FALSE,,,,,,FALSE,FALSE,,,,,,,,,,,,TRUE,TRUE
ART00770,Debates y perspectivas para el análisis de las políticas de ciencia abierta y evaluación académica,debates y perspectivas para el analisis de las politicas de ciencia abierta y evaluacion academica,2024,published,TRUE,Revista del Núcleo de Estudios e Investigaciones en Educación Superior del MERCOSUR,revista del nucleo de estudios e investigaciones en educacion superior del mercosur,2347-0658,2313-9080,,BENTANCUR NICOLÁS | Rovelli Laura Inés,single_source_row,not_applicable,,2,FALSE,Nicolás Bentancur,1,FALSE,TRUE,JRN310,0,FALSE,FALSE,,,,,,,FALSE,,,,,,,,,,,,,FALSE,FALSE,FALSE,,,,,,,,,,,,,,,,,FALSE,,,,,,FALSE,FALSE,,,,,,,,,,,,TRUE,TRUE
ART00771,"Derechas políticas, actores religiosos y proyecto conservador en Uruguay: la agenda anti género en el centro",derechas politicas actores religiosos y proyecto conservador en uruguay la agenda anti genero en el centro,2024,published,TRUE,Encuentros Latinoamericanos,encuentros latinoamericanos,,1688-437X,10.59999/el.v8i1.2365,CONSTANZA BEATRIZ MOREIRA VIÑAS | Nicolas Iglesias Schneider,single_source_row,not_applicable,,2,FALSE,Constanza Moreira,1,FALSE,TRUE,JRN104,,FALSE,FALSE,,,,,,,FALSE,,,,,,,,,,,,,FALSE,FALSE,FALSE,,,,,,,,,,,,,,,,,FALSE,,,,,,FALSE,FALSE,,,,,,,,,,,,TRUE,TRUE
ART00772,Desafíos a la sindicalización en democracias contemporáneas: PIT-CNT en Uruguay,desafios a la sindicalizacion en democracias contemporaneas pit cnt en uruguay,2024,published,TRUE,Revista Euro latinoamericana de Análisis Social y Político (RELASP),revista euro latinoamericana de analisis social y politico relasp,2683-7420,,10.35305/rr.v4i8.131,"CARNEIRO | TRAVERSA, FEDERICO",doi_propagated_by_title_year_journal,high,,2,FALSE,Fabricio Carneiro | Federico Traversa,2,TRUE,TRUE,JRN326,0,FALSE,FALSE,,,,,,,FALSE,,,,,,,,,,,,,FALSE,FALSE,FALSE,,,,,,,,,,,,,,,,,TRUE,REVISTA EURO LATINOAMERICANA DE ANÁLISIS SOCIAL Y POLÍTICO (RELASP),2683-7420,A2,exact_issn,high,FALSE,FALSE,,,,,,,,TRUE,,,,TRUE,TRUE
ART00773,Descentralización Municipal en Uruguay: un proceso reciente y gradual.,descentralizacion municipal en uruguay un proceso reciente y gradual,2024,published,TRUE,Revista Iberoamericana de Gobierno Local,revista iberoamericana de gobierno local,2173-8254,,,MARTÍN FREIGEDO | Alejandra Marzuca,single_source_row,not_applicable,,2,FALSE,Martín Freigedo,1,FALSE,TRUE,JRN330,5,FALSE,FALSE,,,,,,,FALSE,,,,,,,,,,,,,FALSE,FALSE,FALSE,,,,,,,,,,,,,,,,,FALSE,,,,,,TRUE,TRUE,TRUE,FALSE,Revista iberoamericana de gobierno local,https://www.latindex.org/latindex/ficha/20960,exact_normalized_name,high,,,TRUE,,,TRUE,TRUE
ART00774,"Desobediencia intelectual. Las revistas feministas del Cono Sur en los ochenta. Brujas, Mulherio y La Cacerola.",desobediencia intelectual las revistas feministas del cono sur en los ochenta brujas mulherio y la cacerola,2024,published,TRUE,Izquierdas,izquierdas,,0718-5049,,DE GIORGI | BENTANCOR,single_source_row,not_applicable,,2,FALSE,Ana Laura de Giorgi,1,FALSE,TRUE,JRN167,,TRUE,TRUE,21100258911,Izquierdas,477,0.194,Q3,13,TRUE,21100258911,Izquierdas,967,0.194,Q3,13,Political Science and International Relations,477,0.194,Q3,exact_issn,high,TRUE,TRUE,TRUE,21100258911,Izquierdas,0.3,0.194,0.357,20,98,310,44,1075,1936,44.0% 1075/1936 History,Active,2013-2026,exact_issn,high,TRUE,IZQUIERDAS (SANTIAGO),0718-5049,A1,exact_issn,high,FALSE,FALSE,,,,,,,TRUE,TRUE,,FALSE,FALSE,TRUE,TRUE
ART00775,El encanto del personalismo: Explicando el ascenso de Nayib Bukele en El Salvador,el encanto del personalismo explicando el ascenso de nayib bukele en el salvador,2024,published,TRUE,AMÉRICA LATINA HOY,america latina hoy,1130-2887,2340-4396,,"LUJÁN, DIEGO | Gonzalo Puig Lombardi",single_source_row,not_applicable,,2,FALSE,Diego Luján,1,FALSE,TRUE,JRN014,7,TRUE,FALSE,,,,,,,TRUE,19700169837,America Latina Hoy,295,0.725,Q1,14,Sociology and Political Science,295,0.725,Q1,exact_issn,high,TRUE,FALSE,TRUE,19700169837,America Latina Hoy,0.7,0.725,0.478,42,44,59,55,306,692,55.0% 306/692 Arts and Humanities (miscellaneous),Active,2011-2026,exact_issn,high,TRUE,AMÉRICA LATINA HOY,1130-2887,A1,exact_issn,high,TRUE,TRUE,TRUE,FALSE,América Latina hoy,https://www.latindex.org/latindex/ficha/22330,exact_normalized_name,high,TRUE,TRUE,TRUE,TRUE,TRUE,TRUE,TRUE
ART00776,"Extender la teoría política: aprendizajes y desafíos del Espacio de Formación Integral Reflexiones situadas sobre injusticias, opresiones y violencias",extender la teoria politica aprendizajes y desafios del espacio de formacion integral reflexiones situadas sobre injusticias opresiones y violencias,2024,published,TRUE,Integralidad sobre ruedas,integralidad sobre ruedas,,2697-3197,,"JULIÁN GONZÁLEZ | ZEBALLOS LERETÉ, C. | GIOSCIA, LAURA | Isabel Cedrés | Puntigliano Casulo | Julián González Scandizzi",single_source_row,not_applicable,,6,FALSE,Julián González Scandizzi,1,FALSE,TRUE,JRN153,0,FALSE,FALSE,,,,,,,FALSE,,,,,,,,,,,,,FALSE,FALSE,FALSE,,,,,,,,,,,,,,,,,FALSE,,,,,,FALSE,FALSE,,,,,,,,,,,,TRUE,TRUE
ART00777,"Gobierno de partidos y designación de ministros en Uruguay, 1985-2024,Party Government and Ministerial Appointments in Uruguay, 1985-2024,Governo de partidos e nomeação de ministros no Uruguai, 1985-2024",gobierno de partidos y designacion de ministros en uruguay 1985 2024 party government and ministerial appointments in uruguay 1985 2024 governo de partidos e nomeacao de ministros no uruguai 1985 2024,2024,published,TRUE,Colombia Internacional,colombia internacional,0121-5612,1900-6004,10.7440/colombiaint120.2024.06,DANIEL CHASQUETTI,single_source_row,not_applicable,,1,TRUE,Daniel Chasquetti,1,FALSE,TRUE,JRN053,,TRUE,TRUE,5800169849,Colombia Internacional,407,0.239,Q3,18,TRUE,5800169849,Colombia Internacional,837,0.239,Q3,18,Political Science and International Relations,407,0.239,Q3,exact_issn,high,TRUE,TRUE,TRUE,5800169849,Colombia Internacional,1.4,0.239,0.752,55,151,105,90,176,1936,90.0% 176/1936 History,Active,2011-2026,exact_issn,high,FALSE,,,,conflict,low,TRUE,TRUE,FALSE,TRUE,Colombia Internacional,https://www.latindex.org/latindex/ficha/4440,exact_normalized_name,high,TRUE,,TRUE,FALSE,FALSE,TRUE,TRUE
ART00778,Gobiernos Subnacionales en Uruguay: Análisis del Conflicto y la Cooperación Intergubernamental,gobiernos subnacionales en uruguay analisis del conflicto y la cooperacion intergubernamental,2024,published,TRUE,Revista Iberoamericana de Relaciones Intergubernamentales,revista iberoamericana de relaciones intergubernamentales,,2660-681X,,ANTONIO CARDARELLO | Gonzalo Puig,single_source_row,not_applicable,,2,FALSE,Antonio Cardarello,1,FALSE,TRUE,JRN331,,FALSE,FALSE,,,,,,,FALSE,,,,,,,,,,,,,FALSE,FALSE,FALSE,,,,,,,,,,,,,,,,,FALSE,,,,,,FALSE,FALSE,,,,,,,,,,,,TRUE,TRUE
ART00779,"Ideological extremism, left-right orientations, and invalid voting in two-round presidential elections in Latin America",ideological extremism left right orientations and invalid voting in two round presidential elections in latin america,2024,published,TRUE,Journal of Elections Public Opinion and Parties,journal of elections public opinion and parties,1745-7289,1745-7297,10.1080/17457289.2024.2395355,"LUJÁN, DIEGO",single_source_row,not_applicable,,1,TRUE,Diego Luján,1,FALSE,TRUE,JRN171,1,TRUE,FALSE,,,,,,,TRUE,5700165635,"Journal of Elections, Public Opinion and Parties",148,1.135,Q1,42,Sociology and Political Science,148,1.135,Q1,exact_issn,high,TRUE,FALSE,TRUE,5700165635,"Journal of Elections, Public Opinion and Parties",3.9,1.135,1.247,82,536,139,79,319,1530,79.0% 319/1530 Sociology and Political Science,Active,2010-2026,exact_issn,high,FALSE,,,,,,FALSE,FALSE,,,,,,,TRUE,,,TRUE,TRUE,TRUE,TRUE
ART00780,"Independencia y proyección internacional de Brasil. Reflexiones a propósito de una mirada histórica desde Uruguay” http: //journals.openeditios.org/nuevomundo,/96410",independencia y proyeccion internacional de brasil reflexiones a proposito de una mirada historica desde uruguay http journals openeditios org nuevomundo 96410,2024,published,TRUE,Nuevo Mundo - Mundos Nuevos,nuevo mundo mundos nuevos,,1626-0252,,GERARDO CAETANO,single_source_row,not_applicable,,1,TRUE,Gerardo Caetano,1,FALSE,TRUE,JRN206,,FALSE,FALSE,,,,,,,FALSE,,,,,,,,,,,,,TRUE,TRUE,FALSE,21101439229,Nuevo Mundo Mundos Nuevos,0.2,,,17,7,29,14,457,536,14.0% 457/536 Anthropology,Active,2021-2026,exact_issn,high,TRUE,NUEVO MUNDO MUNDOS NUEVOS,1626-0252,A1,exact_issn,high,FALSE,FALSE,,,,,,,,TRUE,,,,TRUE,TRUE
ART00781,Innovative but feeble: Civil society and political financing accountability in Uruguay,innovative but feeble civil society and political financing accountability in uruguay,2024,published,TRUE,Journal of Civil Society,journal of civil society,1744-8689,1744-8697,,GERMÁN BIDEGAIN | Fernanda,single_source_row,not_applicable,,2,FALSE,Germán Bidegain,1,FALSE,TRUE,JRN169,5,TRUE,FALSE,,,,,,,TRUE,19700201467,Journal of Civil Society,554,0.398,Q2,30,Sociology and Political Science,554,0.398,Q2,exact_issn,high,TRUE,FALSE,TRUE,19700201467,Journal of Civil Society,2.2,0.398,0.955,66,205,93,62,570,1530,62.0% 570/1530 Sociology and Political Science,Active,2010-2026,exact_issn,high,FALSE,,,,,,FALSE,FALSE,,,,,,,TRUE,,,FALSE,TRUE,TRUE,TRUE
ART00782,Intended and unintended effects of cannabis regulation in Uruguay,intended and unintended effects of cannabis regulation in uruguay,2024,published,TRUE,"Policy & Politics, XX",policy and politics xx,,1470-8442,10.1332/03055736y2024d000000051,ROSARIO QUEIROLO | LORENA REPETTO | JOAQUÍN ALONSO | ELIANA ÁLVAREZ | BELÉN SOTTO | MAFALDA PARDAL | BEAU KILMER,single_source_row,not_applicable,,7,FALSE,Lorena Repetto,1,FALSE,TRUE,JRN231,15,TRUE,FALSE,,,,,,,TRUE,22762,Policy and Politics,248,0.823,Q1,75,Sociology and Political Science,248,0.823,Q1,exact_issn,high,TRUE,FALSE,TRUE,22762,Policy and Politics,5.8,0.823,1.457,81,756,131,89,165,1530,89.0% 165/1530 Sociology and Political Science,Active,1979-2026,exact_issn,high,FALSE,,,,,,FALSE,FALSE,,,,,,,TRUE,,,TRUE,TRUE,TRUE,TRUE
ART00783,Inter and transdisciplinarity strategies for evaluating and improving water quality monitoring systems: Uruguay as a study case,inter and transdisciplinarity strategies for evaluating and improving water quality monitoring systems uruguay as a study case,2024,published,TRUE,Environmental Science & Policy,environmental science and policy,1462-9011,,10.1016/j.envsci.2024.103699,NÉSTOR MAZZEO | ANA LÍA CIGANDA | CAMILA FERNÁNDEZ NION | FRANCISCO J. PEÑAS | ALEXIA MARÍA GONZÁLEZ-FERRERAS | CAROLINA CRISCI | CRISTINA ZURBRIGGEN | DANIEL PÉREZ | JOSÉ BARQUIN | ISMAEL DÍAZ,single_source_row,not_applicable,,10,FALSE,Cristina Zurbriggen,1,FALSE,TRUE,JRN107,,FALSE,FALSE,,,,,,,FALSE,,,,,,,,,,,,,FALSE,FALSE,FALSE,,,,,,,,,,,,,,,,,TRUE,ENVIRONMENTAL SCIENCE & POLICY,1462-9011,A1,exact_issn,high,FALSE,FALSE,,,,,,,,TRUE,,,,TRUE,TRUE
ART00784,"Itinerarios, vertientes y perspectivas de las derechas uruguayas contemporáneas",itinerarios vertientes y perspectivas de las derechas uruguayas contemporaneas,2024,published,TRUE,Disjuntiva Crítica de les Ciències Socials,disjuntiva critica de les ciencies socials,,2659-7071,,"GERARDO CAETANO | BROQUETAS, MAGDALENA",single_source_row,not_applicable,,2,FALSE,Gerardo Caetano,1,FALSE,TRUE,JRN092,0,FALSE,FALSE,,,,,,,FALSE,,,,,,,,,,,,,FALSE,FALSE,FALSE,,,,,,,,,,,,,,,,,FALSE,,,,,,FALSE,FALSE,,,,,,,,,,,,TRUE,TRUE
ART00785,La búsqueda de la flexibilización de Mercosur: impulsos y límites de la demanda uruguaya,la busqueda de la flexibilizacion de mercosur impulsos y limites de la demanda uruguaya,2024,published,TRUE,Civitas - Revista de Ciências Sociais,civitas revista de ciencias sociais,,1984-7289,10.15448/1984-7289.2023.1,GERARDO CAETANO,single_source_row,not_applicable,,1,TRUE,Gerardo Caetano,1,FALSE,TRUE,JRN049,5,TRUE,FALSE,,,,,,,TRUE,21100877661,Civitas,1324,0.115,Q4,8,Sociology and Political Science,1324,0.115,Q4,exact_issn,high,TRUE,FALSE,TRUE,21100877661,Civitas,0.4,0.115,0.316,26,58,146,40,851,1434,40.0% 851/1434 Cultural Studies,Active,2018-2026,exact_issn,high,FALSE,,,,conflict,low,FALSE,FALSE,,,,,,,TRUE,,,FALSE,FALSE,TRUE,TRUE
ART00786,La ciencia política en Uruguay en el siglo XXI: avances y desafíos en el desarrollo del campo disciplinario,la ciencia politica en uruguay en el siglo xxi avances y desafios en el desarrollo del campo disciplinario,2024,published,TRUE,Revista Mexicana de Ciencias Políticas y Sociales,revista mexicana de ciencias politicas y sociales,,2448-492X,10.22201/fcpys.2448492xe.2024.251.87022,ROCHA-CARPIUC | PANDOLFO SANTURIO,single_source_row,not_applicable,,2,FALSE,Cecilia Rocha-Carpiuc,1,FALSE,TRUE,JRN341,1,FALSE,FALSE,,,,,,,FALSE,,,,,,,,,,,,,FALSE,FALSE,FALSE,,,,,,,,,,,,,,,,,TRUE,REVISTA MEXICANA DE CIENCIAS POLÍTICAS Y SOCIALES,0185-1918,A1,exact_issn,high,TRUE,TRUE,TRUE,TRUE,Revista mexicana de ciencias políticas y sociales,https://www.latindex.org/latindex/ficha/16244,exact_normalized_name,high,,TRUE,TRUE,,,TRUE,TRUE
ART00787,La comparación como estrategia en el estudio del Estado en Uruguay: origen y desarrollo,la comparacion como estrategia en el estudio del estado en uruguay origen y desarrollo,2024,published,TRUE,Revista de la Facultad de Derecho,revista de la facultad de derecho,0255-5328,2790-5152,,JOSE MIGUEL BUSQUETS | OSCAR SARLO,single_source_row,not_applicable,,2,FALSE,José Busquets,1,FALSE,TRUE,JRN302,0,FALSE,FALSE,,,,,,,FALSE,,,,,,,,,,,,,FALSE,FALSE,FALSE,,,,,,,,,,,,,,,,,FALSE,,,,ambiguous,low,FALSE,FALSE,,,,,,,,,,,,TRUE,TRUE
ART00788,"La Corte Electoral de Uruguay: origen, evolución, fortalezas y desafíos",la corte electoral de uruguay origen evolucion fortalezas y desafios,2024,published,TRUE,Revista Uruguaya de Ciencia Política,revista uruguaya de ciencia politica,,0797-9789,,ANTONIO CARDARELLO | Alfonso Castiglia,single_source_row,not_applicable,,2,FALSE,Antonio Cardarello,1,FALSE,TRUE,JRN351,5,FALSE,FALSE,,,,,,,FALSE,,,,,,,,,,,ambiguous,low,FALSE,FALSE,FALSE,,,,,,,,,,,,,,,ambiguous,low,TRUE,REVISTA URUGUAYA DE CIENCIA POLITICA,1688-499X,A1,exact_issn,high,TRUE,TRUE,TRUE,FALSE,Revista uruguaya de ciencia política,https://www.latindex.org/latindex/ficha/16727,exact_normalized_name,high,,TRUE,TRUE,,,TRUE,TRUE
ART00789,"La crisis hídrica y las paradojas de la gobernanza del agua en Uruguay. Instituciones, actores y conflictos socioambientales a dos décadas del plebiscito de 2004",la crisis hidrica y las paradojas de la gobernanza del agua en uruguay instituciones actores y conflictos socioambientales a dos decadas del plebiscito de 2004,2024,published,TRUE,Revista Uruguaya de Ciencia Política,revista uruguaya de ciencia politica,,0797-9789,10.26851/rucp.33.7,Andrea Delbono | Alexandra Lizbona,doi_propagated_by_fuzzy_title_year_journal_authors,high,,2,FALSE,Andrea Delbono | Alexandra Lizbona,2,TRUE,TRUE,JRN351,9,FALSE,FALSE,,,,,,,FALSE,,,,,,,,,,,ambiguous,low,FALSE,FALSE,FALSE,,,,,,,,,,,,,,,ambiguous,low,TRUE,REVISTA URUGUAYA DE CIENCIA POLITICA,1688-499X,A1,exact_issn,high,TRUE,TRUE,TRUE,FALSE,Revista uruguaya de ciencia política,https://www.latindex.org/latindex/ficha/16727,exact_normalized_name,high,,TRUE,TRUE,,,TRUE,TRUE
ART00790,La marea de extrema derecha llega a Uruguay,la marea de extrema derecha llega a uruguay,2024,published,FALSE,NACLA Report on the Americas,nacla report on the americas,1071-4839,2471-2620,10.1080/10714839.2024.2323404,GERARDO CAETANO,single_source_row,not_applicable,,1,TRUE,Gerardo Caetano,1,FALSE,TRUE,JRN199,,FALSE,FALSE,,,,,,,FALSE,,,,,,,,,,,,,FALSE,FALSE,FALSE,,,,,,,,,,,,,,,,,FALSE,,,,,,FALSE,FALSE,,,,,,,,,,,,TRUE,TRUE
ART00791,Las variaciones en la geopolítica de la ultraderecha neopatriota y la contestación al orden internacional,las variaciones en la geopolitica de la ultraderecha neopatriota y la contestacion al orden internacional,2024,published,FALSE,CEBRI-Revista,cebri revista,2764-7897,,,"LÓPEZ, CAMILO | SANAHUJA, JOSÉ ANTONIO",single_source_row,not_applicable,,2,FALSE,Camilo López,1,FALSE,TRUE,JRN047,12,FALSE,FALSE,,,,,,,FALSE,,,,,,,,,,,,,FALSE,FALSE,FALSE,,,,,,,,,,,,,,,,,TRUE,CEBRI-REVISTA (ONLINE),2764-7897,A3,exact_issn,high,FALSE,FALSE,,,,,,,,TRUE,,,,TRUE,TRUE
ART00792,Latin America's Neopatriots,latin americas neopatriots,2024,published,FALSE,NACLA Report on the Americas,nacla report on the americas,1071-4839,2471-2620,10.1080/10714839.2024.2323397,"SANAHUJA, José Antonio | LÓPEZ, CAMILO",single_source_row,not_applicable,,2,FALSE,Camilo López,1,FALSE,TRUE,JRN199,,FALSE,FALSE,,,,,,,FALSE,,,,,,,,,,,,,FALSE,FALSE,FALSE,,,,,,,,,,,,,,,,,FALSE,,,,,,FALSE,FALSE,,,,,,,,,,,,TRUE,TRUE
ART00793,"Maquiavelo, Laclau y Mouffe. Encuentros y desencuentros entre populismo y republicanismo",maquiavelo laclau y mouffe encuentros y desencuentros entre populismo y republicanismo,2024,published,TRUE,Revista de Estudios Políticos,revista de estudios politicos,0048-7694,1989-0613,10.18042/cepc/rep.205.02,JULIÁN GONZÁLEZ | Julián González Scandizzi,single_source_row,not_applicable,,2,FALSE,Julián González Scandizzi,1,FALSE,TRUE,JRN289,2,TRUE,TRUE,5700166680,Revista de Estudios Politicos,237,0.475,Q2,15,TRUE,5700166680,Revista de Estudios Politicos,489,0.475,Q2,15,Political Science and International Relations,237,0.475,Q2,exact_issn,high,TRUE,TRUE,TRUE,5700166680,Revista de Estudios Politicos,1,0.475,1.453,41,147,147,39,929,1530,39.0% 929/1530 Sociology and Political Science,Active,2008-2026,exact_issn,high,FALSE,,,,ambiguous,low,TRUE,TRUE,TRUE,FALSE,Revista de estudios políticos,https://www.latindex.org/latindex/ficha/14400,exact_normalized_name,high,TRUE,,TRUE,FALSE,TRUE,TRUE,TRUE
ART00794,"María Pia López (2020) Not One Less. Mourning, Disobedience and Desire, Polity Press (Cambridge and Medford, MA) (Tr. Frances Riddle), xvi + 192 pp. $19.95 pbk, $64.95 hbk.",maria pia lopez 2020 not one less mourning disobedience and desire polity press cambridge and medford ma tr frances riddle xvi 192 pp 19 95 pbk 64 95 hbk,2024,published,TRUE,Bulletin of Latin American Research,bulletin of latin american research,0261-3050,1470-9856,10.1111/blar.13584,NIKI JOHNSON,single_source_row,not_applicable,,1,TRUE,Niki Johnson,1,FALSE,TRUE,JRN037,0,FALSE,FALSE,,,,,,,FALSE,,,,,,,,,,,,,FALSE,FALSE,FALSE,,,,,,,,,,,,,,,,,FALSE,,,,conflict,low,FALSE,FALSE,,,,,,,,,,,,TRUE,TRUE
ART00795,Movin? on up? The impacts of a large-scale housing lottery in Uruguay,movin on up the impacts of a large scale housing lottery in uruguay,2024,published,TRUE,Journal of Public Economics,journal of public economics,0047-2727,,10.1016/j.jpubeco.2024.105138,"MONESTIER, FELIPE | RAFAEL PIÑEIRO RODRIGUEZ | FERNANDO ROSENBLATT | GUADALUPE TUÑON | VINCENT ARMENTANO | CRAIG MCINTOSH",single_source_row,not_applicable,,6,FALSE,Felipe Monestier,1,FALSE,TRUE,JRN178,4,FALSE,FALSE,,,,,,,FALSE,,,,,,,,,,,,,FALSE,FALSE,FALSE,,,,,,,,,,,,,,,,,TRUE,JOURNAL OF PUBLIC ECONOMICS,0047-2727,A1,exact_issn,high,FALSE,FALSE,,,,,,,,TRUE,,,,TRUE,TRUE
ART00796,"“Negacionismos, batalla cultural y memoria. Nuevas (viejas) disputas en Calibán. Revista Latinoamericana de Psicoanálisis. Volumen 22, Nº 1, Montevideo, Federación Psicoanalítica de América Latina (FEPAL), 2024, pp. 178 a 183. https://calibanrlp.com/ ISSN: 2304-5531. (En coautoría con Federico Caetano)",negacionismos batalla cultural y memoria nuevas viejas disputas en caliban revista latinoamericana de psicoanalisis volumen 22 no 1 montevideo federacion psicoanalitica de america latina fepal 2024 pp 178 a 183 https calibanrlp com issn 2304 5531 en coautoria con federico caetano,2024,published,TRUE,Calibán - Revista Latinoamericana de Psicoanálisis,caliban revista latinoamericana de psicoanalisis,2304-5531,,,GERARDO CAETANO | FEDERICO CAETANO,single_source_row,not_applicable,,2,FALSE,Gerardo Caetano,1,FALSE,TRUE,JRN045,,FALSE,FALSE,,,,,,,FALSE,,,,,,,,,,,,,FALSE,FALSE,FALSE,,,,,,,,,,,,,,,,,FALSE,,,,,,FALSE,FALSE,,,,,,,,,,,,TRUE,TRUE
ART00797,Northern theories and Southern policies. Why the most influential approaches are insufficient for teaching public policy in Latin America,northern theories and southern policies why the most influential approaches are insufficient for teaching public policy in latin america,2024,published,TRUE,Teaching Public Administration,teaching public administration,,2047-8720,10.1177/01447394231169899,BENTANCUR NICOLÁS,single_source_row,not_applicable,,1,TRUE,Nicolás Bentancur,1,FALSE,TRUE,JRN375,15,FALSE,FALSE,,,,,,,FALSE,,,,,,,,,,,,,FALSE,FALSE,FALSE,,,,,,,,,,,,,,,,,FALSE,,,,,,FALSE,FALSE,,,,,,,,,,,,TRUE,TRUE
ART00798,Ontologías políticas plurales en los procesos de transición sostenible,ontologias politicas plurales en los procesos de transicion sostenible,2024,published,TRUE,L'Ordinaire des Amériques,lordinaire des ameriques,,2273-0095,10.4000/123fk,CRISTINA ZURBRIGGEN | LAURA GIOSCIA,single_source_row,not_applicable,,2,FALSE,Cristina Zurbriggen,1,FALSE,TRUE,JRN192,,FALSE,FALSE,,,,,,,FALSE,,,,,,,,,,,,,FALSE,FALSE,FALSE,,,,,,,,,,,,,,,,,FALSE,,,,,,FALSE,FALSE,,,,,,,,,,,,TRUE,TRUE
ART00799,Perceptions of lifeguards and beachgoers facing emerging cyanobacterial blooms washing ashore,perceptions of lifeguards and beachgoers facing emerging cyanobacterial blooms washing ashore,2024,published,TRUE,Ocean & Coastal Management,ocean and coastal management,0964-5691,,10.1016/j.ocecoaman.2024.107387,ANA LÍA CIGANDA | CRISTINA ZURBRIGGEN | NÉSTOR MAZZEO | EMILIANO ÁLVAREZ | MILENA HOLMGREN | MIQUEL LÜRLING,single_source_row,not_applicable,,6,FALSE,Cristina Zurbriggen,1,FALSE,TRUE,JRN211,,FALSE,FALSE,,,,,,,FALSE,,,,,,,,,,,,,FALSE,FALSE,FALSE,,,,,,,,,,,,,,,,,FALSE,,,,,,FALSE,FALSE,,,,,,,,,,,,TRUE,TRUE
ART00800,Polarización política y comportamiento de la Suprema Corte de Justicia en Uruguay,polarizacion politica y comportamiento de la suprema corte de justicia en uruguay,2024,published,TRUE,International Journal of Constitutional Law,international journal of constitutional law,1474-2640,1474-2659,10.1093/icon/moae066,"DANIELA VAIRO | ANTÍA, FLORENCIA | LUJÁN, DIEGO",exact_doi,high,,3,FALSE,Florencia Antía | Diego Luján | Daniela Vairo,3,TRUE,TRUE,JRN158,2,FALSE,FALSE,,,,,,,FALSE,,,,,,,,,,,,,FALSE,FALSE,FALSE,,,,,,,,,,,,,,,,,FALSE,,,,,,FALSE,FALSE,,,,,,,,,,,,TRUE,TRUE
ART00801,"Pueblo chico, alcalde grande. Abstencionismo en las elecciones municipales de Uruguay, 2010-2020",pueblo chico alcalde grande abstencionismo en elecciones municipales de uruguay 2010 2020,2024,published,TRUE,Íconos - Revista de Ciencias Sociales,iconos revista de ciencias sociales,1390-1249,1390-8065,10.17141/iconos.78.2024.5955,"BUQUET, D | ANTONIO CARDARELLO | Nicolás Schmidt",exact_doi,high,,3,FALSE,Daniel Buquet | Antonio Cardarello | Nicolás Schmidt,3,TRUE,TRUE,JRN151,3,TRUE,FALSE,,,,,,,TRUE,21101044834,Iconos,722,0.301,Q2,9,Sociology and Political Science,722,0.301,Q2,exact_issn,high,TRUE,FALSE,TRUE,21101044834,Iconos,1.3,0.301,0.718,48,166,124,64,192,536,64.0% 192/536 Anthropology,Active,2019-2026,exact_issn,high,FALSE,,,,conflict,low,TRUE,TRUE,TRUE,FALSE,Íconos,https://www.latindex.org/latindex/ficha/8467,exact_normalized_name,high,TRUE,,TRUE,FALSE,TRUE,TRUE,TRUE
ART00802,Primarias abiertas y simultáneas en América Latina. Una propuesta preliminar para su estudio comparativo,primarias abiertas y simultaneas en america latina una propuesta preliminar para su estudio comparativo,2024,published,TRUE,"Colombia Internacional, 118",colombia internacional 118,0121-5612,1900-6004,10.7440/colombiaint118.2024.01,"BUQUET, D | GALLO, A",single_source_row,not_applicable,,2,FALSE,Daniel Buquet,1,FALSE,TRUE,JRN053,19,TRUE,TRUE,5800169849,Colombia Internacional,407,0.239,Q3,18,TRUE,5800169849,Colombia Internacional,837,0.239,Q3,18,Political Science and International Relations,407,0.239,Q3,exact_issn,high,TRUE,TRUE,TRUE,5800169849,Colombia Internacional,1.4,0.239,0.752,55,151,105,90,176,1936,90.0% 176/1936 History,Active,2011-2026,exact_issn,high,FALSE,,,,conflict,low,TRUE,TRUE,FALSE,TRUE,Colombia Internacional,https://www.latindex.org/latindex/ficha/4440,exact_normalized_name,high,TRUE,,TRUE,FALSE,FALSE,TRUE,TRUE
ART00803,¿Qué piensan los latinoamericanos sobre el sistema mundial?,que piensan los latinoamericanos sobre el sistema mundial,2024,published,TRUE,Estudos Internacionais Revista de Relações Internacionais da PUC Minas,estudos internacionais revista de relacoes internacionais da puc minas,,2317-773X,,Carlos Luján,single_source_row,not_applicable,,1,TRUE,Carlos Luján,1,FALSE,TRUE,JRN123,,TRUE,TRUE,21100840182,Estudos Internacionais,659,0.11,Q4,6,FALSE,,,,,,,Political Science and International Relations,659,0.11,Q4,exact_issn,high,TRUE,TRUE,FALSE,21100840182,Estudos Internacionais,0.2,0.11,0.059,14,19,79,9,673,745,9.0% 673/745 Political Science and International Relations,Active,2017-2025,exact_issn,high,TRUE,ESTUDOS INTERNACIONAIS,2317-773X,A4,exact_issn,high,FALSE,FALSE,,,,,,,TRUE,TRUE,,FALSE,FALSE,TRUE,TRUE
ART00804,Reformas constitucionales en contextos autoritarios: los casos de Chile y Uruguay en 1980,reformas constitucionales en contextos autoritarios los casos de chile y uruguay en 1980,2024,published,TRUE,Revista de Derecho Público Contemporaneo,revista de derecho publico contemporaneo,2594-813X,,,JOSE MIGUEL BUSQUETS | OSCAR SARLO,single_source_row,not_applicable,,2,FALSE,José Busquets,1,FALSE,TRUE,JRN286,,FALSE,FALSE,,,,,,,FALSE,,,,,,,,,,,,,FALSE,FALSE,FALSE,,,,,,,,,,,,,,,,,FALSE,,,,,,FALSE,FALSE,,,,,,,,,,,,TRUE,TRUE
ART00805,Siempre he sido un historiador antes que nada,siempre he sido un historiador antes que nada,2024,published,TRUE,Contemporánea,contemporanea,1688-7638,1688-9746,,GERARDO CAETANO,single_source_row,not_applicable,,1,TRUE,Gerardo Caetano,1,FALSE,TRUE,JRN060,,FALSE,FALSE,,,,,,,FALSE,,,,,,,,,,,,,FALSE,FALSE,FALSE,,,,,,,,,,,,,,,,,FALSE,,,,ambiguous,low,FALSE,FALSE,,,,,,,,,,,,TRUE,TRUE
ART00806,Territorial transitions in Latin America: a dialogue between social systems theory and socio-technical systems approaches,territorial transitions in latin america a dialogue between social systems theory and socio technical systems approaches,2024,published,TRUE,Cybernetics & Human Knowing,cybernetics and human knowing,0907-0877,1756-6177,,ZURBRIGGEN | Marco Billi | Anahí Urquiza | Julio Labraña | Catalina Amigo | Angel Allendes,single_source_row,not_applicable,,6,FALSE,Cristina Zurbriggen,1,FALSE,TRUE,JRN078,,FALSE,FALSE,,,,,,,FALSE,,,,,,,,,,,,,FALSE,FALSE,FALSE,,,,,,,,,,,,,,,,,FALSE,,,,,,FALSE,FALSE,,,,,,,,,,,,TRUE,TRUE
ART00807,"The Emergence and Revival of Charismatic Movements: Argentine Peronism and Venezuelan Chavismo Cambridge University Press, 2021, pp. xvi + 251",the emergence and revival of charismatic movements argentine peronism and venezuelan chavismo cambridge university press 2021 pp xvi 251,2024,published,TRUE,Journal of Latin American Studies,journal of latin american studies,0022-216X,1469-767X,,"LUJÁN, DIEGO",single_source_row,not_applicable,,1,TRUE,Diego Luján,1,FALSE,TRUE,JRN172,0,TRUE,FALSE,,,,,,,TRUE,26288,Journal of Latin American Studies,564,0.392,Q2,56,Sociology and Political Science,564,0.392,Q2,exact_issn,high,TRUE,FALSE,TRUE,26288,Journal of Latin American Studies,1.7,0.392,1.206,55,144,84,72,191,692,72.0% 191/692 Arts and Humanities (miscellaneous),Active,1969-2026,exact_issn,high,TRUE,JOURNAL OF LATIN AMERICAN STUDIES (PRINT),0022-216X,A3,exact_issn,high,FALSE,FALSE,,,,,,,TRUE,TRUE,,FALSE,TRUE,TRUE,TRUE
ART00808,"The far right, populism, and the contestation of regionalism in South America: Bolsonaro and Milei",the far right populism and the contestation of regionalism in south america bolsonaro and milei,2024,published,TRUE,Global Discourse,global discourse,2326-9995,2043-7897,10.1332/20437897y2024d000000041,"Diego Hernández Nilson | LÓPEZ, CAMILO | Sanahuja, José Antonio",single_source_row,not_applicable,,3,FALSE,Camilo López,1,FALSE,TRUE,JRN137,14,TRUE,TRUE,21100782417,Global Discourse,277,0.383,Q2,26,TRUE,21100782417,Global Discourse,577,0.383,Q2,26,Political Science and International Relations,277,0.383,Q2,exact_issn,high,TRUE,TRUE,TRUE,21100782417,Global Discourse,5,0.383,0.968,90,404,81,87,91,745,87.0% 91/745 Political Science and International Relations,Active,2013-2026; 2010-2011,exact_issn,high,FALSE,,,,,,FALSE,FALSE,,,,,,,TRUE,,,FALSE,TRUE,TRUE,TRUE
ART00809,The Role of Electoral Coordination in Party Formation: Explaining the Origin of the Uruguayan Frente Amplio in 1971,the role of electoral coordination in party formation explaining the origin of the uruguayan frente amplio in 1971,2025,published,TRUE,Journal of Latin American Studies,journal of latin american studies,0022-216X,1469-767X,10.1017/s0022216x2500001x,"LUJÁN, DIEGO | Juan A. Moraes",exact_doi,high,,2,FALSE,Diego Luján | Juan Andrés Moraes,2,TRUE,TRUE,JRN172,1,TRUE,FALSE,,,,,,,TRUE,26288,Journal of Latin American Studies,564,0.392,Q2,56,Sociology and Political Science,564,0.392,Q2,exact_issn,high,TRUE,FALSE,TRUE,26288,Journal of Latin American Studies,1.7,0.392,1.206,55,144,84,72,191,692,72.0% 191/692 Arts and Humanities (miscellaneous),Active,1969-2026,exact_issn,high,TRUE,JOURNAL OF LATIN AMERICAN STUDIES (PRINT),0022-216X,A3,exact_issn,high,FALSE,FALSE,,,,,,,TRUE,TRUE,,FALSE,TRUE,TRUE,TRUE
ART00810,"Transition in Action: Toward a Social Theory of the Governance of Transitions""""",transition in action toward a social theory of the governance of transitions,2024,published,TRUE,Frontiers in Sociology,frontiers in sociology,,2297-7775,10.3389/fsoc.2024.1206050,Zurbriggen | Billi | Urquiza | Allendes,single_source_row,not_applicable,,4,FALSE,Cristina Zurbriggen,1,FALSE,TRUE,JRN132,,FALSE,FALSE,,,,,,,FALSE,,,,,,,,,,,,,FALSE,FALSE,FALSE,,,,,,,,,,,,,,,,,FALSE,,,,,,FALSE,FALSE,,,,,,,,,,,,TRUE,TRUE
ART00811,¿«Un paso más en la búsqueda de la equidad real»? Estrategias discursivas de la derecha uruguaya para impulsar la Ley de Corresponsabilidad en la Crianza,un paso mas en la busqueda de la equidad real estrategias discursivas de la derecha uruguaya para impulsar la ley de corresponsabilidad en la crianza,2024,published,TRUE,Encuentros Latinoamericanos,encuentros latinoamericanos,,1688-437X,,NIKI JOHNSON | Agustina Huertas,single_source_row,not_applicable,,2,FALSE,Niki Johnson,1,FALSE,TRUE,JRN104,2,FALSE,FALSE,,,,,,,FALSE,,,,,,,,,,,,,FALSE,FALSE,FALSE,,,,,,,,,,,,,,,,,FALSE,,,,,,FALSE,FALSE,,,,,,,,,,,,TRUE,TRUE
ART00812,Unorganized Politics The Political Aftermath of Social Unrest in Chile,unorganized politics the political aftermath of social unrest in chile,2024,published,TRUE,Comparative Politics,comparative politics,0010-4159,2151-6227,10.5129/001041524x17090751963915,Lihuen Nocetto | Verónica Pérez Bentancur | FERNANDO ROSENBLATT | RAFAEL PIÑEIRO RODRIGUEZ,single_source_row,not_applicable,,4,FALSE,Verónica Pérez Bentancur,1,FALSE,TRUE,JRN055,12,TRUE,FALSE,,,,,,,TRUE,13448,Comparative Politics,112,1.324,Q1,83,Sociology and Political Science,112,1.324,Q1,exact_issn,high,TRUE,FALSE,TRUE,13448,Comparative Politics,3.9,1.324,1.454,73,402,104,79,317,1530,79.0% 317/1530 Sociology and Political Science,Active,1996-2026; 1987-1989; 1978,exact_issn,high,FALSE,,,,,,FALSE,FALSE,,,,,,,TRUE,,,TRUE,TRUE,TRUE,TRUE
ART00813,Uruguay 2023: Security as a Persistent Challenge and the Decline of Non-Policy Politics as a Political Asset,uruguay 2023 security as a persistent challenge and the decline of non policy politics as a political asset,2024,published,TRUE,Revista de ciencia política (Santiago),revista de ciencia politica santiago,,0718-090X,10.4067/s0718-090x2024005000108,Inés Fynn | Verónica Pérez Bentancur | LUCÍA TISCORNIA,single_source_row,not_applicable,,3,FALSE,Verónica Pérez Bentancur,1,FALSE,TRUE,JRN280,4,TRUE,TRUE,5100152922,Revista de Ciencia Politica,79,0.975,Q1,28,TRUE,5100152922,Revista de Ciencia Politica,188,0.975,Q1,28,Political Science and International Relations,79,0.975,Q1,exact_issn,high,TRUE,TRUE,TRUE,5100152922,Revista de Ciencia Politica,3.4,0.975,1.404,79,258,77,77,166,745,77.0% 166/745 Political Science and International Relations,Active,2006-2025; 2002,exact_issn,high,TRUE,REVISTA DE CIENCIA POLÍTICA (SANTIAGO. EN LÍNEA),0718-090X,A1,exact_issn,high,TRUE,TRUE,TRUE,FALSE,Revista de ciencia política,https://www.latindex.org/latindex/ficha/14054,exact_normalized_name,high,TRUE,TRUE,TRUE,TRUE,TRUE,TRUE,TRUE
ART00814,Welfare Conditionality in Latin America's Conditional Cash Transfers: Models and Trends,welfare conditionality in latin americas conditional cash transfers models and trends,2024,published,TRUE,International Journal of Social Welfare,international journal of social welfare,1369-6866,1468-2397,10.1111/ijsw.12677,"ANTÍA, FLORENCIA | Karsaclian, Sofía | Rossel, Cecilia",single_source_row,not_applicable,,3,FALSE,Florencia Antía,1,FALSE,TRUE,JRN162,12,TRUE,FALSE,,,,,,,TRUE,29831,International Journal of Social Welfare,395,0.59,Q2,66,Sociology and Political Science,395,0.59,Q2,exact_issn,high,TRUE,FALSE,TRUE,29831,International Journal of Social Welfare,2.8,0.59,1.04,69,707,249,70,448,1530,70.0% 448/1530 Sociology and Political Science,Active,1996-2026,exact_issn,high,FALSE,,,,,,FALSE,FALSE,,,,,,,TRUE,,,FALSE,TRUE,TRUE,TRUE
ART00815,Adoption and Implementation as a Two-Stage Process: Feminist Strategies and Conservative Resistance in the Quest for Legislative Abortion Reform,adoption and implementation as a two stage process feminist strategies and conservative resistance in the quest for legislative abortion reform,2025,published,TRUE,Perspectives on Politics,perspectives on politics,1537-5927,1541-0986,10.1017/s1537592725102284,ROCHA-CARPIUC | Verónica Pérez Bentancur | Piscopo,exact_doi,high,,3,FALSE,Verónica Pérez Bentancur | Cecilia Rocha-Carpiuc,2,TRUE,TRUE,JRN228,0,TRUE,TRUE,4000148701,Perspectives on Politics,8,2.923,Q1,112,FALSE,,,,,,,Political Science and International Relations,8,2.923,Q1,exact_issn,high,TRUE,TRUE,FALSE,4000148701,Perspectives on Politics,9.4,2.923,3.472,76,2476,264,98,13,745,98.0% 13/745 Political Science and International Relations,Active,2003-2026,exact_issn,high,TRUE,PERSPECTIVES ON POLITICS (PRINT),1537-5927,A1,exact_issn,high,FALSE,FALSE,,,,,,,TRUE,TRUE,,TRUE,TRUE,TRUE,TRUE
ART00816,?¿Atrapados sin salida?Impactos de la institucionalización del bienestar residual desde el caso uruguayo,atrapados sin salida impactos de la institucionalizacion del bienestar residual desde el caso uruguayo,2025,published,TRUE,Cuestión Urbana,cuestion urbana,2545-6881,,,CARMEN MIDAGLIA,single_source_row,not_applicable,,1,TRUE,Carmen Midaglia,1,FALSE,TRUE,JRN075,,FALSE,FALSE,,,,,,,FALSE,,,,,,,,,,,,,FALSE,FALSE,FALSE,,,,,,,,,,,,,,,,,FALSE,,,,,,FALSE,FALSE,,,,,,,,,,,,TRUE,TRUE
ART00817,Beyond the Buzzwords: why Ideas and discourse matter in Management,beyond the buzzwords why ideas and discourse matter in management,2025,accepted,TRUE,Discourses on Culture,discourses on culture,,2450-0402,,"GARCÉ, A. | LEAL, J.",single_source_row,not_applicable,,2,FALSE,Adolfo Garcé,1,FALSE,TRUE,JRN091,0,FALSE,FALSE,,,,,,,FALSE,,,,,,,,,,,,,FALSE,FALSE,FALSE,,,,,,,,,,,,,,,,,FALSE,,,,,,FALSE,FALSE,,,,,,,,,,,,TRUE,TRUE
ART00818,Ciencia política latinoamericana en clave comparada: mapeando el caso peruano,ciencia politica latinoamericana en clave comparada mapeando el caso peruano,2025,published,TRUE,Politai Revista de Ciencia Política,politai revista de ciencia politica,2219-4142,2415-2498,10.18800/politai.202502.001,ROCHA-CARPIUC,single_source_row,not_applicable,,1,TRUE,Cecilia Rocha-Carpiuc,1,FALSE,TRUE,JRN235,0,FALSE,FALSE,,,,,,,FALSE,,,,,,,,,,,ambiguous,low,FALSE,FALSE,FALSE,,,,,,,,,,,,,,,ambiguous,low,FALSE,,,,ambiguous,low,FALSE,FALSE,,,,,ambiguous,low,,,,,,TRUE,TRUE
ART00819,Claves en 2024: un análisis del proceso electoral en Uruguay,claves en 2024 un analisis del proceso electoral en uruguay,2025,published,TRUE,Revista de Derecho Electoral,revista de derecho electoral,1659-2808,1659-2069,,ANTONIO CARDARELLO | Valeria Bonomi | Federico Musto Crucci,single_source_row,not_applicable,,3,FALSE,Antonio Cardarello,1,FALSE,TRUE,JRN284,0,FALSE,FALSE,,,,,,,FALSE,,,,,,,,,,,,,FALSE,FALSE,FALSE,,,,,,,,,,,,,,,,,FALSE,,,,,,TRUE,TRUE,TRUE,FALSE,Revista de Derecho Electoral,https://www.latindex.org/latindex/ficha/14210,exact_normalized_name,high,,,TRUE,,,TRUE,TRUE
ART00820,"Cohen, A. L., Delbono, A., Zurbriggen, C., & Neme, C. (2025). Gobernanza ambiental en Uruguay: reconocimiento simbólico, cambios institucionales y límites distributivos tras la creación del Ministerio de Ambiente (2020-2025)",cohen a l delbono a zurbriggen c and neme c 2025 gobernanza ambiental en uruguay reconocimiento simbolico cambios institucionales y limites distributivos tras la creacion del ministerio de ambiente 2020 2025,2025,published,TRUE,Gobierno y Administración Pública,gobierno y administracion publica,,2735-7074,10.29393/gp10-2auac40002,LIZBONA COHEN | ZURBRIGGEN | Andrea Delbono | C.NEME,exact_doi,high,,4,FALSE,Andrea Delbono | Alexandra Lizbona,2,TRUE,TRUE,JRN139,0,FALSE,FALSE,,,,,,,FALSE,,,,,,,,,,,,,FALSE,FALSE,FALSE,,,,,,,,,,,,,,,,,FALSE,,,,,,TRUE,TRUE,TRUE,FALSE,Gobierno y administración pública,https://www.latindex.org/latindex/ficha/28426,exact_normalized_name,high,,,TRUE,,,TRUE,TRUE
ART00821,"Competencia, participación y acuerdos: primarias presidenciales en Uruguay (1999-2024)",competencia participacion y acuerdos primarias presidenciales en uruguay 1999 2024,2025,published,TRUE,Revista Argentina de Ciencia Política,revista argentina de ciencia politica,0329-3092,2683-9032,10.62174/10952,"BUQUET, D",single_source_row,not_applicable,,1,TRUE,Daniel Buquet,1,FALSE,TRUE,JRN268,0,FALSE,FALSE,,,,,,,FALSE,,,,,,,,,,,ambiguous,low,FALSE,FALSE,FALSE,,,,,,,,,,,,,,,ambiguous,low,FALSE,,,,,,TRUE,TRUE,TRUE,FALSE,Revista argentina de ciencia política,https://www.latindex.org/latindex/ficha/13138,exact_normalized_name,high,,,TRUE,,,TRUE,TRUE
ART00822,Conceptualizing cannabis grey markets: A typology based on the Uruguayan case,conceptualizing cannabis grey markets a typology based on the uruguayan case,2025,published,TRUE,International Journal of Drug Policy,international journal of drug policy,0955-3959,,10.1016/j.drugpo.2025.105020,LORENA REPETTO | ROSARIO QUEIROLO | JOAQUÍN ALONSO | MAFALDA PARDAL | LAURA ATUESTA | BEAU KILMER | ELIANA ÁLVAREZ | BELÉN SOTTO,single_source_row,not_applicable,,8,FALSE,Lorena Repetto,1,FALSE,TRUE,JRN159,5,FALSE,FALSE,,,,,,,FALSE,,,,,,,,,,,,,FALSE,FALSE,FALSE,,,,,,,,,,,,,,,,,FALSE,,,,,,FALSE,FALSE,,,,,,,,,,,,TRUE,TRUE
ART00823,"Conocer, actuar y desobedecer: ideas feministas sobre la opresión patriarcal y su circulación en Buenos Aires y Montevideo en los 1980",conocer actuar y desobedecer ideas feministas sobre la opresion patriarcal y su circulacion en buenos aires y montevideo en los 1980,2025,published,TRUE,Tempo (Brasil),tempo brasil,1413-7704,1980-542X,10.1590/tem-1980-542x2024v310111,DE GIORGI,single_source_row,not_applicable,,1,TRUE,Ana Laura de Giorgi,1,FALSE,TRUE,JRN380,,FALSE,FALSE,,,,,,,FALSE,,,,,,,,,,,,,FALSE,FALSE,FALSE,,,,,,,,,,,,,,,,,FALSE,,,,,,FALSE,FALSE,,,,,,,,,,,,TRUE,TRUE
ART00824,Conversación con Craig Parsons,conversacion con craig parsons,2025,published,TRUE,Araucaria,araucaria,1575-6823,2340-2199,10.12795/araucaria.2025.i58.10,"GARCÉ, A. | Labiano, Virginia",single_source_row,not_applicable,,2,FALSE,Adolfo Garcé,1,FALSE,TRUE,JRN024,0,TRUE,FALSE,,,,,,,TRUE,21100211326,Araucaria,921,0.208,Q3,10,Sociology and Political Science,921,0.208,Q3,exact_issn,high,TRUE,FALSE,TRUE,21100211326,Araucaria,0.6,0.208,0.897,29,202,341,67,633,1936,67.0% 633/1936 History,Active,2012-2026,exact_issn,high,FALSE,,,,conflict,low,FALSE,FALSE,,,,,,,TRUE,,,FALSE,FALSE,TRUE,TRUE
ART00825,¿Cuestión de tiempo? Las mujeres en la ciencia política uruguaya,cuestion de tiempo las mujeres en la ciencia politica uruguaya,2025,published,TRUE,Revista Andina de Estudios Políticos,revista andina de estudios politicos,,2221-4135,10.35004/raep.v15i2.246,"ROCHA-CARPIUC | Pandolfo Santurio, Sofía",single_source_row,not_applicable,,2,FALSE,Cecilia Rocha-Carpiuc,1,FALSE,TRUE,JRN267,1,FALSE,FALSE,,,,,,,FALSE,,,,,,,,,,,ambiguous,low,FALSE,FALSE,FALSE,,,,,,,,,,,,,,,ambiguous,low,TRUE,REVISTA ANDINA DE ESTUDIOS POLÍTICOS,2221-4135,A4,exact_issn,high,FALSE,FALSE,,,,,ambiguous,low,,TRUE,,,,TRUE,TRUE
ART00826,Decentralisation in Montevideo: The Effects of Inequality and Party Mobilisation on Electoral Participation at the Territorial Level,decentralisation in montevideo the effects of inequality and party mobilisation on electoral participation at the territorial level,2025,published,TRUE,Bulletin of Latin American Research,bulletin of latin american research,0261-3050,1470-9856,10.1111/blar.70042,MARTÍN FREIGEDO | GERMÁN BIDEGAIN | FABRICIO CARNEIRO | GONZALO PUIG,exact_doi,high,,4,FALSE,Germán Bidegain | Fabricio Carneiro | Martín Freigedo,3,TRUE,TRUE,JRN037,0,FALSE,FALSE,,,,,,,FALSE,,,,,,,,,,,,,FALSE,FALSE,FALSE,,,,,,,,,,,,,,,,,FALSE,,,,conflict,low,FALSE,FALSE,,,,,,,,,,,,TRUE,TRUE
ART00827,Diálogo con José Rilla y Jaime Yaffé a propósito de la colección Partidos y Movimientos Políticos en Uruguay,dialogo con jose rilla y jaime yaffe a proposito de la coleccion partidos y movimientos politicos en uruguay,2025,published,TRUE,Polhis,polhis,,1853-7723,,"YAFFÉ | RILLA, JOSÉ",single_source_row,not_applicable,,2,FALSE,Jaime Yaffé,1,FALSE,TRUE,JRN230,,FALSE,FALSE,,,,,,,FALSE,,,,,,,,,,,,,FALSE,FALSE,FALSE,,,,,,,,,,,,,,,,,FALSE,,,,,,FALSE,FALSE,,,,,,,,,,,,TRUE,TRUE
ART00828,Disrupting Compliance: The Impact of a Randomized Tax Holiday in Uruguay,disrupting compliance the impact of a randomized tax holiday in uruguay,2025,published,TRUE,The Journal of Politics,the journal of politics,0022-3816,1468-2508,10.1086/733003,THAD DUNNING | FELIPE MONESTIER | RAFAEL PIÑEIRO | FERNANDO ROSENBLATT | GUADALUPE TUÑÓN,single_source_row,not_applicable,,5,FALSE,Felipe Monestier,1,FALSE,TRUE,JRN387,4,TRUE,FALSE,,,,,,,TRUE,20333,Journal of Politics,15,3.492,Q1,167,Sociology and Political Science,15,3.492,Q1,exact_issn,high,TRUE,FALSE,TRUE,20333,Journal of Politics,6.9,3.492,2.572,80,3738,541,93,100,1530,93.0% 100/1530 Sociology and Political Science,Active,1939-2026,exact_issn,high,TRUE,THE JOURNAL OF POLITICS,0022-3816,A1,exact_issn,high,FALSE,FALSE,,,,,,,TRUE,TRUE,,TRUE,TRUE,TRUE,TRUE
ART00829,"Do?ek, T. (2024). The Persistence of Local Caudillos in Latin America: informal political practices and democracy in unitary countries",do ek t 2024 the persistence of local caudillos in latin america informal political practices and democracy in unitary countries,2025,published,TRUE,Revista Uruguaya de Ciencia Política,revista uruguaya de ciencia politica,,0797-9789,10.26851/rucp.34.13,ANTONIO CARDARELLO,single_source_row,not_applicable,,1,TRUE,Antonio Cardarello,1,FALSE,TRUE,JRN351,0,FALSE,FALSE,,,,,,,FALSE,,,,,,,,,,,ambiguous,low,FALSE,FALSE,FALSE,,,,,,,,,,,,,,,ambiguous,low,TRUE,REVISTA URUGUAYA DE CIENCIA POLITICA,1688-499X,A1,exact_issn,high,TRUE,TRUE,TRUE,FALSE,Revista uruguaya de ciencia política,https://www.latindex.org/latindex/ficha/16727,exact_normalized_name,high,,TRUE,TRUE,,,TRUE,TRUE
ART00830,"El desafío de “contar”: ¿para qué, a quiénes, cómo? Experiencias de política pública en torno a la caracterización cuantitativa de las personas trans en Uruguay",el desafio de contar para que a quienes como experiencias de politica publica en torno a la caracterizacion cuantitativa de las personas trans en uruguay,2025,published,TRUE,Papeles de Identidad Contar la investigación de frontera,papeles de identidad contar la investigacion de frontera,,3045-5650,,"Diego Sempol | ROCHA-CARPIUC | SCHENCK | Macari, Andrea",exact_title_year_journal,high,,4,FALSE,Cecilia Rocha-Carpiuc | Diego Sempol,2,TRUE,TRUE,JRN216,0,FALSE,FALSE,,,,,,,FALSE,,,,,,,,,,,,,FALSE,FALSE,FALSE,,,,,,,,,,,,,,,,,FALSE,,,,,,FALSE,FALSE,,,,,,,,,,,,TRUE,TRUE
ART00831,"Exit, voice, and segmentation: Recalibration strategies in South American health care systems",exit voice and segmentation recalibration strategies in south american health care systems,2025,published,TRUE,International Journal of Social Welfare,international journal of social welfare,1369-6866,1468-2397,10.1111/ijsw.70037,FABRICIO CARNEIRO | GUILLERMO FUENTES | GUSTAVO MÉNDEZ BARBATO,single_source_row,not_applicable,,3,FALSE,Fabricio Carneiro,1,FALSE,TRUE,JRN162,1,TRUE,FALSE,,,,,,,TRUE,29831,International Journal of Social Welfare,395,0.59,Q2,66,Sociology and Political Science,395,0.59,Q2,exact_issn,high,TRUE,FALSE,TRUE,29831,International Journal of Social Welfare,2.8,0.59,1.04,69,707,249,70,448,1530,70.0% 448/1530 Sociology and Political Science,Active,1996-2026,exact_issn,high,FALSE,,,,,,FALSE,FALSE,,,,,,,TRUE,,,FALSE,TRUE,TRUE,TRUE
ART00832,"Hair en Uruguay. """"Un himno hippie a todas las aberraciones vistas y por conocer""""",hair en uruguay un himno hippie a todas las aberraciones vistas y por conocer,2025,published,TRUE,Historia 396,historia 396,0719-0719,0719-7969,,Diego Sempol,single_source_row,not_applicable,,1,TRUE,Diego Sempol,1,FALSE,TRUE,JRN144,0,FALSE,FALSE,,,,,,,FALSE,,,,,,,,,,,,,FALSE,FALSE,FALSE,,,,,,,,,,,,,,,,,FALSE,,,,,,FALSE,FALSE,,,,,,,,,,,,TRUE,TRUE
ART00833,La caída de la democracia en Uruguay cincuenta años después. Reflexiones y aprendizajes,la caida de la democracia en uruguay cincuenta anos despues reflexiones y aprendizajes,2025,published,TRUE,Contemporánea,contemporanea,1688-7638,1688-9746,,YAFFÉ,single_source_row,not_applicable,,1,TRUE,Jaime Yaffé,1,FALSE,TRUE,JRN060,0,FALSE,FALSE,,,,,,,FALSE,,,,,,,,,,,,,FALSE,FALSE,FALSE,,,,,,,,,,,,,,,,,FALSE,,,,ambiguous,low,FALSE,FALSE,,,,,,,,,,,,TRUE,TRUE
ART00834,La Ciencia Política en Uruguay y sus nuevos desafíos,la ciencia politica en uruguay y sus nuevos desafios,2026,published,TRUE,Política Revista de Ciencia Política,politica revista de ciencia politica,0716-1077,0716-1077 | 0719-5338,10.5354/0719-5338.2025.78663,CECILIA ROCHA-CARPIUC | ADOLFO GARCÉ GARCÍA Y SANTOS,exact_doi,high,,2,FALSE,Adolfo Garcé | Cecilia Rocha-Carpiuc,2,TRUE,TRUE,JRN346,0,FALSE,FALSE,,,,,,,FALSE,,,,,,,,,,,,,FALSE,FALSE,FALSE,,,,,,,,,,,,,,,,,FALSE,,,,conflict,low,FALSE,FALSE,,,,,,,,,,,,FALSE,FALSE
ART00835,"La ciudad batllista: notas sobre propuestas, alternativas y visiones complementarias",la ciudad batllista notas sobre propuestas alternativas y visiones complementarias,2025,published,TRUE,América - revista da pós-graduação da escola da cidade,america revista da pos graduacao da escola da cidade,1982-1212,,,GERARDO CAETANO | Santiago Medero,single_source_row,not_applicable,,2,FALSE,Gerardo Caetano,1,FALSE,TRUE,JRN016,,FALSE,FALSE,,,,,,,FALSE,,,,,,,,,,,,,FALSE,FALSE,FALSE,,,,,,,,,,,,,,,,,FALSE,,,,,,FALSE,FALSE,,,,,,,,,,,,TRUE,TRUE
ART00836,La política hídrica en Uruguay (2000-2025): tensión estructural entre la gobernanza del agua y el extractivismo productivo,la politica hidrica en uruguay 2000 2025 tension estructural entre la gobernanza del agua y el extractivismo productivo,2025,published,TRUE,PRIUS - Revista de Derecho y Ciencia Política,prius revista de derecho y ciencia politica,2961-2829,,,LIZBONA COHEN | Andrea Delbono,single_source_row,not_applicable,,2,FALSE,Alexandra Lizbona,1,FALSE,TRUE,JRN249,0,FALSE,FALSE,,,,,,,FALSE,,,,,,,,,,,,,FALSE,FALSE,FALSE,,,,,,,,,,,,,,,,,FALSE,,,,,,FALSE,FALSE,,,,,,,,,,,,TRUE,TRUE
ART00837,Los partidos políticos uruguayos y sus preferencias en política exterior: cambios y continuidades,los partidos politicos uruguayos y sus preferencias en politica exterior cambios y continuidades,2025,published,TRUE,Relaciones internacionales,relaciones internacionales,,2314-2766,10.24215/23142766e213,"LÓPEZ, CAMILO | Carlos Luján",exact_doi,high,,2,FALSE,Camilo López | Carlos Luján,2,TRUE,TRUE,JRN264,0,FALSE,FALSE,,,,,,,FALSE,,,,,,,,,,,,,FALSE,FALSE,FALSE,,,,,,,,,,,,,,,,,TRUE,RELACIONES INTERNACIONALES (LA PLATA),1515-3371,A2,exact_issn,high,FALSE,FALSE,,,,,ambiguous,low,,TRUE,,,,TRUE,TRUE
ART00838,Moralizando a la fuerza: represión policial y disidencias sexogenéricas durante la dictadura uruguaya (1973-1985),moralizando a la fuerza represion policial y disidencias sexogenericas durante la dictadura uruguaya 1973 1985,2025,published,TRUE,Caravelle,caravelle,0184-7694,2272-9828,,Diego Sempol,single_source_row,not_applicable,,1,TRUE,Diego Sempol,1,FALSE,TRUE,JRN046,0,FALSE,FALSE,,,,,,,FALSE,,,,,,,,,,,,,FALSE,FALSE,FALSE,,,,,,,,,,,,,,,,,FALSE,,,,,,FALSE,FALSE,,,,,,,,,,,,TRUE,TRUE
ART00839,Open and Simultaneous Primary Elections: Latin America Experiences,open and simultaneous primary elections latin america experiences,2025,published,TRUE,Iberoamericana,iberoamericana,1577-3388,2255-520X,,"BUQUET, D | GALLO, A | VARGAS, N | DÍAZ, R | RODRÍGUEZ, C | ACUÑA, F | GRINSTEIN, C | CRUZ, C | URIBE, C | CARRANZA, N | FILÁRTIGA, C",single_source_row,not_applicable,,11,FALSE,Daniel Buquet,1,FALSE,TRUE,JRN150,0,FALSE,FALSE,,,,,,,FALSE,,,,,,,,,,,,,FALSE,FALSE,FALSE,,,,,,,,,,,,,,,,,FALSE,,,,conflict,low,TRUE,TRUE,TRUE,FALSE,Iberoamericana,https://www.latindex.org/latindex/ficha/22814,exact_normalized_name,high,,,TRUE,,,TRUE,TRUE
ART00840,"Partidos políticos y mecanismos de vinculación en América Latina: tendencias, desafíos y respuestas",partidos politicos y mecanismos de vinculacion en america latina tendencias desafios y respuestas,2025,published,TRUE,Colombia Internacional,colombia internacional,0121-5612,1900-6004,10.7440/colombiaint122.2025.01,"LUJÁN, DIEGO | Jennifer Cyr",single_source_row,not_applicable,,2,FALSE,Diego Luján,1,FALSE,TRUE,JRN053,8,TRUE,TRUE,5800169849,Colombia Internacional,407,0.239,Q3,18,TRUE,5800169849,Colombia Internacional,837,0.239,Q3,18,Political Science and International Relations,407,0.239,Q3,exact_issn,high,TRUE,TRUE,TRUE,5800169849,Colombia Internacional,1.4,0.239,0.752,55,151,105,90,176,1936,90.0% 176/1936 History,Active,2011-2026,exact_issn,high,FALSE,,,,conflict,low,TRUE,TRUE,FALSE,TRUE,Colombia Internacional,https://www.latindex.org/latindex/ficha/4440,exact_normalized_name,high,TRUE,,TRUE,FALSE,FALSE,TRUE,TRUE
ART00841,"POLITICAL ECONOMY OF MAJOR INSTITUTIONAL CHANGE. Debt Crisis, PowerAsymmetries, and Structural Adjustment in Latin America.",political economy of major institutional change debt crisis powerasymmetries and structural adjustment in latin america,2025,accepted,TRUE,World Review of Political Economy,world review of political economy,,2042-8928,,"TRAVERSA, FEDERICO",single_source_row,not_applicable,,1,TRUE,Federico Traversa,1,FALSE,TRUE,JRN405,,TRUE,TRUE,21100894873,World Review of Political Economy,505,0.179,Q3,9,TRUE,21100894873,World Review of Political Economy,1030,0.179,Q3,9,Political Science and International Relations,505,0.179,Q3,exact_issn,high,TRUE,TRUE,TRUE,21100894873,World Review of Political Economy,1.2,0.179,0.461,46,109,92,44,856,1530,44.0% 856/1530 Sociology and Political Science,Active,2018-2026,exact_issn,high,TRUE,WORLD REVIEW OF POLITICAL ECONOMY,2042-891X,B2,exact_normalized_name,high,FALSE,FALSE,,,,,,,TRUE,TRUE,,FALSE,FALSE,TRUE,TRUE
ART00842,Renta básica en Uruguay: viabilidad política y debates en el contexto latinoamericano,renta basica en uruguay viabilidad politica y debates en el contexto latinoamericano,2025,published,TRUE,Revista Rupturas,revista rupturas,2215-2989,2215-2466,,LIZBONA COHEN | JOSE MIGUEL BUSQUETS | CHRISTIAN ADEL MIRZA,single_source_row,not_applicable,,3,FALSE,Alexandra Lizbona,1,FALSE,TRUE,JRN348,0,FALSE,FALSE,,,,,,,FALSE,,,,,,,,,,,,,FALSE,FALSE,FALSE,,,,,,,,,,,,,,,,,FALSE,,,,,,FALSE,FALSE,,,,,,,,,,,,TRUE,TRUE
ART00843,Representación descriptiva y sustantiva de las mujeres en América Latina. Avances y desafíos.,representacion descriptiva y sustantiva de las mujeres en america latina avances y desafios,2025,published,TRUE,Iberoamericana,iberoamericana,1577-3388,2255-520X,,"CHASQUETTI, DANIEL | GAMBOA, Ricardo | SEGOVIA, Carolina | DOCKENDORFF, Andrés | CÁRDENAS ARGUEDAS, Sol | HERNÁNDEZ -GUTIÉRREZ, José Carlos | GONZÁLEZ, Eliana",single_source_row,not_applicable,,7,FALSE,Daniel Chasquetti,1,FALSE,TRUE,JRN150,,FALSE,FALSE,,,,,,,FALSE,,,,,,,,,,,,,FALSE,FALSE,FALSE,,,,,,,,,,,,,,,,,FALSE,,,,conflict,low,TRUE,TRUE,TRUE,FALSE,Iberoamericana,https://www.latindex.org/latindex/ficha/22814,exact_normalized_name,high,,,TRUE,,,TRUE,TRUE
ART00844,"RESEÑA """"Teleidoscopio. Historia económica del Uruguay"""", Luis Bértola (comp.)",resena teleidoscopio historia economica del uruguay luis bertola comp,2025,published,TRUE,Revista Historia Económica de América Latina,revista historia economica de america latina,,2982-4443,,YAFFÉ,single_source_row,not_applicable,,1,TRUE,Jaime Yaffé,1,FALSE,TRUE,JRN327,,FALSE,FALSE,,,,,,,FALSE,,,,,,,,,,,,,FALSE,FALSE,FALSE,,,,,,,,,,,,,,,,,FALSE,,,,,,FALSE,FALSE,,,,,,,,,,,,TRUE,TRUE
ART00845,"The agonistic path towards populism: Mouffe, the left and its democratic crossroads",the agonistic path towards populism mouffe the left and its democratic crossroads,2025,published,TRUE,Contemporary Political Theory,contemporary political theory,,1470-8914,10.1057/s41296-024-00713-0,JULIÁN GONZÁLEZ | Julián González Scandizzi,single_source_row,not_applicable,,2,FALSE,Julián González Scandizzi,1,FALSE,TRUE,JRN061,0,TRUE,TRUE,5700163232,Contemporary Political Theory,219,0.507,Q2,24,TRUE,5700163232,Contemporary Political Theory,460,0.507,Q2,24,Political Science and International Relations,219,0.507,Q2,exact_issn,high,TRUE,TRUE,TRUE,5700163232,Contemporary Political Theory,2.4,0.507,1.64,63,230,94,68,235,745,68.0% 235/745 Political Science and International Relations,Active,2009-2026,exact_issn,high,TRUE,CONTEMPORARY POLITICAL THEORY,1470-8914,A4,exact_issn,high,FALSE,FALSE,,,,,,,TRUE,TRUE,,FALSE,TRUE,TRUE,TRUE
ART00846,The personalistic challenge: The rise of Bukele and the collapse of an ideologically structured party system in El Salvador,the personalistic challenge the rise of bukele and the collapse of an ideologically structured party system in el salvador,2025,published,TRUE,International Political Science Review,international political science review,0192-5121,1460-373X,10.1177/01925121251321566,"LUJÁN, DIEGO | Gonzalo Puig Lombardi",single_source_row,not_applicable,,2,FALSE,Diego Luján,1,FALSE,TRUE,JRN163,8,TRUE,TRUE,25833,International Political Science Review,47,1.344,Q1,76,TRUE,25833,International Political Science Review,108,1.344,Q1,76,Political Science and International Relations,47,1.344,Q1,exact_issn,high,TRUE,TRUE,TRUE,25833,International Political Science Review,7,1.344,2.102,79,1182,170,95,37,745,95.0% 37/745 Political Science and International Relations,Active,1980-2026,exact_issn,high,TRUE,INTERNATIONAL POLITICAL SCIENCE REVIEW,0192-5121,A1,exact_issn,high,FALSE,FALSE,,,,,,,TRUE,TRUE,,TRUE,TRUE,TRUE,TRUE
ART00847,"The Stability of Change: State and Public Policies during Leftist Administrations in Uruguay (2005- 2020),La estabilidad del cambio: el Estado y las políticas públicas durante los gobiernos de izquierda en Uruguay (2005-2020)",the stability of change state and public policies during leftist administrations in uruguay 2005 2020 la estabilidad del cambio el estado y las politicas publicas durante los gobiernos de izquierda en uruguay 2005 2020,2025,published,TRUE,Cuadernos de Economía,cuadernos de economia,0121-4772,2248-4337,10.15446/cuad.econ.v44n93.118276,GERMÁN BIDEGAIN | MARTÍN FREIGEDO | CRISTINA ZURBRIGGEN,exact_doi,high,,3,FALSE,Germán Bidegain | Martín Freigedo | Cristina Zurbriggen,3,TRUE,TRUE,JRN067,0,FALSE,FALSE,,,,,,,FALSE,,,,,,,,,,,,,FALSE,FALSE,FALSE,,,,,,,,,,,,,,,,,FALSE,,,,,,FALSE,FALSE,,,,,,,,,,,,TRUE,TRUE
ART00848,Trump y América Latina y el Caribe: ¿un laboratorio de control?,trump y america latina y el caribe un laboratorio de control,2025,published,TRUE,Nueva Sociedad,nueva sociedad,0251-3552,,,Carlos Luján | Mónica Hirst | Guadalupe González | Juan Gabriel Tokatlian | Carlos Romero,single_source_row,not_applicable,,5,FALSE,Carlos Luján,1,FALSE,TRUE,JRN205,,FALSE,FALSE,,,,,,,FALSE,,,,,,,,,,,,,FALSE,FALSE,FALSE,,,,,,,,,,,,,,,,,TRUE,NUEVA SOCIEDAD,0251-3552,A1,exact_issn,high,FALSE,FALSE,,,,,,,,TRUE,,,,TRUE,TRUE
ART00849,Trum's Policies in Latin America and the Caribbean: Trying Out Renewed Control Mechanisms,trums policies in latin america and the caribbean trying out renewed control mechanisms,2025,published,TRUE,Latin American Policy,latin american policy,2041-7365,2041-7373,,Carlos Luján | Mónica Hirst | Guadalupe GonzálezPo,single_source_row,not_applicable,,3,FALSE,Carlos Luján,1,FALSE,TRUE,JRN187,,TRUE,TRUE,21100814520,Latin American Policy,308,0.335,Q2,14,TRUE,21100814520,Latin American Policy,648,0.335,Q2,14,Political Science and International Relations,308,0.335,Q2,exact_issn,high,TRUE,TRUE,TRUE,21100814520,Latin American Policy,1.9,0.335,0.48,46,232,123,59,303,745,59.0% 303/745 Political Science and International Relations,Active,2010-2026,exact_issn,high,TRUE,LATIN AMERICAN POLICY,2041-7365,A4,exact_issn,high,FALSE,FALSE,,,,,,,TRUE,TRUE,,FALSE,TRUE,TRUE,TRUE
ART00850,Ultraderechas y redes transnacionales: (re)pensar desde la historia global,ultraderechas y redes transnacionales re pensar desde la historia global,2025,published,TRUE,Caderno CRH,caderno crh,,1983-8239,,"LÓPEZ, CAMILO | SANAHUJA, Joé Antonio | Forti Steven",single_source_row,not_applicable,,3,FALSE,Camilo López,1,FALSE,TRUE,JRN038,7,TRUE,FALSE,,,,,,,TRUE,5600152968,Caderno CRH,1297,0.118,Q4,15,Sociology and Political Science,1297,0.118,Q4,exact_issn,high,TRUE,FALSE,TRUE,5600152968,Caderno CRH,0.2,0.118,0.167,12,34,190,18,1170,1434,18.0% 1170/1434 Cultural Studies,Active,2009-2026,exact_issn,high,TRUE,CADERNO CRH (ONLINE),1983-8239,A1,exact_issn,high,FALSE,FALSE,,,,,,,TRUE,TRUE,,FALSE,FALSE,TRUE,TRUE
ART00851,Uruguay 2024: el retorno del frente amplio al gobierno y los límites de la ultraderecha en un sistema institucionalizado,uruguay 2024 el retorno del frente amplio al gobierno y los limites de la ultraderecha en un sistema institucionalizado,2025,published,TRUE,Revista de Ciencia Política (Chile),revista de ciencia politica chile,0716-1417,0718-090X,,"LÓPEZ, CAMILO | LUJÁN, DIEGO",exact_title_year_journal,high,,2,FALSE,Camilo López | Diego Luján,2,TRUE,TRUE,JRN280,1,TRUE,TRUE,5100152922,Revista de Ciencia Politica,79,0.975,Q1,28,TRUE,5100152922,Revista de Ciencia Politica,188,0.975,Q1,28,Political Science and International Relations,79,0.975,Q1,exact_issn,high,TRUE,TRUE,TRUE,5100152922,Revista de Ciencia Politica,3.4,0.975,1.404,79,258,77,77,166,745,77.0% 166/745 Political Science and International Relations,Active,2006-2025; 2002,exact_issn,high,TRUE,REVISTA DE CIENCIA POLÍTICA (SANTIAGO. EN LÍNEA),0718-090X,A1,exact_issn,high,TRUE,TRUE,TRUE,FALSE,Revista de ciencia política,https://www.latindex.org/latindex/ficha/14054,exact_normalized_name,high,TRUE,TRUE,TRUE,TRUE,TRUE,TRUE,TRUE
ART00852,Uruguay no es una isla. El regreso de la izquierda y sus desafíos,uruguay no es una isla el regreso de la izquierda y sus desafios,2025,published,FALSE,Nueva Sociedad,nueva sociedad,0251-3552,,,GERARDO CAETANO,single_source_row,not_applicable,,1,TRUE,Gerardo Caetano,1,FALSE,TRUE,JRN205,1,FALSE,FALSE,,,,,,,FALSE,,,,,,,,,,,,,FALSE,FALSE,FALSE,,,,,,,,,,,,,,,,,TRUE,NUEVA SOCIEDAD,0251-3552,A1,exact_issn,high,FALSE,FALSE,,,,,,,,TRUE,,,,TRUE,TRUE
ART00853,Vínculos entre partidos y movimientos feministas en América Latina: el caso de la lucha por el aborto legal en Bolivia,vinculos entre partidos y movimientos feministas en america latina el caso de la lucha por el aborto legal en bolivia,2025,published,TRUE,Colombia Internacional,colombia internacional,0121-5612,1900-6004,10.7440/colombiaint122.2025.05,ROCHA-CARPIUC | Verónica Pérez Bentancur,doi_propagated_by_title_year_journal,high,,2,FALSE,Verónica Pérez Bentancur | Cecilia Rocha-Carpiuc,2,TRUE,TRUE,JRN053,,TRUE,TRUE,5800169849,Colombia Internacional,407,0.239,Q3,18,TRUE,5800169849,Colombia Internacional,837,0.239,Q3,18,Political Science and International Relations,407,0.239,Q3,exact_issn,high,TRUE,TRUE,TRUE,5800169849,Colombia Internacional,1.4,0.239,0.752,55,151,105,90,176,1936,90.0% 176/1936 History,Active,2011-2026,exact_issn,high,FALSE,,,,conflict,low,TRUE,TRUE,FALSE,TRUE,Colombia Internacional,https://www.latindex.org/latindex/ficha/4440,exact_normalized_name,high,TRUE,,TRUE,FALSE,FALSE,TRUE,TRUE
ART00854,Virtuous outcomes of instrumental intentions? The case of Uruguay?s 1996 constitutional reform,virtuous outcomes of instrumental intentions the case of uruguay s 1996 constitutional reform,2025,published,TRUE,World Development,world development,0305-750X,,10.1016/j.worlddev.2025.107133,GERMÁN BIDEGAIN | FELIPE CAROZZI,single_source_row,not_applicable,,2,FALSE,Germán Bidegain,1,FALSE,TRUE,JRN403,2,TRUE,FALSE,,,,,,,TRUE,30060,World Development,49,2.027,Q1,249,Sociology and Political Science,49,2.027,Q1,exact_issn,high,TRUE,FALSE,TRUE,30060,World Development,9.3,2.027,2.328,84,10402,1119,97,42,1530,97.0% 42/1530 Sociology and Political Science,Active,1973-2026,exact_issn,high,TRUE,WORLD DEVELOPMENT,0305-750X,A1,exact_issn,high,FALSE,FALSE,,,,,,,TRUE,TRUE,,TRUE,TRUE,TRUE,TRUE
ART00855,Campaigning against the casta: electoral personalism and the rise of Javier Milei in Argentina,campaigning against the casta electoral personalism and the rise of javier milei in argentina,2026,published,TRUE,Government and Opposition,government and opposition,0017-257X,1477-7053,10.1017/gov.2026.10035,"LUJÁN, DIEGO | Gonzalo Puig Lombardi | Sarah Ledoux",single_source_row,not_applicable,,3,FALSE,Diego Luján,1,FALSE,TRUE,JRN141,0,TRUE,FALSE,,,,,,,TRUE,19089,Government and Opposition,44,2.172,Q1,71,Sociology and Political Science,44,2.172,Q1,exact_issn,high,TRUE,FALSE,TRUE,19089,Government and Opposition,8,2.172,2.46,85,1514,189,95,69,1530,95.0% 69/1530 Sociology and Political Science,Active,1965-2026,exact_issn,high,TRUE,GOVERNMENT AND OPPOSITION (LONDON),0017-257X,A1,exact_issn,high,FALSE,FALSE,,,,,,,TRUE,TRUE,,TRUE,TRUE,FALSE,FALSE
ART00856,Conflictos socioterritoriales y representación política en Uruguay (2005-2022): baja conflictividad en un caso tardío,conflictos socioterritoriales y representacion politica en uruguay 2005 2022 baja conflictividad en un caso tardio,2026,published,TRUE,EURE (Santiago),eure santiago,,0250-7161 | 0717-6236,10.7764/eure.52.156.06,GERMÁN BIDEGAIN | MARTÍN FREIGEDO | RODRIGO CORDARA,doi_propagated_by_fuzzy_title_year_journal_authors,high,,3,FALSE,Germán Bidegain | Martín Freigedo,2,TRUE,TRUE,JRN124,0,FALSE,FALSE,,,,,,,FALSE,,,,,,,,,,,,,FALSE,FALSE,FALSE,,,,,,,,,,,,,,,,,FALSE,,,,,,FALSE,FALSE,,,,,,,,,,,,FALSE,FALSE
ART00857,"Defending the Status Quo: On Adaptive Resistance to the Electoral Gender Quotas. By Cecilia Josefsson. Oxford: Oxford University Press, 2024. 280p.",defending the status quo on adaptive resistance to the electoral gender quotas by cecilia josefsson oxford oxford university press 2024 280p,2026,published,TRUE,Perspectives on Politics,perspectives on politics,1537-5927,1541-0986,,Verónica Pérez Bentancur,single_source_row,not_applicable,,1,TRUE,Verónica Pérez Bentancur,1,FALSE,TRUE,JRN228,0,TRUE,TRUE,4000148701,Perspectives on Politics,8,2.923,Q1,112,FALSE,,,,,,,Political Science and International Relations,8,2.923,Q1,exact_issn,high,TRUE,TRUE,FALSE,4000148701,Perspectives on Politics,9.4,2.923,3.472,76,2476,264,98,13,745,98.0% 13/745 Political Science and International Relations,Active,2003-2026,exact_issn,high,TRUE,PERSPECTIVES ON POLITICS (PRINT),1537-5927,A1,exact_issn,high,FALSE,FALSE,,,,,,,TRUE,TRUE,,TRUE,TRUE,FALSE,FALSE
ART00858,"Expanding Coverage, Reproducing Inequality: Health and Labor in the Origins of Uruguay’s Welfare Regime",expanding coverage reproducing inequality health and labor in the origins of uruguays welfare regime,2026,accepted,TRUE,Journal of Policy History,journal of policy history,0898-0306,1528-4190,,"CARNEIRO | FUENTES, G. | CARMEN MIDAGLIA",single_source_row,not_applicable,,3,FALSE,Fabricio Carneiro,1,FALSE,TRUE,JRN176,,TRUE,FALSE,,,,,,,TRUE,5700152854,Journal of Policy History,926,0.207,Q3,26,Sociology and Political Science,926,0.207,Q3,exact_issn,high,TRUE,FALSE,TRUE,5700152854,Journal of Policy History,0.9,0.207,0.605,44,65,75,35,987,1530,35.0% 987/1530 Sociology and Political Science,Active,1989-2026,exact_issn,high,FALSE,,,,,,FALSE,FALSE,,,,,,,TRUE,,,FALSE,FALSE,FALSE,FALSE
ART00859,Feminist agency and institutional change within political parties: The case of Uruguay’s left-wing Frente Amplio,feminist agency and institutional change within political parties the case of uruguays left wing frente amplio,2026,published,TRUE,Journal of Women Politics & Policy,journal of women politics and policy,1554-477X,1554-4788,10.1080/1554477x.2026.2675870,NIKI JOHNSON,single_source_row,not_applicable,,1,TRUE,Niki Johnson,1,FALSE,TRUE,JRN181,0,TRUE,FALSE,,,,,,,TRUE,4400151519,"Journal of Women, Politics and Policy",173,1.026,Q1,43,Sociology and Political Science,173,1.026,Q1,exact_issn,high,TRUE,FALSE,TRUE,4400151519,"Journal of Women, Politics and Policy",3.1,1.026,1.004,75,323,104,74,61,233,74.0% 61/233 Gender Studies,Active,2005-2026,exact_issn,high,FALSE,,,,,,FALSE,FALSE,,,,,,,TRUE,,,TRUE,TRUE,FALSE,FALSE
ART00860,Hacia una historia militar del Estado. Guerra y orden social en los orígenes del Estado Oriental del Uruguay (1830-1904),hacia una historia militar del estado guerra y orden social en los origenes del estado oriental del uruguay 1830 1904,2026,accepted,TRUE,AMÉRICA LATINA HOY,america latina hoy,1130-2887,2340-4396,,"GERARDO CAETANO | DUFFAU | LÓPEZ, CAMILO",single_source_row,not_applicable,,3,FALSE,Camilo López,1,FALSE,TRUE,JRN014,,TRUE,FALSE,,,,,,,TRUE,19700169837,America Latina Hoy,295,0.725,Q1,14,Sociology and Political Science,295,0.725,Q1,exact_issn,high,TRUE,FALSE,TRUE,19700169837,America Latina Hoy,0.7,0.725,0.478,42,44,59,55,306,692,55.0% 306/692 Arts and Humanities (miscellaneous),Active,2011-2026,exact_issn,high,TRUE,AMÉRICA LATINA HOY,1130-2887,A1,exact_issn,high,TRUE,TRUE,TRUE,FALSE,América Latina hoy,https://www.latindex.org/latindex/ficha/22330,exact_normalized_name,high,TRUE,TRUE,TRUE,TRUE,TRUE,FALSE,FALSE
ART00861,La política hídrica en Uruguay (2000-2025): tensión estructural entre la gobernanza del agua y el extractivismo productivo,la politica hidrica en uruguay 2000 2025 tension estructural entre la gobernanza del agua y el extractivismo productivo,2026,accepted,TRUE,PRIUS - Revista de Derecho y Ciencia Política,prius revista de derecho y ciencia politica,2961-2829,,,Andrea Delbono | LIZBONA COHEN,single_source_row,not_applicable,,2,FALSE,Andrea Delbono,1,FALSE,TRUE,JRN249,,FALSE,FALSE,,,,,,,FALSE,,,,,,,,,,,,,FALSE,FALSE,FALSE,,,,,,,,,,,,,,,,,FALSE,,,,,,FALSE,FALSE,,,,,,,,,,,,FALSE,FALSE
ART00862,Los sistemas de información en la educación superior en Uruguay: desafíos de una gobernanza fragmentada,los sistemas de informacion en la educacion superior en uruguay desafios de una gobernanza fragmentada,2026,published,TRUE,Revista Argentina de Educación Superior,revista argentina de educacion superior,,1852-8171,,Emiliano Clavijo | Pereira L,single_source_row,not_applicable,,2,FALSE,Emiliano Clavijo,1,FALSE,TRUE,JRN269,,FALSE,FALSE,,,,,,,FALSE,,,,,,,,,,,,,FALSE,FALSE,FALSE,,,,,,,,,,,,,,,,,FALSE,,,,,,FALSE,FALSE,,,,,,,,,,,,FALSE,FALSE
ART00863,“No era solo un techo.” Inquilinatos y la emergencia de la política travesti uruguaya,no era solo un techo inquilinatos y la emergencia de la politica travesti uruguaya,2026,published,TRUE,Revista Estudos Feministas,revista estudos feministas,,1806-9584,10.1590/1806-9584-2026v34n1109400,Diego Sempol,single_source_row,not_applicable,,1,TRUE,Diego Sempol,1,FALSE,TRUE,JRN324,0,FALSE,FALSE,,,,,,,FALSE,,,,,,,,,,,,,FALSE,FALSE,FALSE,,,,,,,,,,,,,,,,,TRUE,ESTUDOS FEMINISTAS,1806-9584,A1,exact_issn,high,FALSE,FALSE,,,,,,,,TRUE,,,,FALSE,FALSE
ART00864,"Review: Dois Gêneros, Duas Histórias? A Fundação da Ciência Política no Brasil [Marcia Rangel Candido, 2024, Rio de Janeiro, EDUERJ]",review dois generos duas historias a fundacao da ciencia politica no brasil marcia rangel candido 2024 rio de janeiro eduerj,2026,published,TRUE,Sociologia Problemas e Práticas,sociologia problemas e praticas,0873-6529,2182-7907,10.7458/spp202510842329,ROCHA-CARPIUC,single_source_row,not_applicable,,1,TRUE,Cecilia Rocha-Carpiuc,1,FALSE,TRUE,JRN366,,TRUE,FALSE,,,,,,,TRUE,5600153364,"Sociologia, Problemas e Praticas",1146,0.15,Q4,22,Sociology and Political Science,1146,0.15,Q4,exact_issn,high,TRUE,FALSE,TRUE,5600153364,"Sociologia, Problemas e Praticas",0.7,0.15,0.637,33,59,85,30,516,744,30.0% 516/744 Social Sciences (miscellaneous),Active,1996-2026,exact_issn,high,FALSE,,,,,,FALSE,FALSE,,,,,,,TRUE,,,FALSE,FALSE,FALSE,FALSE
ART00865,Welfare conditionality in OECD and Latin America: A comparative perspective,welfare conditionality in oecd and latin america a comparative perspective,2026,accepted,TRUE,Global Social Policy,global social policy,1468-0181,1741-2803,,"ANTÍA, FLORENCIA | Rossel, Cecilia | Carlo Knotz | Herwig Immervoll",single_source_row,not_applicable,,4,FALSE,Florencia Antía,1,FALSE,TRUE,JRN138,,TRUE,FALSE,,,,,,,TRUE,30006,Global Social Policy,692,0.314,Q2,46,Sociology and Political Science,692,0.314,Q2,exact_issn,high,TRUE,FALSE,TRUE,30006,Global Social Policy,2.6,0.314,0.811,67,332,126,68,489,1530,68.0% 489/1530 Sociology and Political Science,Active,2001-2026,exact_issn,high,TRUE,GLOBAL SOCIAL POLICY,1468-0181,A1,exact_issn,high,FALSE,FALSE,,,,,,,TRUE,TRUE,,FALSE,TRUE,FALSE,FALSE
ART00866,Winning and Losing in Constitutional Review: Studying the Determinants of Litigants' Success in the Uruguayan Supreme Court (1989-2021),winning and losing in constitutional review studying the determinants of litigants success in the uruguayan supreme court 1989 2021,2026,published,TRUE,Revista Chilena de Derecho y Ciencia Política,revista chilena de derecho y ciencia politica,0718-9389,0719-2150,10.7770/rchdcp-v17n1-art516,"DANIELA VAIRO | ANTÍA, FLORENCIA | CARNEIRO | Yoana Cabrera Noble",doi_propagated_by_title_year_journal,high,Publication status differed across CV occurrences; precedence published > accepted was used.,4,FALSE,Florencia Antía | Fabricio Carneiro | Daniela Vairo,3,TRUE,TRUE,JRN275,0,TRUE,FALSE,,,,,,,TRUE,21101188213,Revista Chilena de Derecho y Ciencia Politica,961,0.197,Q3,4,Sociology and Political Science,961,0.197,Q3,exact_issn,high,TRUE,FALSE,TRUE,21101188213,Revista Chilena de Derecho y Ciencia Politica,0.9,0.197,0.673,55,63,73,41,685,1162,41.0% 685/1162 Law,Active,2019-2026,exact_issn,high,TRUE,REVISTA CHILENA DE DERECHO Y CIENCIA POLÍTICA,0718-9389,A2,exact_issn,high,FALSE,FALSE,,,,,,,TRUE,TRUE,,FALSE,FALSE,FALSE,FALSE
