journal_id,journal_scope_category,journal_field,journal_field_detail,journal_scope_confidence,journal_scope_source,journal_scope_source_url,journal_name,journal_name_norm,issn,eissn,n_articles,n_peer_reviewed_articles,n_published_peer_reviewed_articles,n_articles_2021plus,first_article_year,last_article_year,n_dcp_authors_published_in_journal,scimago_match_method,scimago_match_confidence,scimago_psir_match,scimago_psir_sourceid,scimago_psir_title,scimago_psir_rank_2025,scimago_psir_sjr_2025,scimago_psir_quartile_2025,scimago_psir_hindex,scimago_socpol_match,scimago_socpol_sourceid,scimago_socpol_title,scimago_socpol_rank_2025,scimago_socpol_sjr_2025,scimago_socpol_quartile_2025,scimago_socpol_hindex,scimago_any,scimago_primary_category,scimago_primary_rank_2025,scimago_primary_sjr_2025,scimago_primary_quartile_2025,scopus_match,scopus_psir,scopus_socpol,scopus_source_id,scopus_title,scopus_match_method,scopus_match_confidence,scopus_citescore,scopus_sjr,scopus_snip,scopus_pct_cited,scopus_citations_2022_25,scopus_documents_2022_25,scopus_highest_percentile,scopus_highest_rank,scopus_highest_rank_denominator,scopus_highest_category,scopus_active,scopus_coverage,qualis_match,qualis_title,qualis_issn,qualis_estrato_2021_2024,qualis_match_method,qualis_match_confidence,latindex_match,latindex_catalog_2_0,latindex_political_science,latindex_international_relations,latindex_title,latindex_profile_url,latindex_match_method,latindex_match_confidence
JRN001,outside_political_science,Film / Cinema,Film / Cinema,medium,journal title,,"33cines, 1 3",33cines 1 3,1688-6933,,1,0,0,0,2014,2014,1,,,FALSE,,,,,,,FALSE,,,,,,,FALSE,,,,,FALSE,FALSE,FALSE,,,,,,,,,,,,,,,,,FALSE,,,,,,FALSE,FALSE,,,,,,
JRN002,outside_political_science,Multidisciplinary Social Sciences / Culture,Multidisciplinary Social Sciences / Culture,medium,journal identity,,Ábaco,abaco,0213-6252,,2,0,0,0,2002,2004,2,,,FALSE,,,,,,,FALSE,,,,,,,FALSE,,,,,FALSE,FALSE,FALSE,,,,,,,,,,,,,,,,,FALSE,,,,,,FALSE,FALSE,,,,,,
JRN003,outside_political_science,Law / Access to Justice,Law / Access to Justice,high,journal title,,Abya-yala Revista sobre Acesso à Justiça e Direitos nas Américas,abya yala revista sobre acesso a justica e direitos nas americas,,2526-6675,1,1,1,0,2018,2018,1,,,FALSE,,,,,,,FALSE,,,,,,,FALSE,,,,,FALSE,FALSE,FALSE,,,,,,,,,,,,,,,,,FALSE,,,,,,FALSE,FALSE,,,,,,
JRN004,outside_political_science,Sociology,Sociology,high,manual identity/scope review,,Acta Sociologica,acta sociologica,1502-3869,0001-6993,1,1,1,0,2000,2000,1,exact_issn,high,FALSE,,,,,,,TRUE,16865,Acta Sociologica,413,0.566,Q2,69,TRUE,Sociology and Political Science,413,0.566,Q2,TRUE,FALSE,TRUE,16865,Acta Sociologica,exact_issn,high,3.5,0.566,1.368,82,395,112,77,351,1530,77.0% 351/1530 Sociology and Political Science,Active,1964-2026; 1962; 1956-1959,FALSE,,,,,,FALSE,FALSE,,,,,,
JRN005,outside_political_science,Psychiatry and Mental health | Medicine (miscellaneous),Psychiatry and Mental health | Medicine (miscellaneous),high,Scopus ASJC excludes political science/public administration,,Addiction,addiction,,1360-0443,1,1,1,0,2019,2019,1,,,FALSE,,,,,,,FALSE,,,,,,,FALSE,,,,,FALSE,FALSE,FALSE,,,,,,,,,,,,,,,,,FALSE,,,,,,FALSE,FALSE,,,,,,
JRN006,political_science_adjacent,Public Administration / Development,Public Administration / Development,high,manual identity/scope review,,Administración & Desarrollo,administracion and desarrollo,0120-3754,2500-5227,1,1,1,0,2018,2018,1,,,FALSE,,,,,,,FALSE,,,,,,,FALSE,,,,,FALSE,FALSE,FALSE,,,,,,,,,,,,,,,,,FALSE,,,,,,FALSE,FALSE,,,,,ambiguous,low
JRN007,outside_political_science,History / Geography,History / Geography,high,Latindex/DOAJ subject,https://www.latindex.org/latindex/ficha/544,Ágora,agora,1414-0454,1982-6737,2,2,2,0,2002,2003,2,,,FALSE,,,,,,,FALSE,,,,,,,FALSE,,,,,FALSE,FALSE,FALSE,,,,,,,,,,,,,,,,,FALSE,,,,,,FALSE,FALSE,,,,,,
JRN008,outside_political_science,Agricultural Sciences / Agronomy,Agricultural Sciences / Agronomy,high,manual identity/scope review,,Agrociencia (Uruguay),agrociencia uruguay,1510-0839,2301-1548,1,1,1,0,2017,2017,1,,,FALSE,,,,,,,FALSE,,,,,,,FALSE,,,,,FALSE,FALSE,FALSE,,,,,,,,,,,,,,,,,FALSE,,,,,,FALSE,FALSE,,,,,,
JRN009,outside_political_science,"Economics, Econometrics and Finance (miscellaneous) | Arts and Humanities (miscellaneous) | History | Geography, Planning and Development","Economics, Econometrics and Finance (miscellaneous) | Arts and Humanities (miscellaneous) | History | Geography, Planning and Development",high,Scopus ASJC excludes political science/public administration,,Agua y Territorio / Water and Landscape,agua y territorio water and landscape,2340-8472,2340-7743,1,1,1,0,2014,2014,1,,,FALSE,,,,,,,FALSE,,,,,,,FALSE,,,,,FALSE,FALSE,FALSE,,,,,,,,,,,,,,,,,FALSE,,,,,,FALSE,FALSE,,,,,,
JRN010,outside_political_science,History,History,medium,journal title/editorial context,,"Alcores, N° 9",alcores n 9,1886-8770,2990-2908,1,1,1,0,2010,2010,1,,,FALSE,,,,,,,FALSE,,,,,,,FALSE,,,,,FALSE,FALSE,FALSE,,,,,,,,,,,,,,,,,FALSE,,,,,,FALSE,FALSE,,,,,,
JRN011,outside_political_science,Geography / Latin American Studies,Geography / Latin American Studies,medium,journal title/editorial context,,Aldea Mundo,aldea mundo,1316-6727,2443-4515,1,1,1,0,2015,2015,1,,,FALSE,,,,,,,FALSE,,,,,,,FALSE,,,,,FALSE,FALSE,FALSE,,,,,,,,,,,,,,,,,TRUE,ALDEA MUNDO. REVISTA SOBRE FRONTERAS Y INTEGRACIÓN,1316-6727,A4,exact_issn,high,FALSE,FALSE,,,,,,
JRN012,outside_political_science,History / Memory Studies,History / Memory Studies,medium,journal title/editorial context,,Aletheia (Argentina),aletheia argentina,,1853-3701,1,1,1,0,2016,2016,1,,,FALSE,,,,,,,FALSE,,,,,,,FALSE,,,,,FALSE,FALSE,FALSE,,,,,,,,,,,,,,,,,FALSE,,,,,,FALSE,FALSE,,,,,,
JRN013,outside_political_science,Education | History,Education | History,high,Scopus ASJC excludes political science/public administration,,Almanack,almanack,,2236-4633,1,1,1,0,2015,2015,1,,,FALSE,,,,,,,FALSE,,,,,,,FALSE,,,,,FALSE,FALSE,FALSE,,,,,,,,,,,,,,,,,TRUE,ALMANACK,2236-4633,A1,exact_issn,high,FALSE,FALSE,,,,,,
JRN014,outside_political_science,Latin American Studies / Multidisciplinary Social Sciences,Latin American Studies / Multidisciplinary Social Sciences,high,final manual scope audit (journal scope / source metadata / disciplinary identifiers),,AMÉRICA LATINA HOY,america latina hoy,1130-2887,2340-4396,9,9,8,2,1996,2026,10,exact_issn,high,FALSE,,,,,,,TRUE,19700169837,America Latina Hoy,295,0.725,Q1,14,TRUE,Sociology and Political Science,295,0.725,Q1,TRUE,FALSE,TRUE,19700169837,America Latina Hoy,exact_issn,high,0.7,0.725,0.478,42,44,59,55,306,692,55.0% 306/692 Arts and Humanities (miscellaneous),Active,2011-2026,TRUE,AMÉRICA LATINA HOY,1130-2887,A1,exact_issn,high,TRUE,TRUE,TRUE,FALSE,América Latina hoy,https://www.latindex.org/latindex/ficha/22330,exact_normalized_name,high
JRN015,political_science_adjacent,Latin American Studies / International Relations,Latin American Studies / International Relations,high,final manual scope audit (journal scope / source metadata / disciplinary identifiers),,América Latina/Internacional,america latina internacional,0327-1161,,1,0,0,0,1990,1990,1,,,FALSE,,,,,,,FALSE,,,,,,,FALSE,,,,,FALSE,FALSE,FALSE,,,,,,,,,,,,,,,,,FALSE,,,,,,FALSE,FALSE,,,,,,
JRN016,outside_political_science,Architecture / Urban Studies,Architecture / Urban Studies,medium,journal institutional context,,América - revista da pós-graduação da escola da cidade,america revista da pos graduacao da escola da cidade,1982-1212,,1,1,1,1,2025,2025,1,,,FALSE,,,,,,,FALSE,,,,,,,FALSE,,,,,FALSE,FALSE,FALSE,,,,,,,,,,,,,,,,,FALSE,,,,,,FALSE,FALSE,,,,,,
JRN017,outside_political_science,Latin American and Caribbean Studies / Multidisciplinary,Latin American and Caribbean Studies / Multidisciplinary,high,final manual scope audit (journal scope / source metadata / disciplinary identifiers),,américaines et caraïbes,americaines et caraibes,0826-3663,2333-1461,1,1,1,0,2020,2020,1,exact_issn,high,TRUE,24423,Canadian Journal of Latin American and Caribbean Studies,424,0.225,Q3,16,FALSE,,,,,,,TRUE,Political Science and International Relations,424,0.225,Q3,TRUE,TRUE,FALSE,24423,Canadian Journal of Latin American and Caribbean Studies,exact_issn,high,1,0.225,0.911,43,85,83,39,452,745,39.0% 452/745 Political Science and International Relations,Active,2014-2026; 1984-2011,FALSE,,,,conflict,low,FALSE,FALSE,,,,,,
JRN018,outside_political_science,Law,Law,high,journal title,,Anales de la Facultad de Ciencias Juridicas y Sociales de la Universidad Nacional de La Plata,anales de la facultad de ciencias juridicas y sociales de la universidad nacional de la plata,0075-7411,2591-6386,1,1,1,0,2017,2017,1,,,FALSE,,,,,,,FALSE,,,,,,,FALSE,,,,,FALSE,FALSE,FALSE,,,,,,,,,,,,,,,,,FALSE,,,,,,FALSE,FALSE,,,,,,
JRN019,outside_political_science,History,History,high,Scopus ASJC excludes political science/public administration,,Anos 90,anos 90,,1983-201X,1,1,1,1,2022,2022,1,,,FALSE,,,,,,,FALSE,,,,,,,FALSE,,,,,FALSE,FALSE,FALSE,,,,,,,,,,,,,,,,,TRUE,ANOS 90 (ONLINE) (PORTO ALEGRE),1983-201X,A1,exact_issn,high,FALSE,FALSE,,,,,,
JRN020,political_science_adjacent,Political Sociology / Social Conflict,Political Sociology / Social Conflict,high,manual identity/scope review,,Anuari del conflicte social,anuari del conflicte social,,2014-6760,5,5,5,3,2019,2024,1,,,FALSE,,,,,,,FALSE,,,,,,,FALSE,,,,,FALSE,FALSE,FALSE,,,,,,,,,,,,,,,,,FALSE,,,,,,TRUE,TRUE,TRUE,FALSE,Anuari del conflicte social,https://www.latindex.org/latindex/ficha/24171,exact_normalized_name,high
JRN021,outside_political_science,Labor Law,Labor Law,high,journal title,,Anuario de Jurisprudencia Laboral,anuario de jurisprudencia laboral,0797-079X,,1,0,0,0,2015,2015,2,,,FALSE,,,,,,,FALSE,,,,,,,FALSE,,,,,FALSE,FALSE,FALSE,,,,,,,,,,,,,,,,,FALSE,,,,,,FALSE,FALSE,,,,,,
JRN022,outside_political_science,Law / Socio-legal Studies,Law / Socio-legal Studies,high,journal title,,Anuario del Área Socio-Jurídica,anuario del area socio juridica,,1688-5465,2,2,2,1,2018,2023,2,,,FALSE,,,,,,,FALSE,,,,,,,FALSE,,,,,FALSE,FALSE,FALSE,,,,,,,,,,,,,,,,,FALSE,,,,,,FALSE,FALSE,,,,,,
JRN023,political_science_core,Political Science / International Relations,Political Science / International Relations,high,DOAJ scope,https://doaj.org/toc/2449-8483,Anuario Latinoamericano,anuario latinoamericano,2392-0343,2449-8483,1,0,0,0,2015,2015,1,,,FALSE,,,,,,,FALSE,,,,,,,FALSE,,,,,FALSE,FALSE,FALSE,,,,,,,,,,,,,,,,,TRUE,ANUARIO LATINOAMERICANO,2392-0343,A2,exact_issn,high,FALSE,FALSE,,,,,,
JRN024,outside_political_science,History | Sociology and Political Science | Philosophy | Social Sciences (miscellaneous) | Arts and Humanities (miscellaneous),History | Sociology and Political Science | Philosophy | Social Sciences (miscellaneous) | Arts and Humanities (miscellaneous),high,Scopus ASJC/journal identity,,Araucaria,araucaria,1575-6823,2340-2199,3,3,3,1,2019,2025,2,exact_issn,high,FALSE,,,,,,,TRUE,21100211326,Araucaria,921,0.208,Q3,10,TRUE,Sociology and Political Science,921,0.208,Q3,TRUE,FALSE,TRUE,21100211326,Araucaria,exact_issn,high,0.6,0.208,0.897,29,202,341,67,633,1936,67.0% 633/1936 History,Active,2012-2026,FALSE,,,,conflict,low,FALSE,FALSE,,,,,,
JRN025,outside_political_science,Labor / Social History,Labor / Social History,high,manual identity/scope review,,Archivos de historia del movimiento obrero y la izquierda,archivos de historia del movimiento obrero y la izquierda,2313-9749,2683-9601,1,1,1,1,2021,2021,1,exact_issn,high,FALSE,,,,,,,TRUE,21101039620,Archivos de Historia del Movimiento Obrero y la Izquierda,744,0.291,Q3,4,TRUE,Sociology and Political Science,744,0.291,Q3,TRUE,FALSE,TRUE,21101039620,Archivos de Historia del Movimiento Obrero y la Izquierda,exact_issn,high,0.5,0.291,1.308,32,29,60,59,788,1936,59.0% 788/1936 History,Active,2019-2025,FALSE,,,,,,FALSE,FALSE,,,,,,
JRN026,outside_political_science,Sociology / Critical Social Sciences,Sociology / Critical Social Sciences,high,journal title,,Argumentos Estudios críticos de la sociedad,argumentos estudios criticos de la sociedad,0187-5795,,1,1,1,0,2011,2011,1,,,FALSE,,,,,,,FALSE,,,,,,,FALSE,,,,,FALSE,FALSE,FALSE,,,,,,,,,,,,,,,,,FALSE,,,,,,FALSE,FALSE,,,,,,
JRN027,outside_political_science,History,History,high,journal title,,Ariadna Histórica,ariadna historica,,2255-0968,1,1,1,0,2018,2018,1,,,FALSE,,,,,,,FALSE,,,,,,,FALSE,,,,,FALSE,FALSE,FALSE,,,,,,,,,,,,,,,,,FALSE,,,,,,FALSE,FALSE,,,,,,
JRN028,outside_political_science,Humanities / Culture,Humanities / Culture,medium,final manual scope audit (journal scope / source metadata / disciplinary identifiers),,Atlántida,atlantida,0004-6876,,2,0,0,0,2006,2007,1,,,FALSE,,,,,,,FALSE,,,,,,,FALSE,,,,,FALSE,FALSE,FALSE,,,,,,,,,,,,,,,,,FALSE,,,,,,FALSE,FALSE,,,,,,
JRN029,outside_political_science,History / Social Sciences,History / Social Sciences,high,manual identity/scope review,,Avances del Cesor,avances del cesor,1514-3899,2422-6580,2,2,2,1,2018,2023,1,exact_issn,high,FALSE,,,,,,,TRUE,21100923520,Avances del Cesor,1254,0.126,Q4,5,TRUE,Sociology and Political Science,1254,0.126,Q4,TRUE,FALSE,TRUE,21100923520,Avances del Cesor,exact_issn,high,0.2,0.126,0.508,12,9,58,21,1523,1936,21.0% 1523/1936 History,Active,2019-2026,TRUE,AVANCES DEL CESOR,2422-6580,A1,exact_issn,high,FALSE,FALSE,,,,,,
JRN030,outside_political_science,Contemporary History,Contemporary History,high,manual identity/scope review,,Ayer Revista de Historia Contemporánea,ayer revista de historia contemporanea,1134-2277,2255-5838,2,2,2,1,2019,2021,1,exact_issn,high,FALSE,,,,,,,TRUE,21100218321,Ayer,687,0.316,Q2,14,TRUE,Sociology and Political Science,687,0.316,Q2,TRUE,FALSE,TRUE,21100218321,Ayer,exact_issn,high,0.8,0.316,1.204,38,144,191,74,490,1936,74.0% 490/1936 History,Active,2017-2026; 2012-2014,FALSE,,,,,,FALSE,FALSE,,,,,,
JRN031,outside_political_science,History,History,medium,journal title/editorial context,,Bicentenario,bicentenario,0717-7747,,1,1,1,0,2013,2013,1,,,FALSE,,,,,,,FALSE,,,,,,,FALSE,,,,,FALSE,FALSE,FALSE,,,,,,,,,,,,,,,,,FALSE,,,,,,FALSE,FALSE,,,,,,
JRN032,political_science_core,South American Politics / International Relations,South American Politics / International Relations,high,OPSA scope,https://opsa.com.br/boletim-opsa/,Boletim OPSA,boletim opsa,,1809-8827,1,0,0,0,2010,2010,1,,,FALSE,,,,,,,FALSE,,,,,,,FALSE,,,,,FALSE,FALSE,FALSE,,,,,,,,,,,,,,,,,TRUE,BOLETIM OPSA,1809-8827,B1,exact_issn,high,FALSE,FALSE,,,,,,
JRN033,outside_political_science,Economic History,Economic History,high,journal title,,Boletín de Historia Económica,boletin de historia economica,1688-5082,,2,2,2,0,2002,2003,1,,,FALSE,,,,,,,FALSE,,,,,,,FALSE,,,,,FALSE,FALSE,FALSE,,,,,,,,,,,,,,,,,FALSE,,,,,,FALSE,FALSE,,,,,,
JRN034,political_science_core,Comparative Politics,Comparative Politics,high,journal title,,Boletín de Política Comparada,boletin de politica comparada,,1851-8192,1,0,0,0,2009,2009,1,,,FALSE,,,,,,,FALSE,,,,,,,FALSE,,,,,FALSE,FALSE,FALSE,,,,,,,,,,,,,,,,,FALSE,,,,,,FALSE,FALSE,,,,,,
JRN035,outside_political_science,History and Philosophy of Science | History,History and Philosophy of Science | History,high,Scopus ASJC excludes political science/public administration,,Boletín del Instituto de Historia Argentina y Americana Dr Emilio Ravignani,boletin del instituto de historia argentina y americana dr emilio ravignani,0524-9767,1850-2563,1,1,1,0,2011,2011,1,,,FALSE,,,,,,,FALSE,,,,,,,FALSE,,,,,FALSE,FALSE,FALSE,,,,,,,,,,,,,,,,,FALSE,,,,,,FALSE,FALSE,,,,,,
JRN036,political_science_core,Political Science / International Relations / Multidisciplinary,Political Science / International Relations / Multidisciplinary,high,Latindex subtheme,https://www.latindex.org/latindex/ficha/3207,Brazilian Political Science Review,brazilian political science review,,1981-3821,1,1,1,0,2020,2020,1,,,FALSE,,,,,,,FALSE,,,,,,,FALSE,,,,,FALSE,FALSE,FALSE,,,,,,,,,,,,,,,,,TRUE,BRAZILIAN POLITICAL SCIENCE REVIEW,1981-3821,A1,exact_issn,high,TRUE,TRUE,TRUE,TRUE,Brazilian Political Science Review,https://www.latindex.org/latindex/ficha/3207,exact_normalized_name,high
JRN037,outside_political_science,"Development | Geography, Planning and Development","Development | Geography, Planning and Development",high,Scopus ASJC excludes political science/public administration,,Bulletin of Latin American Research,bulletin of latin american research,0261-3050,1470-9856,2,2,2,2,2024,2025,4,,,FALSE,,,,,,,FALSE,,,,,,,FALSE,,,,,FALSE,FALSE,FALSE,,,,,,,,,,,,,,,,,FALSE,,,,conflict,low,FALSE,FALSE,,,,,,
JRN038,outside_political_science,Sociology / Social Sciences,Sociology / Social Sciences,high,manual identity/scope review,,Caderno CRH,caderno crh,,1983-8239,1,1,1,1,2025,2025,1,exact_issn,high,FALSE,,,,,,,TRUE,5600152968,Caderno CRH,1297,0.118,Q4,15,TRUE,Sociology and Political Science,1297,0.118,Q4,TRUE,FALSE,TRUE,5600152968,Caderno CRH,exact_issn,high,0.2,0.118,0.167,12,34,190,18,1170,1434,18.0% 1170/1434 Cultural Studies,Active,2009-2026,TRUE,CADERNO CRH (ONLINE),1983-8239,A1,exact_issn,high,FALSE,FALSE,,,,,,
JRN039,outside_political_science,Sociology / Social Sciences,Sociology / Social Sciences,high,manual identity/scope review,,"Caderno CRH, 51 set/dez",caderno crh 51 set dez,,0103-4979,1,1,1,0,2007,2007,2,exact_issn,high,FALSE,,,,,,,TRUE,5600152968,Caderno CRH,1297,0.118,Q4,15,TRUE,Sociology and Political Science,1297,0.118,Q4,TRUE,FALSE,TRUE,5600152968,Caderno CRH,exact_issn,high,0.2,0.118,0.167,12,34,190,18,1170,1434,18.0% 1170/1434 Cultural Studies,Active,2009-2026,TRUE,CADERNO CRH (UFBA. IMPRESSO),0103-4979,A1,exact_issn,high,FALSE,FALSE,,,,,,
JRN040,outside_political_science,Anthropology,Anthropology,medium,journal title/editorial context,,Cadernos de Campo,cadernos de campo,,1415-0689,1,1,1,1,2021,2021,1,,,FALSE,,,,,,,FALSE,,,,,,,FALSE,,,,,FALSE,FALSE,FALSE,,,,,,,,,,,,,,,,,TRUE,CADERNOS DE CAMPO (UNESP),1415-0689,A4,exact_issn,high,FALSE,FALSE,,,,,,
JRN041,outside_political_science,"Public Health, Environmental and Occupational Health","Public Health, Environmental and Occupational Health",high,Scopus ASJC excludes political science/public administration,,Cadernos de Saúde Pública,cadernos de saude publica,0102-311X,1678-4464,1,1,1,0,2002,2002,1,,,FALSE,,,,,,,FALSE,,,,,,,FALSE,,,,,FALSE,FALSE,FALSE,,,,,,,,,,,,,,,,,FALSE,,,,conflict,low,FALSE,FALSE,,,,,,
JRN042,outside_political_science,Humanities / Social Sciences,Humanities / Social Sciences,high,journal title,,Cadernos do CEAS Revista crítica de humanidades,cadernos do ceas revista critica de humanidades,0102-9711,2447-861X,1,1,1,0,2018,2018,1,,,FALSE,,,,,,,FALSE,,,,,,,FALSE,,,,,FALSE,FALSE,FALSE,,,,,,,,,,,,,,,,,FALSE,,,,conflict,low,FALSE,FALSE,,,,,,
JRN043,political_science_adjacent,Public Policy / Development,Public Policy / Development,medium,journal institutional/title context,,Cadernos do NUPPOME,cadernos do nuppome,,2596-285X,1,0,0,0,2019,2019,1,,,FALSE,,,,,,,FALSE,,,,,,,FALSE,,,,,FALSE,FALSE,FALSE,,,,,,,,,,,,,,,,,FALSE,,,,,,FALSE,FALSE,,,,,,
JRN044,outside_political_science,Latin American Studies,Latin American Studies,high,journal title,,Cadernos PROLAM/USP,cadernos prolam usp,,1676-6288,1,1,1,0,2016,2016,1,,,FALSE,,,,,,,FALSE,,,,,,,FALSE,,,,,FALSE,FALSE,FALSE,,,,,,,,,,,,,,,,,TRUE,CADERNOS PROLAM/USP,1676-6288,B1,exact_issn,high,FALSE,FALSE,,,,,,
JRN045,outside_political_science,Psychology / Psychoanalysis,Psychology / Psychoanalysis,high,journal title,,Calibán - Revista Latinoamericana de Psicoanálisis,caliban revista latinoamericana de psicoanalisis,2304-5531,,2,2,1,2,2023,2024,1,,,FALSE,,,,,,,FALSE,,,,,,,FALSE,,,,,FALSE,FALSE,FALSE,,,,,,,,,,,,,,,,,FALSE,,,,,,FALSE,FALSE,,,,,,
JRN046,outside_political_science,Latin American Studies / Cultural and Social History,Latin American Studies / Cultural and Social History,high,manual identity/scope review,,Caravelle,caravelle,0184-7694,2272-9828,1,1,1,1,2025,2025,1,,,FALSE,,,,,,,FALSE,,,,,,,FALSE,,,,,FALSE,FALSE,FALSE,,,,,,,,,,,,,,,,,FALSE,,,,,,FALSE,FALSE,,,,,,
JRN047,political_science_core,International Relations / Foreign Policy,International Relations / Foreign Policy,high,CEBRI institutional scope,,CEBRI-Revista,cebri revista,2764-7897,,1,0,0,1,2024,2024,1,,,FALSE,,,,,,,FALSE,,,,,,,FALSE,,,,,FALSE,FALSE,FALSE,,,,,,,,,,,,,,,,,TRUE,CEBRI-REVISTA (ONLINE),2764-7897,A3,exact_issn,high,FALSE,FALSE,,,,,,
JRN048,political_science_adjacent,History / Political Studies,History / Political Studies,high,final manual scope audit (journal scope / source metadata / disciplinary identifiers),,Ciencia Nueva Revista de Historia y Política,ciencia nueva revista de historia y politica,,2539-2662,1,1,1,1,2022,2022,1,exact_issn,high,TRUE,21101145379,"Ciencia Nueva, Revista de Historia y Politica",703,0.101,Q4,3,FALSE,,,,,,,TRUE,Political Science and International Relations,703,0.101,Q4,TRUE,TRUE,FALSE,21101145379,"Ciencia Nueva, Revista de Historia y Politica",exact_issn,high,0.1,0.101,0.279,12,10,75,18,1581,1936,18.0% 1581/1936 History,Active,2019-2025,FALSE,,,,,,FALSE,FALSE,,,,,,
JRN049,outside_political_science,Social Sciences / Sociology,Social Sciences / Sociology,high,manual identity/scope review,,Civitas - Revista de Ciências Sociais,civitas revista de ciencias sociais,1519-6089,1984-7289,4,4,4,2,2018,2024,7,exact_issn,high,FALSE,,,,,,,TRUE,21100877661,Civitas,1324,0.115,Q4,8,TRUE,Sociology and Political Science,1324,0.115,Q4,TRUE,FALSE,TRUE,21100877661,Civitas,exact_issn,high,0.4,0.115,0.316,26,58,146,40,851,1434,40.0% 851/1434 Cultural Studies,Active,2018-2026,FALSE,,,,conflict,low,FALSE,FALSE,,,,,,
JRN050,outside_political_science,History,History,high,journal title/scope,,Claves,claves,,2393-6584,3,3,3,0,2016,2018,2,,,FALSE,,,,,,,FALSE,,,,,,,FALSE,,,,,FALSE,FALSE,FALSE,,,,,,,,,,,,,,,,,FALSE,,,,,,FALSE,FALSE,,,,,,
JRN051,outside_political_science,History / Memory Studies,History / Memory Studies,medium,journal title/editorial context,,Clepsidra,clepsidra,,2362-2075,1,1,1,1,2022,2022,1,,,FALSE,,,,,,,FALSE,,,,,,,FALSE,,,,,FALSE,FALSE,FALSE,,,,,,,,,,,,,,,,,FALSE,,,,,,FALSE,FALSE,,,,,,
JRN052,political_science_core,Political Science / International Relations,Political Science / International Relations,medium,journal editorial context,,Colección,coleccion,,1850-003X,1,1,1,0,2008,2008,1,,,FALSE,,,,,,,FALSE,,,,,,,FALSE,,,,,FALSE,FALSE,FALSE,,,,,,,,,,,,,,,,,FALSE,,,,,,FALSE,FALSE,,,,,,
JRN053,political_science_core,Political Science / International Relations,Political Science / International Relations,high,SCImago/Scopus disciplinary classification,,Colombia Internacional,colombia internacional,0121-5612,1900-6004,8,8,8,5,2015,2025,8,exact_issn,high,TRUE,5800169849,Colombia Internacional,407,0.239,Q3,18,TRUE,5800169849,Colombia Internacional,837,0.239,Q3,18,TRUE,Political Science and International Relations,407,0.239,Q3,TRUE,TRUE,TRUE,5800169849,Colombia Internacional,exact_issn,high,1.4,0.239,0.752,55,151,105,90,176,1936,90.0% 176/1936 History,Active,2011-2026,FALSE,,,,conflict,low,TRUE,TRUE,FALSE,TRUE,Colombia Internacional,https://www.latindex.org/latindex/ficha/4440,exact_normalized_name,high
JRN054,political_science_core,Political Science,Political Science,high,journal identity + SocPol classification,,Comparative Political Studies,comparative political studies,0010-4140,,2,2,2,0,2009,2019,2,exact_issn,high,FALSE,,,,,,,TRUE,13447,Comparative Political Studies,10,3.796,Q1,142,TRUE,Sociology and Political Science,10,3.796,Q1,TRUE,FALSE,TRUE,13447,Comparative Political Studies,exact_issn,high,8.6,3.796,2.886,88,2556,296,96,54,1530,96.0% 54/1530 Sociology and Political Science,Active,1968-2026,TRUE,COMPARATIVE POLITICAL STUDIES,0010-4140,A1,exact_issn,high,FALSE,FALSE,,,,,,
JRN055,political_science_core,Political Science,Political Science,high,journal identity + SocPol classification,,Comparative Politics,comparative politics,0010-4159,2151-6227,1,1,1,1,2024,2024,1,exact_issn,high,FALSE,,,,,,,TRUE,13448,Comparative Politics,112,1.324,Q1,83,TRUE,Sociology and Political Science,112,1.324,Q1,TRUE,FALSE,TRUE,13448,Comparative Politics,exact_issn,high,3.9,1.324,1.454,73,402,104,79,317,1530,79.0% 317/1530 Sociology and Political Science,Active,1996-2026; 1987-1989; 1978,FALSE,,,,,,FALSE,FALSE,,,,,,
JRN056,outside_political_science,Latin American Studies / Cultural Studies / History,Latin American Studies / Cultural Studies / History,high,manual identity/scope review,,Confluenze,confluenze,,2036-0967,2,2,2,1,2010,2023,3,exact_issn,high,FALSE,,,,,,,TRUE,21100259514,Confluenze,1271,0.123,Q4,5,TRUE,Sociology and Political Science,1271,0.123,Q4,TRUE,FALSE,TRUE,21100259514,Confluenze,exact_issn,high,0.2,0.123,0.371,14,36,190,26,1417,1936,26.0% 1417/1936 History,Active,2013-2025,TRUE,CONFLUENZE (BOLOGNA),2036-0967,A1,exact_issn,high,FALSE,FALSE,,,,,,
JRN057,political_science_core,International Relations,International Relations,high,manual identity/scope review,,Conjuntura Austral,conjuntura austral,,2178-8839,3,3,3,0,2016,2020,2,,,FALSE,,,,,,,FALSE,,,,,,,FALSE,,,,,FALSE,FALSE,FALSE,,,,,,,,,,,,,,,,,TRUE,CONJUNTURA AUSTRAL,2178-8839,A2,exact_issn,high,TRUE,TRUE,FALSE,TRUE,Conjuntura Austral,https://www.latindex.org/latindex/ficha/4668,exact_normalized_name,high
JRN058,outside_political_science,Law,Law,high,journal title,,Conpedi Law Review,conpedi law review,2448-3931,2448-3931,1,1,1,0,2016,2016,2,,,FALSE,,,,,,,FALSE,,,,,,,FALSE,,,,,FALSE,FALSE,FALSE,,,,,,,,,,,,,,,,,FALSE,,,,,,FALSE,FALSE,,,,,,
JRN059,political_science_core,Political Science,Political Science,high,journal identity + SocPol classification,,Constitutional Political Economy,constitutional political economy,1043-4062,1572-9966,1,1,1,0,2015,2015,1,exact_issn,high,FALSE,,,,,,,TRUE,24010,Constitutional Political Economy,772,0.27,Q3,36,TRUE,Sociology and Political Science,772,0.27,Q3,TRUE,FALSE,TRUE,24010,Constitutional Political Economy,exact_issn,high,2.3,0.27,0.743,72,225,100,85,129,891,85.0% 129/891 Philosophy,Active,1990-2026,FALSE,,,,,,FALSE,FALSE,,,,,,
JRN060,outside_political_science,Contemporary History,Contemporary History,high,manual identity/scope review,,Contemporánea,contemporanea,1688-7638,1688-9746,18,16,16,6,2010,2025,6,,,FALSE,,,,,,,FALSE,,,,,,,FALSE,,,,,FALSE,FALSE,FALSE,,,,,,,,,,,,,,,,,FALSE,,,,ambiguous,low,FALSE,FALSE,,,,,,
JRN061,political_science_core,Political Science / International Relations,Political Science / International Relations,high,SCImago/Scopus disciplinary classification,,Contemporary Political Theory,contemporary political theory,,1470-8914,1,1,1,1,2025,2025,1,exact_issn,high,TRUE,5700163232,Contemporary Political Theory,219,0.507,Q2,24,TRUE,5700163232,Contemporary Political Theory,460,0.507,Q2,24,TRUE,Political Science and International Relations,219,0.507,Q2,TRUE,TRUE,TRUE,5700163232,Contemporary Political Theory,exact_issn,high,2.4,0.507,1.64,63,230,94,68,235,745,68.0% 235/745 Political Science and International Relations,Active,2009-2026,TRUE,CONTEMPORARY POLITICAL THEORY,1470-8914,A4,exact_issn,high,FALSE,FALSE,,,,,,
JRN062,outside_political_science,Education,Education,high,journal title,,Convocación Educativa,convocacion educativa,1688-6720,,2,2,2,0,2015,2015,1,,,FALSE,,,,,,,FALSE,,,,,,,FALSE,,,,,FALSE,FALSE,FALSE,,,,,,,,,,,,,,,,,FALSE,,,,,,FALSE,FALSE,,,,,,
JRN063,political_science_core,Political Theory / Social Sciences,Political Theory / Social Sciences,medium,journal title/editorial context,,Crítica Contemporánea,critica contemporanea,,1688-7840,3,3,3,1,2011,2022,1,,,FALSE,,,,,,,FALSE,,,,,,,FALSE,,,,,FALSE,FALSE,FALSE,,,,,,,,,,,,,,,,,FALSE,,,,,,FALSE,FALSE,,,,,,
JRN064,outside_political_science,Interdisciplinary Social Sciences / Social Conflict,Interdisciplinary Social Sciences / Social Conflict,high,final manual scope audit (journal scope / source metadata / disciplinary identifiers),,Crítica y Resistencias,critica y resistencias,,2525-0841,1,1,1,1,2023,2023,1,,,FALSE,,,,,,,FALSE,,,,,,,FALSE,,,,,FALSE,FALSE,FALSE,,,,,,,,,,,,,,,,,TRUE,CRITICA Y RESISTENCIAS,2525-0841,A4,exact_issn,high,TRUE,TRUE,TRUE,FALSE,Crítica y resistencias,https://www.latindex.org/latindex/ficha/23568,exact_normalized_name,high
JRN065,political_science_core,International Relations,International Relations,high,journal title,,"Cuaderno sobre Relaciones Internacionales, Regionalismo y Desarrollo",cuaderno sobre relaciones internacionales regionalismo y desarrollo,1856-349X,,1,1,1,0,2015,2015,1,,,FALSE,,,,,,,FALSE,,,,,,,FALSE,,,,,FALSE,FALSE,FALSE,,,,,,,,,,,,,,,,,TRUE,"CUADERNOS SOBRE RELACIONES INTERNACIONALES, REGIONALISMO Y DESARROLLO",1856-349X,B1,exact_issn,high,FALSE,FALSE,,,,,,
JRN066,outside_political_science,Latin American Studies / Humanities,Latin American Studies / Humanities,high,journal title,,Cuadernos Americanos Nueva Época,cuadernos americanos nueva epoca,0185-156X,,1,1,1,1,2021,2021,1,,,FALSE,,,,,,,FALSE,,,,,,,FALSE,,,,,FALSE,FALSE,FALSE,,,,,,,,,,,,,,,,,FALSE,,,,,,FALSE,FALSE,,,,,,
JRN067,outside_political_science,"General Economics, Econometrics and Finance | Social Sciences (miscellaneous) | Arts and Humanities (miscellaneous)","General Economics, Econometrics and Finance | Social Sciences (miscellaneous) | Arts and Humanities (miscellaneous)",high,Scopus ASJC excludes political science/public administration,,Cuadernos de Economía,cuadernos de economia,0121-4772,2248-4337,1,1,1,1,2025,2025,3,,,FALSE,,,,,,,FALSE,,,,,,,FALSE,,,,,FALSE,FALSE,FALSE,,,,,,,,,,,,,,,,,FALSE,,,,,,FALSE,FALSE,,,,,,
JRN068,outside_political_science,History,History,high,manual identity/scope review,,Cuadernos de Historia,cuadernos de historia,1688-9800,2393-722X,1,0,0,0,2014,2014,1,,,FALSE,,,,,,,FALSE,,,,,,,FALSE,,,,,FALSE,FALSE,FALSE,,,,,,,,,,,,,,,,,FALSE,,,,ambiguous,low,FALSE,FALSE,,,,,,
JRN069,outside_political_science,Education,Education,high,journal title,,Cuadernos de Investigación Educativa,cuadernos de investigacion educativa,1510-2432,1688-9304,2,2,2,0,2019,2020,2,,,FALSE,,,,,,,FALSE,,,,,,,FALSE,,,,,FALSE,FALSE,FALSE,,,,,,,,,,,,,,,,,FALSE,,,,,,FALSE,FALSE,,,,,,
JRN070,outside_political_science,Current Affairs / Culture / Social Thought,Current Affairs / Culture / Social Thought,medium,journal title/editorial context,,Cuadernos de Marcha,cuadernos de marcha,0797-2350,1688-048X,2,0,0,0,1986,1994,2,,,FALSE,,,,,,,FALSE,,,,,,,FALSE,,,,,FALSE,FALSE,FALSE,,,,,,,,,,,,,,,,,FALSE,,,,,,FALSE,FALSE,,,,,,
JRN071,outside_political_science,Development Studies / General Social Sciences,Development Studies / General Social Sciences,high,final manual scope audit (journal scope / source metadata / disciplinary identifiers),,Cuadernos del CENDES,cuadernos del cendes,1012-2508,2443-468X,1,1,1,0,2006,2006,1,exact_issn,high,TRUE,18736,Cuadernos del Cendes,684,0.105,Q4,9,TRUE,18736,Cuadernos del Cendes,1400,0.105,Q4,9,TRUE,Political Science and International Relations,684,0.105,Q4,TRUE,TRUE,FALSE,18736,Cuadernos del Cendes,exact_issn,high,,0.105,0.143,,,,,,,,Inactive,2008-2023; 1989-1991,FALSE,,,,,,FALSE,FALSE,,,,,,
JRN072,outside_political_science,Design / Communication,Design / Communication,high,journal title,,Cuadernos del Centro de Estudios de Diseño y Comunicación,cuadernos del centro de estudios de diseno y comunicacion,1668-0227,1853-3523,2,2,2,1,2020,2022,1,,,FALSE,,,,,,,FALSE,,,,,,,FALSE,,,,,FALSE,FALSE,FALSE,,,,,,,,,,,,,,,,,FALSE,,,,,,FALSE,FALSE,,,,,,
JRN073,outside_political_science,Multidisciplinary Social Sciences,Multidisciplinary Social Sciences,high,official/AURA scope,https://aura.edu.uy/revistas-socias/revistas-de-ciencias-sociales/,Cuadernos del CLAEH,cuadernos del claeh,,0797-6062 | 2393-5979,37,20,20,2,1978,2022,17,,,FALSE,,,,,,,FALSE,,,,,,,FALSE,,,,,FALSE,FALSE,FALSE,,,,,,,,,,,,,,,,,FALSE,,,,,,FALSE,FALSE,,,,,,
JRN074,outside_political_science,Latin American Thought / Humanities,Latin American Thought / Humanities,high,journal title,,Cuadernos del pensamiento latinoamericano,cuadernos del pensamiento latinoamericano,0717-0999,,1,0,0,0,2011,2011,1,,,FALSE,,,,,,,FALSE,,,,,,,FALSE,,,,,FALSE,FALSE,FALSE,,,,,,,,,,,,,,,,,FALSE,,,,,,FALSE,FALSE,,,,,,
JRN075,outside_political_science,Urban Studies,Urban Studies,high,journal title,,Cuestión Urbana,cuestion urbana,2545-6881,,1,1,1,1,2025,2025,1,,,FALSE,,,,,,,FALSE,,,,,,,FALSE,,,,,FALSE,FALSE,FALSE,,,,,,,,,,,,,,,,,FALSE,,,,,,FALSE,FALSE,,,,,,
JRN076,outside_political_science,Religious Studies / Cultural Studies,Religious Studies / Cultural Studies,high,journal title,,Cultura y religión,cultura y religion,,0718-4727,1,1,1,0,2013,2013,1,,,FALSE,,,,,,,FALSE,,,,,,,FALSE,,,,,FALSE,FALSE,FALSE,,,,,,,,,,,,,,,,,FALSE,,,,,,FALSE,FALSE,,,,,,
JRN077,outside_political_science,Cultural Studies / Humanities,Cultural Studies / Humanities,medium,journal title,,Cultural,cultural,,1852-4508,1,1,1,0,2011,2011,1,,,FALSE,,,,,,,FALSE,,,,,,,FALSE,,,,,FALSE,FALSE,FALSE,,,,,,,,,,,,,,,,,FALSE,,,,,,FALSE,FALSE,,,,,,
JRN078,outside_political_science,Cybernetics / Philosophy / Interdisciplinary Studies,Cybernetics / Philosophy / Interdisciplinary Studies,high,journal title,,Cybernetics & Human Knowing,cybernetics and human knowing,0907-0877,1756-6177,1,1,1,1,2024,2024,1,,,FALSE,,,,,,,FALSE,,,,,,,FALSE,,,,,FALSE,FALSE,FALSE,,,,,,,,,,,,,,,,,FALSE,,,,,,FALSE,FALSE,,,,,,
JRN079,outside_political_science,General Social Sciences,General Social Sciences,high,Scopus ASJC excludes political science/public administration,,Dados,dados,,0011-5258,1,1,1,0,2019,2019,1,,,FALSE,,,,,,,FALSE,,,,,,,FALSE,,,,,FALSE,FALSE,FALSE,,,,,,,,,,,,,,,,,TRUE,DADOS (RIO DE JANEIRO. IMPRESSO),0011-5258,A1,exact_issn,high,FALSE,FALSE,,,,,,
JRN080,political_science_adjacent,Public Administration / E-government,Public Administration / E-government,high,manual identity/scope review,,Democracia Digital e Governo Eletrônico,democracia digital e governo eletronico,,2175-9391,5,5,5,0,2009,2018,1,,,FALSE,,,,,,,FALSE,,,,,,,FALSE,,,,,FALSE,FALSE,FALSE,,,,,,,,,,,,,,,,,FALSE,,,,,,FALSE,FALSE,,,,,,
JRN081,political_science_core,Political Science / International Relations,Political Science / International Relations,high,SCImago/Scopus disciplinary classification,,Democratization,democratization,1351-0347,1743-890X,2,2,2,0,2013,2019,3,exact_issn,high,TRUE,24034,Democratization,21,1.848,Q1,83,FALSE,,,,,,,TRUE,Political Science and International Relations,21,1.848,Q1,TRUE,TRUE,FALSE,24034,Democratization,exact_issn,high,5.6,1.848,2.323,80,1764,314,91,66,745,91.0% 66/745 Political Science and International Relations,Active,1994-2026,TRUE,DEMOCRATIZATION,1743-890X,A1,exact_issn,high,FALSE,FALSE,,,,,,
JRN082,political_science_adjacent,Regional Integration / International Relations,Regional Integration / International Relations,medium,journal editorial context,,Densidades,densidades,1851-8311,1851-832X,1,1,1,0,2009,2009,1,,,FALSE,,,,,,,FALSE,,,,,,,FALSE,,,,,FALSE,FALSE,FALSE,,,,,,,,,,,,,,,,,FALSE,,,,,,FALSE,FALSE,,,,,,
JRN083,political_science_core,Diplomacy / Strategy / International Relations,Diplomacy / Strategy / International Relations,high,journal title,,"DEP: Diplomaci, Estratégia y Política",dep diplomaci estrategia y politica,1808-0480,,2,0,0,0,2007,2009,1,,,FALSE,,,,,,,FALSE,,,,,,,FALSE,,,,,FALSE,FALSE,FALSE,,,,,,,,,,,,,,,,,FALSE,,,,,,FALSE,FALSE,,,,,,
JRN084,political_science_core,Political Science / International Relations,Political Science / International Relations,high,manual identity/scope review,,Desafíos,desafios,0124-4035,2145-5112,3,3,3,0,2012,2018,3,,,FALSE,,,,,,,FALSE,,,,,,,FALSE,,,,,FALSE,FALSE,FALSE,,,,,,,,,,,,,,,,,TRUE,DESAFÍOS (ONLINE),2145-5112,A1,exact_issn,high,TRUE,TRUE,TRUE,TRUE,Desafíos,https://www.latindex.org/latindex/ficha/5705,exact_normalized_name,high
JRN085,outside_political_science,Development / Territorial Studies,Development / Territorial Studies,high,journal title,,Desarrollo y Territorio,desarrollo y territorio,,2591-4553,1,1,1,1,2021,2021,1,,,FALSE,,,,,,,FALSE,,,,,,,FALSE,,,,,FALSE,FALSE,FALSE,,,,,,,,,,,,,,,,,FALSE,,,,,,FALSE,FALSE,,,,,,
JRN086,outside_political_science,Interdisciplinary Social Sciences / Humanities,Interdisciplinary Social Sciences / Humanities,high,journal title,,Desbordes Revista de Investigaciones Escuela de Ciencias sociales artes y humanidades - UNAD,desbordes revista de investigaciones escuela de ciencias sociales artes y humanidades unad,2027-5579,2539-4150,1,1,1,0,2014,2014,1,,,FALSE,,,,,,,FALSE,,,,,,,FALSE,,,,,FALSE,FALSE,FALSE,,,,,,,,,,,,,,,,,FALSE,,,,,,FALSE,FALSE,,,,,,
JRN087,outside_political_science,Development Studies / Political Economy,Development Studies / Political Economy,high,official journal scope,https://www.revistas.ufrj.br/index.php/dd,Desenvolvimento em Debate,desenvolvimento em debate,,2176-9257,2,2,2,1,2016,2023,2,,,FALSE,,,,,,,FALSE,,,,,,,FALSE,,,,,FALSE,FALSE,FALSE,,,,,,,,,,,,,,,,,TRUE,DESENVOLVIMENTO EM DEBATE,2176-9257,B1,exact_issn,high,FALSE,FALSE,,,,,,
JRN088,outside_political_science,Semiotics / Communication,Semiotics / Communication,high,journal title/editorial context,,deSignis,designis,1578-4223,2462-7259,1,1,1,0,2012,2012,1,,,FALSE,,,,,,,FALSE,,,,,,,FALSE,,,,,FALSE,FALSE,FALSE,,,,,,,,,,,,,,,,,FALSE,,,,,,FALSE,FALSE,,,,,,
JRN089,outside_political_science,Humanities / Cultural Studies,Humanities / Cultural Studies,medium,publisher/title context,,Deslindes - Revista de la Biblioteca Nacional,deslindes revista de la biblioteca nacional,0797-6402,,3,0,0,0,2013,2013,3,,,FALSE,,,,,,,FALSE,,,,,,,FALSE,,,,,FALSE,FALSE,FALSE,,,,,,,,,,,,,,,,,FALSE,,,,,,FALSE,FALSE,,,,,,
JRN090,outside_political_science,History | Cultural Studies | Anthropology,History | Cultural Studies | Anthropology,high,Scopus ASJC excludes political science/public administration,,Diálogo andino,dialogo andino,0716-2278,0719-2681,2,2,2,2,2023,2023,2,,,FALSE,,,,,,,FALSE,,,,,,,FALSE,,,,,FALSE,FALSE,FALSE,,,,,,,,,,,,,,,,,FALSE,,,,,,FALSE,FALSE,,,,,,
JRN091,outside_political_science,Cultural Studies | Communication | Linguistics and Language | Business and International Management,Cultural Studies | Communication | Linguistics and Language | Business and International Management,high,Scopus ASJC excludes political science/public administration,,Discourses on Culture,discourses on culture,,2450-0402,1,1,0,1,2025,2025,1,,,FALSE,,,,,,,FALSE,,,,,,,FALSE,,,,,FALSE,FALSE,FALSE,,,,,,,,,,,,,,,,,FALSE,,,,,,FALSE,FALSE,,,,,,
JRN092,outside_political_science,Interdisciplinary Social Sciences,Interdisciplinary Social Sciences,high,journal title,,Disjuntiva Crítica de les Ciències Socials,disjuntiva critica de les ciencies socials,,2659-7071,1,1,1,1,2024,2024,1,,,FALSE,,,,,,,FALSE,,,,,,,FALSE,,,,,FALSE,FALSE,FALSE,,,,,,,,,,,,,,,,,FALSE,,,,,,FALSE,FALSE,,,,,,
JRN093,political_science_adjacent,Politics / Social Criticism,Politics / Social Criticism,high,manual identity/scope review,,Dissent,dissent,0012-3846,1946-0910,1,0,0,0,2019,2019,1,exact_issn,high,FALSE,,,,,,,TRUE,16023,Dissent,1183,0.138,Q4,26,TRUE,Sociology and Political Science,1183,0.138,Q4,TRUE,FALSE,TRUE,16023,Dissent,exact_issn,high,0.6,0.138,,27,123,200,27,541,744,27.0% 541/744 Social Sciences (miscellaneous),Active,1996-2026; 1994; 1986-1988; 1983; 1981; 1979; 1976-1977,FALSE,,,,,,FALSE,FALSE,,,,,,
JRN094,outside_political_science,Working Paper Series / Multidisciplinary,Working Paper Series / Multidisciplinary,medium,final manual scope audit (journal scope / source metadata / disciplinary identifiers),,Documentos de Trabajo,documentos de trabajo,1688-5058,,1,0,0,0,1994,1994,1,,,FALSE,,,,,,,FALSE,,,,,,,FALSE,,,,,FALSE,FALSE,FALSE,,,,,,,,,,,,,,,,,FALSE,,,,,,FALSE,FALSE,,,,,,
JRN095,political_science_core,Legislative Studies / Political Science,Legislative Studies / Political Science,medium,journal institutional context,,E-Legis - Revista Eletrônica do Programa de Pós-Graduação da Câmara dos Deputados,e legis revista eletronica do programa de pos graduacao da camara dos deputados,,2175-0688,1,1,1,1,2021,2021,1,,,FALSE,,,,,,,FALSE,,,,,,,FALSE,,,,,FALSE,FALSE,FALSE,,,,,,,,,,,,,,,,,TRUE,E-LEGIS,2175-0688,A4,exact_issn,high,FALSE,FALSE,,,,,,
JRN096,outside_political_science,Ecology,Ecology,high,Scopus ASJC excludes political science/public administration,,Ecology and Society,ecology and society,1708-3087,,1,1,1,1,2022,2022,1,,,FALSE,,,,,,,FALSE,,,,,,,FALSE,,,,,FALSE,FALSE,FALSE,,,,,,,,,,,,,,,,,FALSE,,,,,,FALSE,FALSE,,,,,,
JRN097,outside_political_science,Education,Education,high,manual identity/scope review,,Educar,educar,1510-1185,,1,0,0,0,1999,1999,1,,,FALSE,,,,,,,FALSE,,,,,,,FALSE,,,,,FALSE,FALSE,FALSE,,,,,,,,,,,,,,,,,FALSE,,,,,,FALSE,FALSE,,,,,,
JRN098,outside_political_science,Education,Education,high,Scopus ASJC excludes political science/public administration,,Education Policy Analysis Archives,education policy analysis archives,,1068-2341,1,1,1,0,2018,2018,1,,,FALSE,,,,,,,FALSE,,,,,,,FALSE,,,,,FALSE,FALSE,FALSE,,,,,,,,,,,,,,,,,TRUE,ARCHIVOS ANALÍTICOS DE POLÍTICAS EDUCATIVAS / EDUCATION POLICY ANALYSIS ARCHIVES,1068-2341,A1,exact_issn,high,FALSE,FALSE,,,,,,
JRN099,political_science_core,Political Science / International Relations,Political Science / International Relations,high,SCImago/Scopus disciplinary classification,,Electoral Studies,electoral studies,0261-3794,,1,1,1,0,2015,2015,1,exact_issn,high,TRUE,16114,Electoral Studies,18,2.08,Q1,98,FALSE,,,,,,,TRUE,Political Science and International Relations,18,2.08,Q1,TRUE,TRUE,FALSE,16114,Electoral Studies,exact_issn,high,4.7,2.08,1.826,69,1799,384,86,104,745,86.0% 104/745 Political Science and International Relations,Active,1982-2026,TRUE,ELECTORAL STUDIES,0261-3794,A1,exact_issn,high,FALSE,FALSE,,,,,,
JRN100,outside_political_science,Arts / Humanities,Arts / Humanities,medium,journal title/editorial context,,Elephant and Castle,elephant and castle,,1826-6118,1,1,1,1,2023,2023,1,,,FALSE,,,,,,,FALSE,,,,,,,FALSE,,,,,FALSE,FALSE,FALSE,,,,,,,,,,,,,,,,,FALSE,,,,,,FALSE,FALSE,,,,,,
JRN101,political_science_core,Political Science / Public Opinion,Political Science / Public Opinion,medium,journal title/editorial context,,Em Debate,em debate,,2176-4883,1,0,0,0,2010,2010,1,,,FALSE,,,,,,,FALSE,,,,,,,FALSE,,,,,FALSE,FALSE,FALSE,,,,,,,,,,,,,,,,,FALSE,,,,,,FALSE,FALSE,,,,,,
JRN102,political_science_adjacent,Sociology / Political Science,Sociology / Political Science,high,final manual scope audit (journal scope / source metadata / disciplinary identifiers),,Em Tese,em tese,,1806-5023,1,1,1,0,2016,2016,1,,,FALSE,,,,,,,FALSE,,,,,,,FALSE,,,,,FALSE,FALSE,FALSE,,,,,,,,,,,,,,,,,TRUE,EM TESE (FLORIANÓPOLIS),1806-5023,A4,exact_issn,high,TRUE,TRUE,TRUE,FALSE,Em Tese,https://www.latindex.org/latindex/ficha/21615,exact_normalized_name,high
JRN103,outside_political_science,Interdisciplinary Research,Interdisciplinary Research,medium,journal title,,Encuentro de Jóvenes Investigadores,encuentro de jovenes investigadores,1852-6187,2313-9005,1,1,1,0,2009,2009,1,,,FALSE,,,,,,,FALSE,,,,,,,FALSE,,,,,FALSE,FALSE,FALSE,,,,,,,,,,,,,,,,,FALSE,,,,,,FALSE,FALSE,,,,,,
JRN104,outside_political_science,Latin American Studies / Humanities / Social Sciences,Latin American Studies / Humanities / Social Sciences,high,Latindex/official scope,https://www.latindex.org/latindex/ficha/6644,Encuentros Latinoamericanos,encuentros latinoamericanos,,1688-437X,3,3,3,2,2012,2024,3,,,FALSE,,,,,,,FALSE,,,,,,,FALSE,,,,,FALSE,FALSE,FALSE,,,,,,,,,,,,,,,,,FALSE,,,,,,FALSE,FALSE,,,,,,
JRN105,outside_political_science,Recent History / Interdisciplinary Social Sciences and Humanities,Recent History / Interdisciplinary Social Sciences and Humanities,high,official journal scope,https://ojs.fhce.edu.uy/index.php/encuru/about,Encuentros Uruguayos,encuentros uruguayos,,1688-5236,3,3,3,2,2018,2021,3,,,FALSE,,,,,,,FALSE,,,,,,,FALSE,,,,,FALSE,FALSE,FALSE,,,,,,,,,,,,,,,,,FALSE,,,,,,FALSE,FALSE,,,,,,
JRN106,outside_political_science,Social Sciences / Political Economy,Social Sciences / Political Economy,medium,journal title/editorial context,,Entelequia,entelequia,0797-8499,,1,0,0,0,1994,1994,1,,,FALSE,,,,,,,FALSE,,,,,,,FALSE,,,,,FALSE,FALSE,FALSE,,,,,,,,,,,,,,,,,FALSE,,,,,,FALSE,FALSE,,,,,,
JRN107,outside_political_science,"Geography, Planning and Development | Management, Monitoring, Policy and Law","Geography, Planning and Development | Management, Monitoring, Policy and Law",high,Scopus ASJC excludes political science/public administration,,Environmental Science & Policy,environmental science and policy,1462-9011,,1,1,1,1,2024,2024,1,,,FALSE,,,,,,,FALSE,,,,,,,FALSE,,,,,FALSE,FALSE,FALSE,,,,,,,,,,,,,,,,,TRUE,ENVIRONMENTAL SCIENCE & POLICY,1462-9011,A1,exact_issn,high,FALSE,FALSE,,,,,,
JRN108,outside_political_science,Philosophy / Humanities,Philosophy / Humanities,medium,journal title/editorial context,,Erasmus,erasmus,1514-6049,2718-6288,1,1,1,0,2013,2013,1,,,FALSE,,,,,,,FALSE,,,,,,,FALSE,,,,,FALSE,FALSE,FALSE,,,,,,,,,,,,,,,,,FALSE,,,,,,FALSE,FALSE,,,,,,
JRN109,outside_political_science,History / Global History,History / Global History,high,manual identity/scope review,,Esboços histórias em contextos globais,esbocos historias em contextos globais,1414-722X,2175-7976,2,2,2,1,2005,2022,2,exact_issn,high,FALSE,,,,,,,TRUE,21101028122,Esbocos,1209,0.133,Q4,5,TRUE,Sociology and Political Science,1209,0.133,Q4,TRUE,FALSE,TRUE,21101028122,Esbocos,exact_issn,high,0.2,0.133,0.209,17,25,102,34,1258,1936,34.0% 1258/1936 History,Active,2019-2026,TRUE,ESBOÇOS,2175-7976,A1,exact_issn,high,FALSE,FALSE,,,,,,
JRN110,political_science_core,Regionalism / International Relations,Regionalism / International Relations,high,journal title,,Escenario (Observatorio de Regionalismo en América Latina y el Caribe),escenario observatorio de regionalismo en america latina y el caribe,2393-7254,,1,0,0,0,2017,2017,1,,,FALSE,,,,,,,FALSE,,,,,,,FALSE,,,,,FALSE,FALSE,FALSE,,,,,,,,,,,,,,,,,FALSE,,,,,,FALSE,FALSE,,,,,,
JRN111,outside_political_science,Sociology / Social Sciences,Sociology / Social Sciences,high,journal identity,,Espacio Abierto,espacio abierto,0334-6950,,4,0,0,0,2010,2013,1,,,FALSE,,,,,,,FALSE,,,,,,,FALSE,,,,,FALSE,FALSE,FALSE,,,,,,,,,,,,,,,,,FALSE,,,,ambiguous,low,FALSE,FALSE,,,,,,
JRN112,outside_political_science,Law / Judicial Studies,Law / Judicial Studies,high,journal institutional context,,Espacio Abierto. Revista del CIEJ-AFJU,espacio abierto revista del ciej afju,1688-5953,,1,0,0,0,2012,2012,1,,,FALSE,,,,,,,FALSE,,,,,,,FALSE,,,,,FALSE,FALSE,FALSE,,,,,,,,,,,,,,,,,TRUE,ESPACIO ABIERTO (MONTEVIDEO),1688-5953,B3,exact_issn,high,FALSE,FALSE,,,,,,
JRN113,political_science_adjacent,Political Sociology / State and Society,Political Sociology / State and Society,high,final manual scope audit (journal scope / source metadata / disciplinary identifiers),,Espiral estudios sobre Estado y sociedad,espiral estudios sobre estado y sociedad,1665-0565,2594-021X,1,1,1,0,2015,2015,1,,,FALSE,,,,,,,FALSE,,,,,,,FALSE,,,,,FALSE,FALSE,FALSE,,,,,,,,,,,,,,,,,FALSE,,,,,,FALSE,FALSE,,,,,,
JRN114,political_science_adjacent,Public Administration / Public Policy / Political Science,Public Administration / Public Policy / Political Science,medium,journal title/scope,,Estado y Comunes,estado y comunes,1390-8081,2477-9245,1,1,1,0,2018,2018,1,,,FALSE,,,,,,,FALSE,,,,,,,FALSE,,,,,FALSE,FALSE,FALSE,,,,,,,,,,,,,,,,,TRUE,ESTADO & COMUNES,2477-9245,A1,exact_issn,high,FALSE,FALSE,,,,,,
JRN115,outside_political_science,Philosophy / History of Ideas,Philosophy / History of Ideas,high,journal title,,Estudios de Filosofía Práctica e Historia de las Ideas,estudios de filosofia practica e historia de las ideas,1515-7180,1851-9490,1,1,1,0,2014,2014,1,,,FALSE,,,,,,,FALSE,,,,,,,FALSE,,,,,FALSE,FALSE,FALSE,,,,,,,,,,,,,,,,,FALSE,,,,,,FALSE,FALSE,,,,,,
JRN116,outside_political_science,Interdisciplinary Social Sciences / Humanities,Interdisciplinary Social Sciences / Humanities,medium,journal institutional description,,Estudios digital,estudios digital,0328-185X,1852-1568,4,4,4,1,2009,2023,1,,,FALSE,,,,,,,FALSE,,,,,,,FALSE,,,,,FALSE,FALSE,FALSE,,,,,,,,,,,,,,,,,FALSE,,,,,,FALSE,FALSE,,,,,,
JRN117,outside_political_science,Cultural Studies | Social Sciences (miscellaneous) | Literature and Literary Theory | History,Cultural Studies | Social Sciences (miscellaneous) | Literature and Literary Theory | History,high,Scopus ASJC excludes political science/public administration,,Estudios interdisciplinarios de America Latina y el Caribe,estudios interdisciplinarios de america latina y el caribe,0792-7061,2226-4620,1,1,1,0,2018,2018,1,,,FALSE,,,,,,,FALSE,,,,,,,FALSE,,,,,FALSE,FALSE,FALSE,,,,,,,,,,,,,,,,,FALSE,,,,,,FALSE,FALSE,,,,,,
JRN118,political_science_core,International Relations,International Relations,high,final manual scope audit (journal scope / source metadata / disciplinary identifiers),,Estudios Internacionales,estudios internacionales,0716-0240,0719-3769,1,1,1,0,1994,1994,1,,,FALSE,,,,,,,FALSE,,,,,,,FALSE,,,,,FALSE,FALSE,FALSE,,,,,,,,,,,,,,,,,FALSE,,,,conflict,low,TRUE,TRUE,FALSE,TRUE,Estudios Internacionales,https://www.latindex.org/latindex/ficha/7169,exact_normalized_name,high
JRN119,outside_political_science,Interdisciplinary Social Sciences / History,Interdisciplinary Social Sciences / History,medium,journal title/editorial scope,,Estudios Sociales,estudios sociales,0327-4934,2250-6950,2,2,2,0,1992,2014,2,,,FALSE,,,,,,,FALSE,,,,,,,FALSE,,,,,FALSE,FALSE,FALSE,,,,,,,,,,,,,,,,,FALSE,,,,,,FALSE,FALSE,,,,,,
JRN120,outside_political_science,Sociology,Sociology,high,final manual scope audit (journal scope / source metadata / disciplinary identifiers),,Estudios Sociológicos de El Colegio de México,estudios sociologicos de el colegio de mexico,0185-4186,2448-6442,1,1,1,0,2020,2020,1,exact_issn,high,TRUE,14377,Estudios Sociologicos,443,0.217,Q3,10,TRUE,14377,Estudios Sociologicos,888,0.217,Q3,10,TRUE,Political Science and International Relations,443,0.217,Q3,TRUE,TRUE,TRUE,14377,Estudios Sociologicos,exact_issn,high,0.7,0.217,0.606,29,139,208,27,1103,1530,27.0% 1103/1530 Sociology and Political Science,Active,2014-2026; 1998; 1994-1996; 1992; 1984-1985,TRUE,ESTUDIOS SOCIOLÓGICOS DE EL COLEGIO DE MÉXICO,2448-6442,A1,exact_issn,high,FALSE,FALSE,,,,,,
JRN121,outside_political_science,Sociology,Sociology,high,journal title,,Estudos de Sociologia,estudos de sociologia,1414-0144,1982-4718,1,1,1,0,2017,2017,1,,,FALSE,,,,,,,FALSE,,,,,,,FALSE,,,,,FALSE,FALSE,FALSE,,,,,,,,,,,,,,,,,FALSE,,,,conflict,low,FALSE,FALSE,,,,,,
JRN122,outside_political_science,History,History,high,Scopus ASJC excludes political science/public administration,,Estudos Ibero-Americanos,estudos ibero americanos,0101-4064,1980-864X,5,5,5,3,2012,2023,4,,,FALSE,,,,,,,FALSE,,,,,,,FALSE,,,,,FALSE,FALSE,FALSE,,,,,,,,,,,,,,,,,FALSE,,,,conflict,low,FALSE,FALSE,,,,,,
JRN123,political_science_core,Political Science / International Relations,Political Science / International Relations,high,SCImago/Scopus disciplinary classification,,Estudos Internacionais Revista de Relações Internacionais da PUC Minas,estudos internacionais revista de relacoes internacionais da puc minas,,2317-773X,1,1,1,1,2024,2024,1,exact_issn,high,TRUE,21100840182,Estudos Internacionais,659,0.11,Q4,6,FALSE,,,,,,,TRUE,Political Science and International Relations,659,0.11,Q4,TRUE,TRUE,FALSE,21100840182,Estudos Internacionais,exact_issn,high,0.2,0.11,0.059,14,19,79,9,673,745,9.0% 673/745 Political Science and International Relations,Active,2017-2025,TRUE,ESTUDOS INTERNACIONAIS,2317-773X,A4,exact_issn,high,FALSE,FALSE,,,,,,
JRN124,outside_political_science,Urban Studies,Urban Studies,high,Scopus ASJC excludes political science/public administration,,EURE (Santiago),eure santiago,,0250-7161 | 0717-6236,1,1,1,1,2026,2026,2,,,FALSE,,,,,,,FALSE,,,,,,,FALSE,,,,,FALSE,FALSE,FALSE,,,,,,,,,,,,,,,,,FALSE,,,,,,FALSE,FALSE,,,,,,
JRN125,political_science_core,Political Science / International Relations,Political Science / International Relations,high,SCImago/Scopus disciplinary classification,,European Political Science,european political science,1680-4333,1682-0983,1,1,1,0,2016,2016,1,exact_issn,high,TRUE,5700160310,European Political Science,137,0.744,Q1,38,FALSE,,,,,,,TRUE,Political Science and International Relations,137,0.744,Q1,TRUE,TRUE,FALSE,5700160310,European Political Science,exact_issn,high,4.1,0.744,1.604,67,636,156,82,131,745,82.0% 131/745 Political Science and International Relations,Active,2008-2026; 2005,TRUE,EUROPEAN POLITICAL SCIENCE (PRINT),1680-4333,A2,exact_issn,high,FALSE,FALSE,,,,,,
JRN126,political_science_adjacent,Public Policy / Evidence Use,Public Policy / Evidence Use,high,manual identity/scope review,,Evidence & Policy,evidence and policy,1744-2648,1744-2656,2,2,2,0,2019,2019,1,,,FALSE,,,,,,,FALSE,,,,,,,FALSE,,,,,FALSE,FALSE,FALSE,,,,,,,,,,,,,,,,,FALSE,,,,,,FALSE,FALSE,,,,,,
JRN127,outside_political_science,Medicine / Gynecology,Medicine / Gynecology,high,journal identity,,Femina,femina,0100-7254,,1,0,0,0,2015,2015,1,,,FALSE,,,,,,,FALSE,,,,,,,FALSE,,,,,FALSE,FALSE,FALSE,,,,,,,,,,,,,,,,,FALSE,,,,,,FALSE,FALSE,,,,,,
JRN128,political_science_core,International Relations / Foreign Policy,International Relations / Foreign Policy,high,journal identity,,Foreign Affairs Latinoamérica,foreign affairs latinoamerica,1665-1707,,2,0,0,0,2014,2014,1,,,FALSE,,,,,,,FALSE,,,,,,,FALSE,,,,,FALSE,FALSE,FALSE,,,,,,,,,,,,,,,,,TRUE,FOREIGN AFFAIRS: LATINOAMEIRCA,1665-1707,A2,exact_issn,high,FALSE,FALSE,,,,,,
JRN129,political_science_core,International Relations / Political Science,International Relations / Political Science,high,final manual scope audit (journal scope / source metadata / disciplinary identifiers),,Foro Internacional,foro internacional,0185-013X,2448-6523,1,1,1,0,2018,2018,1,,,FALSE,,,,,,,FALSE,,,,,,,FALSE,,,,,FALSE,FALSE,FALSE,,,,,,,,,,,,,,,,,TRUE,FORO INTERNACIONAL,0185-013X,A1,exact_issn,high,TRUE,TRUE,FALSE,TRUE,Foro internacional,https://www.latindex.org/latindex/ficha/7677,exact_normalized_name,high
JRN130,,,,,,,"Foro Internacional, Revista del Centro de Estudios Internacionales de El Colegio de México",foro internacional revista del centro de estudios internacionales de el colegio de mexico,0185-035X,,1,1,1,0,2019,2019,1,,,FALSE,,,,,,,FALSE,,,,,,,FALSE,,,,,FALSE,FALSE,FALSE,,,,,,,,,,,,,,,,,FALSE,,,,,,FALSE,FALSE,,,,,,
JRN131,outside_political_science,Social Work / Social Sciences,Social Work / Social Sciences,high,official journal scope,https://revistasfcs.edu.uy/index.php/ftas/es/about/index,Fronteras,fronteras,0797-8952,2393-7688,2,0,0,0,1995,1997,1,,,FALSE,,,,,,,FALSE,,,,,,,FALSE,,,,,FALSE,FALSE,FALSE,,,,,,,,,,,,,,,,,FALSE,,,,,,FALSE,FALSE,,,,,,
JRN132,outside_political_science,General Social Sciences,General Social Sciences,high,Scopus ASJC excludes political science/public administration,,Frontiers in Sociology,frontiers in sociology,,2297-7775,3,3,3,3,2021,2024,1,,,FALSE,,,,,,,FALSE,,,,,,,FALSE,,,,,FALSE,FALSE,FALSE,,,,,,,,,,,,,,,,,FALSE,,,,,,FALSE,FALSE,,,,,,
JRN133,outside_political_science,"Horticulture | Management, Monitoring, Policy and Law | Agronomy and Crop Science | Ecology | Food Science | Global and Planetary Change","Horticulture | Management, Monitoring, Policy and Law | Agronomy and Crop Science | Ecology | Food Science | Global and Planetary Change",high,Scopus ASJC excludes political science/public administration,,Frontiers in Sustainable Food Systems,frontiers in sustainable food systems,,2571-581X,1,1,1,1,2022,2022,1,,,FALSE,,,,,,,FALSE,,,,,,,FALSE,,,,,FALSE,FALSE,FALSE,,,,,,,,,,,,,,,,,FALSE,,,,,,FALSE,FALSE,,,,,,
JRN134,outside_political_science,Education / Educational Administration,Education / Educational Administration,high,final manual scope audit (journal scope / source metadata / disciplinary identifiers),,Gestión de la educación,gestion de la educacion,,2215-2288,1,1,1,1,2022,2022,1,,,FALSE,,,,,,,FALSE,,,,,,,FALSE,,,,,FALSE,FALSE,FALSE,,,,,,,,,,,,,,,,,FALSE,,,,,,FALSE,FALSE,,,,,,
JRN135,political_science_adjacent,Public Policy / Public Administration,Public Policy / Public Administration,high,manual identity/scope review,,Gestión y Análisis de Políticas Públicas,gestion y analisis de politicas publicas,1134-6035,1989-8991,1,1,1,1,2022,2022,1,,,FALSE,,,,,,,FALSE,,,,,,,FALSE,,,,,FALSE,FALSE,FALSE,,,,,,,,,,,,,,,,,FALSE,,,,,,TRUE,TRUE,TRUE,FALSE,Gestión y análisis de políticas públicas,https://www.latindex.org/latindex/ficha/8032,exact_normalized_name,high
JRN136,political_science_adjacent,Public Policy / Public Administration,Public Policy / Public Administration,high,manual identity/scope review,,Gestión y Política Pública,gestion y politica publica,1405-1079,2448-9182,1,1,1,1,2023,2023,2,exact_issn,high,TRUE,22826,Gestion y Politica Publica,415,0.233,Q3,16,FALSE,,,,,,,TRUE,Political Science and International Relations,415,0.233,Q3,FALSE,FALSE,FALSE,,,,,,,,,,,,,,,,,FALSE,,,,,,TRUE,TRUE,TRUE,FALSE,Gestión y política pública,https://www.latindex.org/latindex/ficha/8036,exact_normalized_name,high
JRN137,political_science_adjacent,Politics / Social Theory / Interdisciplinary Social Sciences,Politics / Social Theory / Interdisciplinary Social Sciences,high,final manual scope audit (journal scope / source metadata / disciplinary identifiers),,Global Discourse,global discourse,2326-9995,2043-7897,1,1,1,1,2024,2024,1,exact_issn,high,TRUE,21100782417,Global Discourse,277,0.383,Q2,26,TRUE,21100782417,Global Discourse,577,0.383,Q2,26,TRUE,Political Science and International Relations,277,0.383,Q2,TRUE,TRUE,TRUE,21100782417,Global Discourse,exact_issn,high,5,0.383,0.968,90,404,81,87,91,745,87.0% 91/745 Political Science and International Relations,Active,2013-2026; 2010-2011,FALSE,,,,,,FALSE,FALSE,,,,,,
JRN138,political_science_adjacent,Social Policy / Public Policy,Social Policy / Public Policy,high,manual identity/scope review,,Global Social Policy,global social policy,1468-0181,1741-2803,1,1,0,1,2026,2026,1,exact_issn,high,FALSE,,,,,,,TRUE,30006,Global Social Policy,692,0.314,Q2,46,TRUE,Sociology and Political Science,692,0.314,Q2,TRUE,FALSE,TRUE,30006,Global Social Policy,exact_issn,high,2.6,0.314,0.811,67,332,126,68,489,1530,68.0% 489/1530 Sociology and Political Science,Active,2001-2026,TRUE,GLOBAL SOCIAL POLICY,1468-0181,A1,exact_issn,high,FALSE,FALSE,,,,,,
JRN139,political_science_adjacent,Public Administration,Public Administration,high,manual identity/scope review,,Gobierno y Administración Pública,gobierno y administracion publica,,2735-7074,1,1,1,1,2025,2025,2,,,FALSE,,,,,,,FALSE,,,,,,,FALSE,,,,,FALSE,FALSE,FALSE,,,,,,,,,,,,,,,,,FALSE,,,,,,TRUE,TRUE,TRUE,FALSE,Gobierno y administración pública,https://www.latindex.org/latindex/ficha/28426,exact_normalized_name,high
JRN140,political_science_adjacent,Public Policy / Public Administration,Public Policy / Public Administration,high,manual identity/scope review,,Gouvernement et action publique,gouvernement et action publique,2260-0965,2262-340X,1,1,1,0,2019,2019,1,,,FALSE,,,,,,,FALSE,,,,,,,FALSE,,,,,FALSE,FALSE,FALSE,,,,,,,,,,,,,,,,,FALSE,,,,,,FALSE,FALSE,,,,,,
JRN141,political_science_core,Political Science,Political Science,high,manual identity/scope review,,Government and Opposition,government and opposition,0017-257X,1477-7053,2,2,2,1,2016,2026,2,exact_issn,high,FALSE,,,,,,,TRUE,19089,Government and Opposition,44,2.172,Q1,71,TRUE,Sociology and Political Science,44,2.172,Q1,TRUE,FALSE,TRUE,19089,Government and Opposition,exact_issn,high,8,2.172,2.46,85,1514,189,95,69,1530,95.0% 69/1530 Sociology and Political Science,Active,1965-2026,TRUE,GOVERNMENT AND OPPOSITION (LONDON),0017-257X,A1,exact_issn,high,FALSE,FALSE,,,,,,
JRN142,outside_political_science,Economic / Business History,Economic / Business History,high,journal title,,H-Industria,h industria,,1851-703X,1,1,1,0,2007,2007,1,,,FALSE,,,,,,,FALSE,,,,,,,FALSE,,,,,FALSE,FALSE,FALSE,,,,,,,,,,,,,,,,,FALSE,,,,,,FALSE,FALSE,,,,,,
JRN143,outside_political_science,Literature and Literary Theory,Literature and Literary Theory,high,Scopus ASJC excludes political science/public administration,,Hispamérica,hispamerica,0363-0471,2328-0743,1,1,1,1,2021,2021,1,,,FALSE,,,,,,,FALSE,,,,,,,FALSE,,,,,FALSE,FALSE,FALSE,,,,,,,,,,,,,,,,,FALSE,,,,,,FALSE,FALSE,,,,,,
JRN144,outside_political_science,History,History,high,Scopus ASJC excludes political science/public administration,,Historia 396,historia 396,0719-0719,0719-7969,1,1,1,1,2025,2025,1,,,FALSE,,,,,,,FALSE,,,,,,,FALSE,,,,,FALSE,FALSE,FALSE,,,,,,,,,,,,,,,,,FALSE,,,,,,FALSE,FALSE,,,,,,
JRN145,outside_political_science,Cultural Studies | History,Cultural Studies | History,high,Scopus ASJC excludes political science/public administration,,História (São Paulo),historia sao paulo,0101-9074,1980-4369,1,1,1,0,2004,2004,1,,,FALSE,,,,,,,FALSE,,,,,,,FALSE,,,,,FALSE,FALSE,FALSE,,,,,,,,,,,,,,,,,FALSE,,,,conflict,low,FALSE,FALSE,,,,,,
JRN146,outside_political_science,Latin American Studies,Latin American Studies,medium,journal title/editorial context,,Horizontes Latinoamericanos,horizontes latinoamericanos,2358-6621,2318-8626,2,1,1,0,2013,2014,2,,,FALSE,,,,,,,FALSE,,,,,,,FALSE,,,,,FALSE,FALSE,FALSE,,,,,,,,,,,,,,,,,FALSE,,,,,,FALSE,FALSE,,,,,,
JRN147,outside_political_science,History,History,medium,final manual scope audit (journal scope / source metadata / disciplinary identifiers),,Hoy es Historia,hoy es historia,2222-3333,,1,0,0,0,1984,1984,1,,,FALSE,,,,,,,FALSE,,,,,,,FALSE,,,,,FALSE,FALSE,FALSE,,,,,,,,,,,,,,,,,FALSE,,,,,,FALSE,FALSE,,,,,,
JRN148,outside_political_science,Humanities,Humanities,high,manual identity/scope review,,Humanidades,humanidades,2301-1580,,1,1,1,0,2017,2017,1,,,FALSE,,,,,,,FALSE,,,,,,,FALSE,,,,,FALSE,FALSE,FALSE,,,,,,,,,,,,,,,,,FALSE,,,,,,FALSE,FALSE,,,,,,
JRN149,outside_political_science,Latin American Studies / Multidisciplinary Social Sciences,Latin American Studies / Multidisciplinary Social Sciences,high,final manual scope audit (journal scope / source metadata / disciplinary identifiers),,Iberoamericana,iberoamericana,0046-8444,2002-4509,8,8,8,0,2004,2020,6,,,FALSE,,,,,,,FALSE,,,,,,,FALSE,,,,,FALSE,FALSE,FALSE,,,,,,,,,,,,,,,,,TRUE,IBEROAMERICANA - NORDIC JOURNAL OF LATIN AMERICAN AND CARIBBEAN STUDIES,2002-4509,B1,exact_issn,high,TRUE,TRUE,TRUE,FALSE,Iberoamericana,https://www.latindex.org/latindex/ficha/22814,exact_normalized_name,high
JRN150,outside_political_science,History / Literature / Latin American Studies,History / Literature / Latin American Studies,high,manual identity/scope review,,Iberoamericana,iberoamericana,1577-3388,2255-520X,7,6,6,4,2010,2025,5,,,FALSE,,,,,,,FALSE,,,,,,,FALSE,,,,,FALSE,FALSE,FALSE,,,,,,,,,,,,,,,,,FALSE,,,,conflict,low,TRUE,TRUE,TRUE,FALSE,Iberoamericana,https://www.latindex.org/latindex/ficha/22814,exact_normalized_name,high
JRN151,outside_political_science,Multidisciplinary Social Sciences / Latin American Studies,Multidisciplinary Social Sciences / Latin American Studies,high,final manual scope audit (journal scope / source metadata / disciplinary identifiers),,Íconos - Revista de Ciencias Sociales,iconos revista de ciencias sociales,1390-1249,1390-8065,4,4,4,2,2015,2024,8,exact_issn,high,FALSE,,,,,,,TRUE,21101044834,Iconos,722,0.301,Q2,9,TRUE,Sociology and Political Science,722,0.301,Q2,TRUE,FALSE,TRUE,21101044834,Iconos,exact_issn,high,1.3,0.301,0.718,48,166,124,64,192,536,64.0% 192/536 Anthropology,Active,2019-2026,FALSE,,,,conflict,low,TRUE,TRUE,TRUE,FALSE,Íconos,https://www.latindex.org/latindex/ficha/8467,exact_normalized_name,high
JRN152,outside_political_science,Management / Business / Public Administration,Management / Business / Public Administration,high,manual identity/scope review,,Innovar,innovar,0121-5051,2248-6968,1,1,1,0,2015,2015,1,exact_issn,high,FALSE,,,,,,,TRUE,11600153630,Innovar,1142,0.15,Q4,20,TRUE,Sociology and Political Science,1142,0.15,Q4,TRUE,FALSE,TRUE,11600153630,Innovar,exact_issn,high,1.3,0.15,0.365,61,212,165,46,819,1530,46.0% 819/1530 Sociology and Political Science,Active,2008-2026,FALSE,,,,,,FALSE,FALSE,,,,,,
JRN153,outside_political_science,Higher Education / University Extension,Higher Education / University Extension,medium,journal title/editorial context,,Integralidad sobre ruedas,integralidad sobre ruedas,,2697-3197,1,1,1,1,2024,2024,1,,,FALSE,,,,,,,FALSE,,,,,,,FALSE,,,,,FALSE,FALSE,FALSE,,,,,,,,,,,,,,,,,FALSE,,,,,,FALSE,FALSE,,,,,,
JRN154,outside_political_science,Education / Higher Education,Education / Higher Education,high,official journal scope,https://ojs.intercambios.cse.udelar.edu.uy/index.php/ic/about,InterCambios: Dilemas y Transiciones de la Educación Superior,intercambios dilemas y transiciones de la educacion superior,,2301-0118,3,3,3,2,2018,2022,2,,,FALSE,,,,,,,FALSE,,,,,,,FALSE,,,,,FALSE,FALSE,FALSE,,,,,,,,,,,,,,,,,FALSE,,,,,,FALSE,FALSE,,,,,,
JRN155,outside_political_science,Interdisciplinary Studies,Interdisciplinary Studies,high,journal title,,INTERdisciplina,interdisciplina,,2448-5705,2,2,2,1,2015,2021,1,,,FALSE,,,,,,,FALSE,,,,,,,FALSE,,,,,FALSE,FALSE,FALSE,,,,,,,,,,,,,,,,,FALSE,,,,,,FALSE,FALSE,,,,,,
JRN156,,,,,,,INTERdisciplina,interdisciplina,4567-5678,,1,1,1,0,2017,2017,1,,,FALSE,,,,,,,FALSE,,,,,,,FALSE,,,,,FALSE,FALSE,FALSE,,,,,,,,,,,,,,,,,FALSE,,,,,,FALSE,FALSE,,,,,,
JRN157,political_science_core,Political Science / International Relations,Political Science / International Relations,high,SCImago/Scopus disciplinary classification,,International Affairs,international affairs,0020-5850,1468-2346,1,1,1,1,2023,2023,1,exact_issn,high,TRUE,25772,International Affairs,17,2.097,Q1,113,TRUE,25772,International Affairs,47,2.097,Q1,113,TRUE,Political Science and International Relations,17,2.097,Q1,TRUE,TRUE,TRUE,25772,International Affairs,exact_issn,high,7.9,2.097,3.001,88,3223,408,97,21,745,97.0% 21/745 Political Science and International Relations,Active,1996-2026; 1988-1989; 1979-1986,FALSE,,,,conflict,low,FALSE,FALSE,,,,,,
JRN158,outside_political_science,Law,Law,high,Scopus ASJC excludes political science/public administration,,International Journal of Constitutional Law,international journal of constitutional law,1474-2640,1474-2659,2,2,2,2,2024,2024,3,,,FALSE,,,,,,,FALSE,,,,,,,FALSE,,,,,FALSE,FALSE,FALSE,,,,,,,,,,,,,,,,,FALSE,,,,,,FALSE,FALSE,,,,,,
JRN159,outside_political_science,Health Policy | Medicine (miscellaneous),Health Policy | Medicine (miscellaneous),high,Scopus ASJC excludes political science/public administration,,International Journal of Drug Policy,international journal of drug policy,0955-3959,,2,2,2,1,2019,2025,1,,,FALSE,,,,,,,FALSE,,,,,,,FALSE,,,,,FALSE,FALSE,FALSE,,,,,,,,,,,,,,,,,FALSE,,,,,,FALSE,FALSE,,,,,,
JRN160,outside_political_science,Education,Education,high,Scopus ASJC excludes political science/public administration,,International Journal of Educational Research,international journal of educational research,0883-0355,,1,1,1,1,2021,2021,1,ambiguous,low,FALSE,,,,,,,FALSE,,,,,,,FALSE,,,,,FALSE,FALSE,FALSE,,,ambiguous,low,,,,,,,,,,,,,FALSE,,,,,,FALSE,FALSE,,,,,,
JRN161,political_science_adjacent,Public Opinion / Political Behavior / Social Research,Public Opinion / Political Behavior / Social Research,high,final manual scope audit (journal scope / source metadata / disciplinary identifiers),,International Journal of Public Opinion Research,international journal of public opinion research,,1471-6909,1,1,1,1,2023,2023,1,exact_issn,high,FALSE,,,,,,,TRUE,19774,International Journal of Public Opinion Research,294,0.726,Q1,73,TRUE,Sociology and Political Science,294,0.726,Q1,TRUE,FALSE,TRUE,19774,International Journal of Public Opinion Research,exact_issn,high,2.1,0.726,0.887,57,457,213,61,587,1530,61.0% 587/1530 Sociology and Political Science,Active,1989-2026,TRUE,INTERNATIONAL JOURNAL OF PUBLIC OPINION RESEARCH,0954-2892,A2,exact_normalized_name,high,FALSE,FALSE,,,,,,
JRN162,outside_political_science,Social Welfare / Social Policy,Social Welfare / Social Policy,high,manual identity/scope review,,International Journal of Social Welfare,international journal of social welfare,1369-6866,1468-2397,2,2,2,2,2024,2025,2,exact_issn,high,FALSE,,,,,,,TRUE,29831,International Journal of Social Welfare,395,0.59,Q2,66,TRUE,Sociology and Political Science,395,0.59,Q2,TRUE,FALSE,TRUE,29831,International Journal of Social Welfare,exact_issn,high,2.8,0.59,1.04,69,707,249,70,448,1530,70.0% 448/1530 Sociology and Political Science,Active,1996-2026,FALSE,,,,,,FALSE,FALSE,,,,,,
JRN163,political_science_core,Political Science / International Relations,Political Science / International Relations,high,SCImago/Scopus disciplinary classification,,International Political Science Review,international political science review,0192-5121,1460-373X,1,1,1,1,2025,2025,1,exact_issn,high,TRUE,25833,International Political Science Review,47,1.344,Q1,76,TRUE,25833,International Political Science Review,108,1.344,Q1,76,TRUE,Political Science and International Relations,47,1.344,Q1,TRUE,TRUE,TRUE,25833,International Political Science Review,exact_issn,high,7,1.344,2.102,79,1182,170,95,37,745,95.0% 37/745 Political Science and International Relations,Active,1980-2026,TRUE,INTERNATIONAL POLITICAL SCIENCE REVIEW,0192-5121,A1,exact_issn,high,FALSE,FALSE,,,,,,
JRN164,political_science_adjacent,Public Administration,Public Administration,high,manual identity/scope review,,International Review of Administrative Sciences,international review of administrative sciences,0020-8523,,1,1,1,0,2020,2020,1,exact_issn,high,FALSE,,,,,,,TRUE,15807,International Review of Administrative Sciences,137,1.163,Q1,80,TRUE,Sociology and Political Science,137,1.163,Q1,TRUE,FALSE,TRUE,15807,International Review of Administrative Sciences,exact_issn,high,7.9,1.163,1.53,82,1726,219,95,72,1530,95.0% 72/1530 Sociology and Political Science,Active,1957-2026,FALSE,,,,,,FALSE,FALSE,,,,,,
JRN165,outside_political_science,General Social Sciences,General Social Sciences,high,Scopus ASJC excludes political science/public administration,,International Social Science Journal,international social science journal,,1468-2451,1,1,1,0,2016,2016,1,,,FALSE,,,,,,,FALSE,,,,,,,FALSE,,,,,FALSE,FALSE,FALSE,,,,,,,,,,,,,,,,,FALSE,,,,,,FALSE,FALSE,,,,,,
JRN166,political_science_adjacent,Social Security / Public Administration / Social Policy,Social Security / Public Administration / Social Policy,high,manual identity/scope review,,International Social Security Review,international social security review,0020-871X,1468-246X,1,1,1,0,2011,2011,1,exact_issn,high,FALSE,,,,,,,TRUE,18165,International Social Security Review,571,0.385,Q2,36,TRUE,Sociology and Political Science,571,0.385,Q2,TRUE,FALSE,TRUE,18165,International Social Security Review,exact_issn,high,2.5,0.385,0.927,65,186,74,66,514,1530,66.0% 514/1530 Sociology and Political Science,Active,1967-2026,FALSE,,,,,,FALSE,FALSE,,,,,,
JRN167,outside_political_science,History / Latin American Left Studies,History / Latin American Left Studies,high,final manual scope audit (journal scope / source metadata / disciplinary identifiers),,Izquierdas,izquierdas,,0718-5049,3,3,3,1,2014,2024,2,exact_issn,high,TRUE,21100258911,Izquierdas,477,0.194,Q3,13,TRUE,21100258911,Izquierdas,967,0.194,Q3,13,TRUE,Political Science and International Relations,477,0.194,Q3,TRUE,TRUE,TRUE,21100258911,Izquierdas,exact_issn,high,0.3,0.194,0.357,20,98,310,44,1075,1936,44.0% 1075/1936 History,Active,2013-2026,TRUE,IZQUIERDAS (SANTIAGO),0718-5049,A1,exact_issn,high,FALSE,FALSE,,,,,,
JRN168,outside_political_science,General Arts and Humanities | General Social Sciences,General Arts and Humanities | General Social Sciences,high,Scopus ASJC excludes political science/public administration,,Journal of American Studies,journal of american studies,0021-8758,1469-5154,1,1,1,0,2015,2015,1,ambiguous,low,FALSE,,,,,,,FALSE,,,,,,,FALSE,,,,,FALSE,FALSE,FALSE,,,ambiguous,low,,,,,,,,,,,,,FALSE,,,,,,FALSE,FALSE,,,,,,
JRN169,political_science_adjacent,Civil Society / Political Sociology,Civil Society / Political Sociology,high,manual identity/scope review,,Journal of Civil Society,journal of civil society,1744-8689,1744-8697,1,1,1,1,2024,2024,1,exact_issn,high,FALSE,,,,,,,TRUE,19700201467,Journal of Civil Society,554,0.398,Q2,30,TRUE,Sociology and Political Science,554,0.398,Q2,TRUE,FALSE,TRUE,19700201467,Journal of Civil Society,exact_issn,high,2.2,0.398,0.955,66,205,93,62,570,1530,62.0% 570/1530 Sociology and Political Science,Active,2010-2026,FALSE,,,,,,FALSE,FALSE,,,,,,
JRN170,political_science_core,Political Science,Political Science,high,journal identity + SocPol classification,,Journal of Democracy,journal of democracy,1045-5736,1086-3214,1,1,1,0,2016,2016,1,exact_issn,high,FALSE,,,,,,,TRUE,19877,Journal of Democracy,23,3.142,Q1,119,TRUE,Sociology and Political Science,23,3.142,Q1,TRUE,FALSE,TRUE,19877,Journal of Democracy,exact_issn,high,7.9,3.142,3.633,76,1454,185,95,74,1530,95.0% 74/1530 Sociology and Political Science,Active,1996-2026,TRUE,JOURNAL OF DEMOCRACY,1045-5736,A1,exact_issn,high,FALSE,FALSE,,,,,,
JRN171,political_science_core,Political Science,Political Science,high,journal identity + SocPol classification,,Journal of Elections Public Opinion and Parties,journal of elections public opinion and parties,1745-7289,1745-7297,2,2,2,1,2020,2024,2,exact_issn,high,FALSE,,,,,,,TRUE,5700165635,"Journal of Elections, Public Opinion and Parties",148,1.135,Q1,42,TRUE,Sociology and Political Science,148,1.135,Q1,TRUE,FALSE,TRUE,5700165635,"Journal of Elections, Public Opinion and Parties",exact_issn,high,3.9,1.135,1.247,82,536,139,79,319,1530,79.0% 319/1530 Sociology and Political Science,Active,2010-2026,FALSE,,,,,,FALSE,FALSE,,,,,,
JRN172,outside_political_science,"Sociology and Political Science | Arts and Humanities (miscellaneous) | Geography, Planning and Development","Sociology and Political Science | Arts and Humanities (miscellaneous) | Geography, Planning and Development",high,Scopus ASJC/journal identity,,Journal of Latin American Studies,journal of latin american studies,0022-216X,1469-767X,4,4,4,3,1999,2025,4,exact_issn,high,FALSE,,,,,,,TRUE,26288,Journal of Latin American Studies,564,0.392,Q2,56,TRUE,Sociology and Political Science,564,0.392,Q2,TRUE,FALSE,TRUE,26288,Journal of Latin American Studies,exact_issn,high,1.7,0.392,1.206,55,144,84,72,191,692,72.0% 191/692 Arts and Humanities (miscellaneous),Active,1969-2026,TRUE,JOURNAL OF LATIN AMERICAN STUDIES (PRINT),0022-216X,A3,exact_issn,high,FALSE,FALSE,,,,,,
JRN173,outside_political_science,Business / Management / Ethics,Business / Management / Ethics,high,journal title,,Journal of Leadership Accountability and Ethics,journal of leadership accountability and ethics,,1913-8059,1,1,1,1,2021,2021,1,,,FALSE,,,,,,,FALSE,,,,,,,FALSE,,,,,FALSE,FALSE,FALSE,,,,,,,,,,,,,,,,,FALSE,,,,,,FALSE,FALSE,,,,,,
JRN174,political_science_core,Political Science / International Relations,Political Science / International Relations,high,SCImago/Scopus disciplinary classification,,Journal of Legislative Studies,journal of legislative studies,1357-2334,1743-9337,3,3,3,1,2005,2021,2,exact_issn,high,TRUE,5600156029,Journal of Legislative Studies,96,0.905,Q1,48,FALSE,,,,,,,TRUE,Political Science and International Relations,96,0.905,Q1,TRUE,TRUE,FALSE,5600156029,Journal of Legislative Studies,exact_issn,high,2.6,0.905,1.137,67,347,133,76,277,1162,76.0% 277/1162 Law,Active,1995-2026,FALSE,,,,,,FALSE,FALSE,,,,,,
JRN175,outside_political_science,Computer Science / Software,Computer Science / Software,high,journal title,,Journal of Open Source Software,journal of open source software,,2475-9066,1,1,1,0,2020,2020,1,,,FALSE,,,,,,,FALSE,,,,,,,FALSE,,,,,FALSE,FALSE,FALSE,,,,,,,,,,,,,,,,,FALSE,,,,,,FALSE,FALSE,,,,,,
JRN176,political_science_adjacent,Public Administration / Public Policy,Public Administration / Public Policy,high,Scopus ASJC,,Journal of Policy History,journal of policy history,0898-0306,1528-4190,2,2,1,2,2021,2026,2,exact_issn,high,FALSE,,,,,,,TRUE,5700152854,Journal of Policy History,926,0.207,Q3,26,TRUE,Sociology and Political Science,926,0.207,Q3,TRUE,FALSE,TRUE,5700152854,Journal of Policy History,exact_issn,high,0.9,0.207,0.605,44,65,75,35,987,1530,35.0% 987/1530 Sociology and Political Science,Active,1989-2026,FALSE,,,,,,FALSE,FALSE,,,,,,
JRN177,political_science_core,Political Science / International Relations,Political Science / International Relations,high,SCImago/Scopus disciplinary classification,,Journal of Politics in Latin America,journal of politics in latin america,1866-802X,1868-4890,3,3,3,2,2013,2024,4,exact_issn,high,TRUE,19900191425,Journal of Politics in Latin America,90,0.927,Q1,21,TRUE,19900191425,Journal of Politics in Latin America,201,0.927,Q1,21,TRUE,Political Science and International Relations,90,0.927,Q1,TRUE,TRUE,TRUE,19900191425,Journal of Politics in Latin America,exact_issn,high,2.8,0.927,1.501,62,187,66,72,203,745,72.0% 203/745 Political Science and International Relations,Active,2015-2026,FALSE,,,,conflict,low,FALSE,FALSE,,,,,,
JRN178,outside_political_science,Economics and Econometrics | Finance,Economics and Econometrics | Finance,high,Scopus ASJC excludes political science/public administration,,Journal of Public Economics,journal of public economics,0047-2727,,1,1,1,1,2024,2024,1,,,FALSE,,,,,,,FALSE,,,,,,,FALSE,,,,,FALSE,FALSE,FALSE,,,,,,,,,,,,,,,,,TRUE,JOURNAL OF PUBLIC ECONOMICS,0047-2727,A1,exact_issn,high,FALSE,FALSE,,,,,,
JRN179,outside_political_science,Education Policy / Comparative Education,Education Policy / Comparative Education,high,final manual scope audit (journal scope / source metadata / disciplinary identifiers),,Journal of Supranational Policies of Education (JOSPOE),journal of supranational policies of education jospoe,,2340-6720,1,1,1,1,2024,2024,1,,,FALSE,,,,,,,FALSE,,,,,,,FALSE,,,,,FALSE,FALSE,FALSE,,,,,,,,,,,,,,,,,FALSE,,,,,,FALSE,FALSE,,,,,,
JRN180,outside_political_science,"Urban Studies | Sociology and Political Science | Geography, Planning and Development","Urban Studies | Sociology and Political Science | Geography, Planning and Development",high,Scopus ASJC/journal identity,,Journal of Urban Affairs,journal of urban affairs,0735-2166,1467-9906,1,1,1,1,2022,2022,1,exact_issn,high,FALSE,,,,,,,TRUE,13936,Journal of Urban Affairs,246,0.826,Q1,78,TRUE,Sociology and Political Science,246,0.826,Q1,TRUE,FALSE,TRUE,13936,Journal of Urban Affairs,exact_issn,high,5.7,0.826,1.63,86,2471,435,88,171,1530,88.0% 171/1530 Sociology and Political Science,Active,1979-2026,TRUE,JOURNAL OF URBAN AFFAIRS,0735-2166,A1,exact_issn,high,FALSE,FALSE,,,,,,
JRN181,political_science_core,Political Science,Political Science,high,journal identity + SocPol classification,,Journal of Women Politics & Policy,journal of women politics and policy,1554-477X,1554-4788,1,1,1,1,2026,2026,1,exact_issn,high,FALSE,,,,,,,TRUE,4400151519,"Journal of Women, Politics and Policy",173,1.026,Q1,43,TRUE,Sociology and Political Science,173,1.026,Q1,TRUE,FALSE,TRUE,4400151519,"Journal of Women, Politics and Policy",exact_issn,high,3.1,1.026,1.004,75,323,104,74,61,233,74.0% 61/233 Gender Studies,Active,2005-2026,FALSE,,,,,,FALSE,FALSE,,,,,,
JRN182,political_science_adjacent,Political Thought / Current Affairs,Political Thought / Current Affairs,medium,final manual scope audit (journal scope / source metadata / disciplinary identifiers),,La Ciudad Futura,la ciudad futura,0328-221X,,1,0,0,0,2004,2004,1,,,FALSE,,,,,,,FALSE,,,,,,,FALSE,,,,,FALSE,FALSE,FALSE,,,,,,,,,,,,,,,,,FALSE,,,,,,FALSE,FALSE,,,,,,
JRN183,outside_political_science,Latin American Studies / Interdisciplinary Social Sciences,Latin American Studies / Interdisciplinary Social Sciences,medium,area-studies journal,,Lateinamerika Analysen,lateinamerika analysen,1619-1684,,1,1,1,0,2002,2002,1,,,FALSE,,,,,,,FALSE,,,,,,,FALSE,,,,,FALSE,FALSE,FALSE,,,,,,,,,,,,,,,,,FALSE,,,,,,FALSE,FALSE,,,,,,
JRN184,outside_political_science,Latin American Studies / Social Sciences,Latin American Studies / Social Sciences,medium,journal title/institution,,Latin America Ronshu (Revista de la Sociedad Japonesa de Ciencias Sociales de América Latina),latin america ronshu revista de la sociedad japonesa de ciencias sociales de america latina,,,1,0,0,0,2016,2016,1,,,FALSE,,,,,,,FALSE,,,,,,,FALSE,,,,,FALSE,FALSE,FALSE,,,,,,,,,,,,,,,,,FALSE,,,,,,FALSE,FALSE,,,,,,
JRN185,outside_political_science,Law / Human Rights Studies,Law / Human Rights Studies,high,journal title,,Latin American Human Rights Studies,latin american human rights studies,,2763-8162,1,1,1,1,2023,2023,1,,,FALSE,,,,,,,FALSE,,,,,,,FALSE,,,,,FALSE,FALSE,FALSE,,,,,,,,,,,,,,,,,TRUE,LATIN AMERICAN HUMAN RIGHTS STUDIES,2763-8162,A4,exact_issn,high,FALSE,FALSE,,,,,,
JRN186,outside_political_science,Latin American Studies / Critical Social Sciences,Latin American Studies / Critical Social Sciences,high,manual identity/scope review,,Latin American Perspectives,latin american perspectives,0094-582X,,5,5,4,1,2018,2023,8,exact_issn,high,FALSE,,,,,,,TRUE,27731,Latin American Perspectives,763,0.277,Q3,55,TRUE,Sociology and Political Science,763,0.277,Q3,TRUE,FALSE,TRUE,27731,Latin American Perspectives,exact_issn,high,1.2,0.277,0.618,44,424,346,45,840,1530,45.0% 840/1530 Sociology and Political Science,Active,1986-2026; 1984; 1977,TRUE,LATIN AMERICAN PERSPECTIVES,0094-582X,A1,exact_issn,high,TRUE,TRUE,TRUE,TRUE,Latin American Perspectives,https://www.latindex.org/latindex/ficha/21560,exact_normalized_name,high
JRN187,political_science_adjacent,Public Policy / Latin American Studies,Public Policy / Latin American Studies,high,manual identity/scope review,,Latin American Policy,latin american policy,2041-7365,2041-7373,2,2,2,1,2020,2025,2,exact_issn,high,TRUE,21100814520,Latin American Policy,308,0.335,Q2,14,TRUE,21100814520,Latin American Policy,648,0.335,Q2,14,TRUE,Political Science and International Relations,308,0.335,Q2,TRUE,TRUE,TRUE,21100814520,Latin American Policy,exact_issn,high,1.9,0.335,0.48,46,232,123,59,303,745,59.0% 303/745 Political Science and International Relations,Active,2010-2026,TRUE,LATIN AMERICAN POLICY,2041-7365,A4,exact_issn,high,FALSE,FALSE,,,,,,
JRN188,political_science_core,Political Science / International Relations,Political Science / International Relations,high,SCImago/Scopus disciplinary classification,,Latin American Politics and Society,latin american politics and society,1531-426X,1548-2456,7,7,7,3,2015,2023,8,exact_issn,high,TRUE,26459,Latin American Politics and Society,63,1.107,Q1,58,TRUE,26459,Latin American Politics and Society,153,1.107,Q1,58,TRUE,Political Science and International Relations,63,1.107,Q1,TRUE,TRUE,TRUE,26459,Latin American Politics and Society,exact_issn,high,3,1.107,1.384,69,341,113,75,186,745,75.0% 186/745 Political Science and International Relations,Active,2001-2026,FALSE,,,,conflict,low,FALSE,FALSE,,,,,,
JRN189,outside_political_science,Latin American Studies / Multidisciplinary Social Sciences and Humanities,Latin American Studies / Multidisciplinary Social Sciences and Humanities,high,final manual scope audit (journal scope / source metadata / disciplinary identifiers),,Latin American Research Review,latin american research review,0023-8791,1542-4278,2,2,2,1,2020,2021,3,exact_issn,high,TRUE,27733,Latin American Research Review,275,0.387,Q2,62,TRUE,27733,Latin American Research Review,569,0.387,Q2,62,TRUE,Political Science and International Relations,275,0.387,Q2,TRUE,TRUE,TRUE,27733,Latin American Research Review,exact_issn,high,1.7,0.387,1.24,55,293,175,97,32,1186,97.0% 32/1186 Literature and Literary Theory,Active,1965-2026,FALSE,,,,conflict,low,FALSE,FALSE,,,,,,
JRN190,outside_political_science,Sociology and Political Science | History,Sociology and Political Science | History,high,Scopus ASJC/journal identity,,Latinoamericanos y del Caribe,latinoamericanos y del caribe,0924-0608,1879-4750,1,1,1,0,2019,2019,1,exact_issn,high,FALSE,,,,,,,TRUE,26579,European Review of Latin American and Caribbean Studies,463,0.501,Q2,23,TRUE,Sociology and Political Science,463,0.501,Q2,TRUE,FALSE,TRUE,26579,European Review of Latin American and Caribbean Studies,exact_issn,high,2,0.501,1.193,68,111,56,94,110,1936,94.0% 110/1936 History,Active,2012-2026; 2001; 1996,TRUE,EUROPEAN REVIEW OF LATIN AMERICAN AND CARIBBEAN STUDIES/REVISTA EUROPEA DE ESTUDIOS LATINOAMERICANOS Y DEL CARIBE,0924-0608,A4,exact_issn,high,FALSE,FALSE,,,,,,
JRN191,political_science_core,Political Science,Political Science,high,journal identity + SocPol classification,,Legislative Studies Quarterly,legislative studies quarterly,0362-9805,1939-9162,1,1,1,0,2014,2014,1,exact_issn,high,FALSE,,,,,,,TRUE,20444,Legislative Studies Quarterly,36,2.314,Q1,68,TRUE,Sociology and Political Science,36,2.314,Q1,TRUE,FALSE,TRUE,20444,Legislative Studies Quarterly,exact_issn,high,3.2,2.314,1.792,59,558,175,73,403,1530,73.0% 403/1530 Sociology and Political Science,Active,1996-2026,FALSE,,,,,,FALSE,FALSE,,,,,,
JRN192,outside_political_science,Latin American Studies / Humanities,Latin American Studies / Humanities,high,journal title,,L'Ordinaire des Amériques,lordinaire des ameriques,,0997-0584 | 2273-0095,2,2,2,1,2007,2024,2,,,FALSE,,,,,,,FALSE,,,,,,,FALSE,,,,,FALSE,FALSE,FALSE,,,,,,,,,,,,,,,,,FALSE,,,,,,FALSE,FALSE,,,,,,
JRN193,political_science_adjacent,Political Sociology / Politics and Culture,Political Sociology / Politics and Culture,high,final manual scope audit (journal scope / source metadata / disciplinary identifiers),,Lua Nova Revista de Cultura e Política,lua nova revista de cultura e politica,,0102-6445,1,1,1,1,2021,2021,1,exact_issn,high,FALSE,,,,,,,TRUE,5700164339,Lua Nova,1034,0.178,Q3,19,TRUE,Sociology and Political Science,1034,0.178,Q3,TRUE,FALSE,TRUE,5700164339,Lua Nova,exact_issn,high,0.5,0.178,0.516,31,51,101,21,1209,1530,21.0% 1209/1530 Sociology and Political Science,Active,2006-2026,TRUE,LUA NOVA (IMPRESSO),0102-6445,A2,exact_issn,high,FALSE,FALSE,,,,,,
JRN194,outside_political_science,Critical Theory / Social Sciences,Critical Theory / Social Sciences,medium,journal title/editorial context,,Margem esquerda,margem esquerda,1678-7684,,1,0,0,0,2005,2005,1,,,FALSE,,,,,,,FALSE,,,,,,,FALSE,,,,,FALSE,FALSE,FALSE,,,,,,,,,,,,,,,,,TRUE,MARGEM ESQUERDA,1678-7684,B2,exact_issn,high,FALSE,FALSE,,,,,,
JRN195,political_science_core,Political Science / Political Theory,Political Science / Political Theory,high,ISSN/Latindex verified,https://www.latindex.org/latindex/ficha/10474,Metapolítica,metapolitica,1405-4558,1605-0576,1,1,1,0,2009,2009,1,,,FALSE,,,,,,,FALSE,,,,,,,FALSE,,,,,FALSE,FALSE,FALSE,,,,,,,,,,,,,,,,,FALSE,,,,,,FALSE,FALSE,,,,,,
JRN196,outside_political_science,Social Sciences (miscellaneous) | Sociology and Political Science,Social Sciences (miscellaneous) | Sociology and Political Science,high,Scopus ASJC/journal identity,,Methodological Innovations,methodological innovations,,2059-7991,1,1,1,0,2020,2020,1,exact_issn,high,FALSE,,,,,,,TRUE,21101058963,Methodological Innovations,303,0.712,Q1,31,TRUE,Sociology and Political Science,303,0.712,Q1,TRUE,FALSE,TRUE,21101058963,Methodological Innovations,exact_issn,high,4,0.712,1.45,75,395,99,81,138,744,81.0% 138/744 Social Sciences (miscellaneous),Active,2016-2026,FALSE,,,,,,FALSE,FALSE,,,,,,
JRN197,outside_political_science,Multidisciplinary Social Sciences,Multidisciplinary Social Sciences,high,final manual scope audit (journal scope / source metadata / disciplinary identifiers),,Millcayac - Revista Digital de Ciencias Sociales,millcayac revista digital de ciencias sociales,2362-616X,2362-616X,1,1,1,0,2017,2017,1,,,FALSE,,,,,,,FALSE,,,,,,,FALSE,,,,,FALSE,FALSE,FALSE,,,,,,,,,,,,,,,,,TRUE,MILLCAYAC - REVISTA DIGITAL DE CIENCIAS SOCIALES,2362-616X,A2,exact_issn,high,TRUE,TRUE,TRUE,FALSE,Millcayac,https://www.latindex.org/latindex/ficha/20826,exact_normalized_name,high
JRN198,political_science_core,International Relations,International Relations,high,final manual scope audit (journal scope / source metadata / disciplinary identifiers),,Monções Revista de Relações Internacionais da UFGD,moncoes revista de relacoes internacionais da ufgd,,2316-8323,1,1,1,0,2018,2018,1,,,FALSE,,,,,,,FALSE,,,,,,,FALSE,,,,,FALSE,FALSE,FALSE,,,,,,,,,,,,,,,,,TRUE,MONÇÕES: REVISTA DE RELAÇÕES INTERNACIONAIS DA UFGD,2316-8323,A2,exact_issn,high,FALSE,FALSE,,,,,,
JRN199,political_science_adjacent,Latin American Politics / Area Studies / Current Affairs,Latin American Politics / Area Studies / Current Affairs,high,journal identity,,NACLA Report on the Americas,nacla report on the americas,1071-4839,2471-2620,2,0,0,2,2024,2024,2,,,FALSE,,,,,,,FALSE,,,,,,,FALSE,,,,,FALSE,FALSE,FALSE,,,,,,,,,,,,,,,,,FALSE,,,,,,FALSE,FALSE,,,,,,
JRN200,outside_political_science,Latin American Studies / History,Latin American Studies / History,medium,journal title/editorial context,,Naveg mérica Revista electrónica editada por la Asociación Española de Americanistas,naveg merica revista electronica editada por la asociacion espanola de americanistas,,1989-211X,1,1,1,0,2012,2012,2,,,FALSE,,,,,,,FALSE,,,,,,,FALSE,,,,,FALSE,FALSE,FALSE,,,,,,,,,,,,,,,,,FALSE,,,,,,FALSE,FALSE,,,,,,
JRN201,outside_political_science,General Arts and Humanities | General Social Sciences,General Arts and Humanities | General Social Sciences,high,Scopus ASJC excludes political science/public administration,,New Global Studies,new global studies,,1940-0004,1,1,1,0,2016,2016,1,,,FALSE,,,,,,,FALSE,,,,,,,FALSE,,,,,FALSE,FALSE,FALSE,,,,,,,,,,,,,,,,,FALSE,,,,,,FALSE,FALSE,,,,,,
JRN202,outside_political_science,Social Sciences / Humanities,Social Sciences / Humanities,high,journal title,,Nóesis. Revista de Ciencias Sociales y Humanidades,noesis revista de ciencias sociales y humanidades,0188-9834,2395-8669,1,1,1,0,1994,1994,1,,,FALSE,,,,,,,FALSE,,,,,,,FALSE,,,,,FALSE,FALSE,FALSE,,,,,,,,,,,,,,,,,FALSE,,,,,,FALSE,FALSE,,,,,,
JRN203,outside_political_science,Sociology,Sociology,high,journal title,,Novos Rumos Sociológicos,novos rumos sociologicos,,2318-1966,1,1,1,0,2019,2019,1,,,FALSE,,,,,,,FALSE,,,,,,,FALSE,,,,,FALSE,FALSE,FALSE,,,,,,,,,,,,,,,,,TRUE,NORUS - NOVOS RUMOS SOCIOLÓGICOS,2318-1966,A3,exact_issn,high,FALSE,FALSE,,,,,,
JRN204,outside_political_science,Latin American Studies,Latin American Studies,medium,journal title,,Nuestra América,nuestra america,1646-5024,,1,1,1,0,2008,2008,1,,,FALSE,,,,,,,FALSE,,,,,,,FALSE,,,,,FALSE,FALSE,FALSE,,,,,,,,,,,,,,,,,FALSE,,,,,,FALSE,FALSE,,,,,,
JRN205,outside_political_science,Latin American Current Affairs / General Social Sciences,Latin American Current Affairs / General Social Sciences,high,final manual scope audit (journal scope / source metadata / disciplinary identifiers),,Nueva Sociedad,nueva sociedad,0251-3552,,22,5,5,4,1995,2025,9,,,FALSE,,,,,,,FALSE,,,,,,,FALSE,,,,,FALSE,FALSE,FALSE,,,,,,,,,,,,,,,,,TRUE,NUEVA SOCIEDAD,0251-3552,A1,exact_issn,high,FALSE,FALSE,,,,,,
JRN206,outside_political_science,History / Latin American Studies / Social Sciences,History / Latin American Studies / Social Sciences,high,final manual scope audit (journal scope / source metadata / disciplinary identifiers),,Nuevo Mundo - Mundos Nuevos,nuevo mundo mundos nuevos,,1626-0252,1,1,1,1,2024,2024,1,,,FALSE,,,,,,,FALSE,,,,,,,FALSE,,,,,TRUE,TRUE,FALSE,21101439229,Nuevo Mundo Mundos Nuevos,exact_issn,high,0.2,,,17,7,29,14,457,536,14.0% 457/536 Anthropology,Active,2021-2026,TRUE,NUEVO MUNDO MUNDOS NUEVOS,1626-0252,A1,exact_issn,high,FALSE,FALSE,,,,,,
JRN207,political_science_core,South American Politics / International Relations,South American Politics / International Relations,high,OPSA institutional context,,Observador On-line,observador on line,,1809-7588,1,0,0,0,2010,2010,1,,,FALSE,,,,,,,FALSE,,,,,,,FALSE,,,,,FALSE,FALSE,FALSE,,,,,,,,,,,,,,,,,FALSE,,,,,,FALSE,FALSE,,,,,,
JRN208,political_science_core,Foreign Policy / International Relations,Foreign Policy / International Relations,high,journal title,,Observatorio de Política Exterior Uruguaya Boletín Trimestral,observatorio de politica exterior uruguaya boletin trimestral,1688-7778,,1,0,0,0,2016,2016,1,,,FALSE,,,,,,,FALSE,,,,,,,FALSE,,,,,FALSE,FALSE,FALSE,,,,,,,,,,,,,,,,,FALSE,,,,,,FALSE,FALSE,,,,,,
JRN209,outside_political_science,Sociology / Social Sciences,Sociology / Social Sciences,high,manual identity/scope review,,Observatorio Latinoamericano,observatorio latinoamericano,,1853-2713,2,1,1,0,2013,2013,2,,,FALSE,,,,,,,FALSE,,,,,,,FALSE,,,,,FALSE,FALSE,FALSE,,,,,,,,,,,,,,,,,TRUE,OLAC: OBSERVATORIO LATINOAMERICANO Y CARIBEÑO (ONLINE),1853-2713,A3,exact_issn,high,FALSE,FALSE,,,,,,
JRN210,outside_political_science,Latin American Studies / Social Movements / Critical Social Sciences,Latin American Studies / Social Movements / Critical Social Sciences,high,journal identity,,Observatorio Social de América Latina,observatorio social de america latina,1515-3282,,1,0,0,0,2005,2005,1,,,FALSE,,,,,,,FALSE,,,,,,,FALSE,,,,,FALSE,FALSE,FALSE,,,,,,,,,,,,,,,,,FALSE,,,,,,FALSE,FALSE,,,,,,
JRN211,outside_political_science,"Management, Monitoring, Policy and Law | Oceanography | Aquatic Science","Management, Monitoring, Policy and Law | Oceanography | Aquatic Science",high,Scopus ASJC excludes political science/public administration,,Ocean & Coastal Management,ocean and coastal management,0964-5691,,1,1,1,1,2024,2024,1,,,FALSE,,,,,,,FALSE,,,,,,,FALSE,,,,,FALSE,FALSE,FALSE,,,,,,,,,,,,,,,,,FALSE,,,,,,FALSE,FALSE,,,,,,
JRN212,political_science_adjacent,Public Policy / Public Administration / Political Science,Public Policy / Public Administration / Political Science,high,manual identity/scope review,,OPERA,opera,1657-8651,2346-2159,1,1,1,0,2019,2019,2,,,FALSE,,,,,,,FALSE,,,,,,,FALSE,,,,,FALSE,FALSE,FALSE,,,,,,,,,,,,,,,,,FALSE,,,,,,TRUE,TRUE,TRUE,FALSE,Opera,https://www.latindex.org/latindex/ficha/11251,exact_normalized_name,high
JRN213,political_science_core,Political Science / Public Opinion / Political Behavior,Political Science / Public Opinion / Political Behavior,high,final manual scope audit (journal scope / source metadata / disciplinary identifiers),,Opinião Pública,opiniao publica,,1807-0191,3,3,3,1,2000,2022,3,exact_issn,high,FALSE,,,,,,,TRUE,5100154603,Opiniao Publica,445,0.52,Q2,25,TRUE,Sociology and Political Science,445,0.52,Q2,TRUE,FALSE,TRUE,5100154603,Opiniao Publica,exact_issn,high,1.5,0.52,1.294,44,148,97,51,736,1530,51.0% 736/1530 Sociology and Political Science,Active,2006-2026,TRUE,OPINIÃO PÚBLICA,1807-0191,A1,exact_issn,high,FALSE,FALSE,,,,,,
JRN214,outside_political_science,Education,Education,high,journal title,,Páginas del Area Edcuación,paginas del area edcuacion,,,1,0,0,0,2002,2002,1,,,FALSE,,,,,,,FALSE,,,,,,,FALSE,,,,,FALSE,FALSE,FALSE,,,,,,,,,,,,,,,,,FALSE,,,,,,FALSE,FALSE,,,,,,
JRN215,political_science_core,Political Science / International Relations,Political Science / International Relations,high,official/Latindex scope,https://www.latindex.org/latindex/ficha/11428,Papel Político,papel politico,0122-4409,2145-0617,1,1,1,0,2013,2013,1,,,FALSE,,,,,,,FALSE,,,,,,,FALSE,,,,,FALSE,FALSE,FALSE,,,,,,,,,,,,,,,,,FALSE,,,,,,FALSE,FALSE,,,,,,
JRN216,outside_political_science,Interdisciplinary Social Sciences,Interdisciplinary Social Sciences,medium,journal title/editorial context,,Papeles de Identidad Contar la investigación de frontera,papeles de identidad contar la investigacion de frontera,,3045-5650,1,1,1,1,2025,2025,2,,,FALSE,,,,,,,FALSE,,,,,,,FALSE,,,,,FALSE,FALSE,FALSE,,,,,,,,,,,,,,,,,FALSE,,,,,,FALSE,FALSE,,,,,,
JRN217,political_science_core,Political Science,Political Science,high,journal identity + SocPol classification,,Parliamentary Affairs,parliamentary affairs,,0031-2290,1,1,1,0,2016,2016,1,exact_issn,high,FALSE,,,,,,,TRUE,22222,Parliamentary Affairs,265,0.787,Q1,57,TRUE,Sociology and Political Science,265,0.787,Q1,TRUE,FALSE,TRUE,22222,Parliamentary Affairs,exact_issn,high,3.9,0.787,1.406,68,715,182,87,146,1162,87.0% 146/1162 Law,Active,1947-2026,TRUE,PARLIAMENTARY AFFAIRS (PRINT),0031-2290,A3,exact_issn,high,FALSE,FALSE,,,,,,
JRN218,political_science_adjacent,Parliamentary Studies / Political History,Parliamentary Studies / Political History,high,final manual scope audit (journal scope / source metadata / disciplinary identifiers),,Parliaments Estates and Representation,parliaments estates and representation,0260-6755,1947-248X,1,1,1,1,2023,2023,1,exact_issn,high,FALSE,,,,,,,TRUE,19900191837,"Parliaments, Estates and Representation",1106,0.158,Q3,11,TRUE,Sociology and Political Science,1106,0.158,Q3,TRUE,FALSE,TRUE,19900191837,"Parliaments, Estates and Representation",exact_issn,high,0.4,0.158,0,24,35,86,53,906,1936,53.0% 906/1936 History,Active,1981-2026,FALSE,,,,,,FALSE,FALSE,,,,,,
JRN219,political_science_adjacent,Political Sociology / Participation / Social Movements,Political Sociology / Participation / Social Movements,high,final manual scope audit (journal scope / source metadata / disciplinary identifiers),,PARTECIPAZIONE E CONFLITTO,partecipazione e conflitto,,2035-6609,1,1,1,1,2021,2021,1,exact_issn,high,FALSE,,,,,,,TRUE,21100448012,Partecipazione e Conflitto,696,0.313,Q2,24,TRUE,Sociology and Political Science,696,0.313,Q2,TRUE,FALSE,TRUE,21100448012,Partecipazione e Conflitto,exact_issn,high,1.9,0.313,0.704,59,311,164,57,653,1530,57.0% 653/1530 Sociology and Political Science,Active,2015-2026,TRUE,PARTECIPAZIONE E CONFLITTO (ONLINE),2035-6609,A3,exact_issn,high,FALSE,FALSE,,,,,,
JRN220,political_science_core,Political Science,Political Science,high,journal identity + SocPol classification,,Party Politics,party politics,1354-0688,1460-3683,2,2,2,1,2012,2023,1,exact_issn,high,FALSE,,,,,,,TRUE,67863,Party Politics,55,1.93,Q1,98,TRUE,Sociology and Political Science,55,1.93,Q1,TRUE,FALSE,TRUE,67863,Party Politics,exact_issn,high,6.2,1.93,1.968,86,2149,348,90,140,1530,90.0% 140/1530 Sociology and Political Science,Active,1995-2026,TRUE,PARTY POLITICS,1354-0688,A1,exact_issn,high,FALSE,FALSE,,,,,,
JRN221,outside_political_science,History,History,high,journal title,,Pasado Abierto,pasado abierto,,2451-6961,2,2,2,1,2015,2023,2,,,FALSE,,,,,,,FALSE,,,,,,,FALSE,,,,,FALSE,FALSE,FALSE,,,,,,,,,,,,,,,,,TRUE,PASADO ABIERTO,2451-6961,A4,exact_issn,high,FALSE,FALSE,,,,,,
JRN222,outside_political_science,History,History,high,Scopus ASJC excludes political science/public administration,,Pasado y Memoria Revista de Historia Contemporánea,pasado y memoria revista de historia contemporanea,,2386-4745,1,1,1,0,2019,2019,1,,,FALSE,,,,,,,FALSE,,,,,,,FALSE,,,,,FALSE,FALSE,FALSE,,,,,,,,,,,,,,,,,FALSE,,,,,,FALSE,FALSE,,,,,,
JRN223,outside_political_science,History / Humanities,History / Humanities,high,journal title,,Passés Futurs,passes futurs,,2558-7935,2,2,2,1,2018,2021,1,,,FALSE,,,,,,,FALSE,,,,,,,FALSE,,,,,FALSE,FALSE,FALSE,,,,,,,,,,,,,,,,,FALSE,,,,,,FALSE,FALSE,,,,,,
JRN224,outside_political_science,Development | Education,Development | Education,high,Scopus ASJC excludes political science/public administration,,Pensamiento Educativo Revista de Investigación Educacional Latinoamericana,pensamiento educativo revista de investigacion educacional latinoamericana,0717-1013,0719-0409,2,2,2,0,2001,2004,1,,,FALSE,,,,,,,FALSE,,,,,,,FALSE,,,,,FALSE,FALSE,FALSE,,,,,,,,,,,,,,,,,FALSE,,,,,,FALSE,FALSE,,,,,,
JRN225,outside_political_science,Economics / Development / Ibero-American Studies,Economics / Development / Ibero-American Studies,medium,journal identity,,Pensamiento Iberoamericano,pensamiento iberoamericano,0212-0208,,2,0,0,0,2016,2018,2,,,FALSE,,,,,,,FALSE,,,,,,,FALSE,,,,,FALSE,FALSE,FALSE,,,,,,,,,,,,,,,,,FALSE,,,,,,FALSE,FALSE,,,,,,
JRN226,political_science_adjacent,Latin American Social Sciences / Political Science / Public Policy,Latin American Social Sciences / Political Science / Public Policy,high,final manual scope audit (journal scope / source metadata / disciplinary identifiers),,Perfiles Latinoamericanos,perfiles latinoamericanos,0188-7653,2309-4982,6,6,6,1,2000,2021,4,exact_issn,high,FALSE,,,,,,,TRUE,5600153356,Perfiles Latinoamericanos,941,0.203,Q3,16,TRUE,Sociology and Political Science,941,0.203,Q3,TRUE,FALSE,TRUE,5600153356,Perfiles Latinoamericanos,exact_issn,high,0.9,0.203,0.769,39,100,112,36,977,1530,36.0% 977/1530 Sociology and Political Science,Active,2008-2026,FALSE,,,,,,FALSE,FALSE,,,,,,
JRN227,political_science_core,International Relations,International Relations,high,journal title,,Perspectivas Internacionales,perspectivas internacionales,1900-4257,,1,1,1,0,2013,2013,2,,,FALSE,,,,,,,FALSE,,,,,,,FALSE,,,,,FALSE,FALSE,FALSE,,,,,,,,,,,,,,,,,FALSE,,,,,,FALSE,FALSE,,,,,,
JRN228,political_science_core,Political Science / International Relations,Political Science / International Relations,high,SCImago/Scopus disciplinary classification,,Perspectives on Politics,perspectives on politics,1537-5927,1541-0986,2,2,2,2,2025,2026,2,exact_issn,high,TRUE,4000148701,Perspectives on Politics,8,2.923,Q1,112,FALSE,,,,,,,TRUE,Political Science and International Relations,8,2.923,Q1,TRUE,TRUE,FALSE,4000148701,Perspectives on Politics,exact_issn,high,9.4,2.923,3.472,76,2476,264,98,13,745,98.0% 13/745 Political Science and International Relations,Active,2003-2026,TRUE,PERSPECTIVES ON POLITICS (PRINT),1537-5927,A1,exact_issn,high,FALSE,FALSE,,,,,,
JRN229,political_science_core,Political Science / Political Theory / Social Sciences,Political Science / Political Theory / Social Sciences,high,journal scope,https://revistapleyade.cl/,Pléyade,pleyade,0718-655X,0719-3696,1,1,1,0,2010,2010,1,,,FALSE,,,,,,,FALSE,,,,,,,FALSE,,,,,FALSE,FALSE,FALSE,,,,,,,,,,,,,,,,,FALSE,,,,,,FALSE,FALSE,,,,,,
JRN230,outside_political_science,Sociology,Sociology,high,manual identity/scope review,,Polhis,polhis,,1853-7723,2,1,1,1,2013,2025,2,,,FALSE,,,,,,,FALSE,,,,,,,FALSE,,,,,FALSE,FALSE,FALSE,,,,,,,,,,,,,,,,,FALSE,,,,,,FALSE,FALSE,,,,,,
JRN231,political_science_adjacent,Public Administration / Public Policy,Public Administration / Public Policy,high,Scopus ASJC,,"Policy & Politics, XX",policy and politics xx,,1470-8442,1,1,1,1,2024,2024,1,exact_issn,high,FALSE,,,,,,,TRUE,22762,Policy and Politics,248,0.823,Q1,75,TRUE,Sociology and Political Science,248,0.823,Q1,TRUE,FALSE,TRUE,22762,Policy and Politics,exact_issn,high,5.8,0.823,1.457,81,756,131,89,165,1530,89.0% 165/1530 Sociology and Political Science,Active,1979-2026,FALSE,,,,,,FALSE,FALSE,,,,,,
JRN232,political_science_adjacent,Public Policy / Governance,Public Policy / Governance,high,manual identity/scope review,,Policy and Society,policy and society,1449-4035,1839-3373,2,2,2,0,2011,2014,1,exact_issn,high,TRUE,5700168564,Policy and Society,40,1.442,Q1,70,TRUE,5700168564,Policy and Society,95,1.442,Q1,70,TRUE,Political Science and International Relations,40,1.442,Q1,TRUE,TRUE,TRUE,5700168564,Policy and Society,exact_issn,high,13.6,1.442,2.446,87,1922,141,99,2,745,99.0% 2/745 Political Science and International Relations,Active,2008-2026; 2002-2003,TRUE,POLICY AND SOCIETY,1449-4035,A1,exact_issn,high,FALSE,FALSE,,,,,,
JRN233,political_science_adjacent,Political Science / International Relations / Multidisciplinary,Political Science / International Relations / Multidisciplinary,high,Latindex subtheme,https://www.latindex.org/latindex/ficha/11906,Polis (México),polis mexico,1870-2333,2594-0686,1,1,1,0,2016,2016,1,ambiguous,low,FALSE,,,,,,,FALSE,,,,,,,FALSE,,,,,FALSE,FALSE,FALSE,,,ambiguous,low,,,,,,,,,,,,,TRUE,POLIS (SANTIAGO. EN LÍNEA),0718-6568,A3,exact_normalized_name,high,TRUE,TRUE,TRUE,FALSE,Polis,https://www.latindex.org/latindex/ficha/11906,exact_normalized_name,high
JRN234,outside_political_science,Philosophy / Interdisciplinary Social Sciences,Philosophy / Interdisciplinary Social Sciences,medium,journal title/editorial context,,Polisemia,polisemia,1900-4648,2590-8189,1,1,1,1,2022,2022,1,,,FALSE,,,,,,,FALSE,,,,,,,FALSE,,,,,FALSE,FALSE,FALSE,,,,,,,,,,,,,,,,,FALSE,,,,,,FALSE,FALSE,,,,,,
JRN235,political_science_core,Political Science,Political Science,high,final manual scope audit (journal scope / source metadata / disciplinary identifiers),,Politai Revista de Ciencia Política,politai revista de ciencia politica,2219-4142,2415-2498,1,1,1,1,2025,2025,1,ambiguous,low,FALSE,,,,,,,FALSE,,,,,,,FALSE,,,,,FALSE,FALSE,FALSE,,,ambiguous,low,,,,,,,,,,,,,FALSE,,,,ambiguous,low,FALSE,FALSE,,,,,ambiguous,low
JRN236,political_science_core,International Relations / International Politics,International Relations / International Politics,high,final manual scope audit (journal scope / source metadata / disciplinary identifiers),,Política Internacional,politica internacional,0873-6650,,1,0,0,0,2013,2013,2,,,FALSE,,,,,,,FALSE,,,,,,,FALSE,,,,,FALSE,FALSE,FALSE,,,,,,,,,,,,,,,,,TRUE,POLÍTICA INTERNACIONAL (LA HABANA. EN LÍNEA),2707-7330,C,exact_normalized_name,high,FALSE,FALSE,,,,,ambiguous,low
JRN237,political_science_adjacent,Political Sociology / Politics and Culture,Political Sociology / Politics and Culture,high,final manual scope audit (journal scope / source metadata / disciplinary identifiers),,Política y Cultura,politica y cultura,0188-7742,2954-4130,1,1,1,0,2017,2017,2,,,FALSE,,,,,,,FALSE,,,,,,,FALSE,,,,,FALSE,FALSE,FALSE,,,,,,,,,,,,,,,,,FALSE,,,,,,FALSE,FALSE,,,,,,
JRN238,political_science_adjacent,Public Administration / Political Science,Public Administration / Political Science,medium,journal title,,Política y Gestión,politica y gestion,1669-5100,,2,2,2,0,2002,2003,3,,,FALSE,,,,,,,FALSE,,,,,,,FALSE,,,,,FALSE,FALSE,FALSE,,,,,,,,,,,,,,,,,FALSE,,,,,,FALSE,FALSE,,,,,,
JRN239,political_science_core,Political Science / International Relations,Political Science / International Relations,high,SCImago/Scopus disciplinary classification,,Política y Gobierno,politica y gobierno,1405-1060,1665-2037,5,5,5,2,2012,2023,4,exact_issn,high,TRUE,19600165500,Politica y Gobierno,579,0.136,Q4,17,FALSE,,,,,,,TRUE,Political Science and International Relations,579,0.136,Q4,TRUE,TRUE,FALSE,19600165500,Politica y Gobierno,exact_issn,high,1.3,0.136,0.306,43,59,46,47,393,745,47.0% 393/745 Political Science and International Relations,Active,2005-2026; 2000-2003,TRUE,POLITICA Y GOBIERNO,1665-2037,A1,exact_issn,high,FALSE,FALSE,,,,,,
JRN240,outside_political_science,History and Philosophy of Science | Cultural Studies | History,History and Philosophy of Science | Cultural Studies | History,high,Scopus ASJC excludes political science/public administration,,Políticas de la Memoria,politicas de la memoria,1668-4885,2683-7234,1,1,1,0,2018,2018,1,,,FALSE,,,,,,,FALSE,,,,,,,FALSE,,,,,FALSE,FALSE,FALSE,,,,,,,,,,,,,,,,,FALSE,,,,,,FALSE,FALSE,,,,,,
JRN241,outside_political_science,Education / Education Policy,Education / Education Policy,high,journal title,,Políticas Educativas,politicas educativas,,1982-3207,2,2,2,0,2011,2017,1,,,FALSE,,,,,,,FALSE,,,,,,,FALSE,,,,,FALSE,FALSE,FALSE,,,,,,,,,,,,,,,,,TRUE,POLÍTICAS EDUCATIVAS,1982-3207,A4,exact_issn,high,FALSE,FALSE,,,,,,
JRN242,political_science_core,Political Science,Political Science,high,journal identity + SocPol classification,,Politics & Gender,politics and gender,1743-923X,1743-9248,1,1,1,0,2020,2020,2,exact_issn,high,FALSE,,,,,,,TRUE,5700166179,Politics and Gender,59,1.847,Q1,65,TRUE,Sociology and Political Science,59,1.847,Q1,TRUE,FALSE,TRUE,5700166179,Politics and Gender,exact_issn,high,6.1,1.847,1.943,87,1174,191,96,9,233,96.0% 9/233 Gender Studies,Active,2005-2026,TRUE,POLITICS & GENDER (PRINT),1743-923X,A1,exact_issn,high,FALSE,FALSE,,,,,,
JRN243,political_science_core,Political Science / International Relations,Political Science / International Relations,high,SCImago/Scopus disciplinary classification,,Politics & Society,politics and society,0032-3292,1552-7514,1,1,1,1,2022,2022,1,exact_issn,high,TRUE,23439,Politics and Society,38,1.482,Q1,89,TRUE,23439,Politics and Society,89,1.482,Q1,89,TRUE,Political Science and International Relations,38,1.482,Q1,TRUE,TRUE,TRUE,23439,Politics and Society,exact_issn,high,7.6,1.482,3.187,82,598,79,96,26,745,96.0% 26/745 Political Science and International Relations,Active,1992-2026; 1970-1990,FALSE,,,,,,FALSE,FALSE,,,,,,
JRN244,political_science_adjacent,Development / Public Policy,Development / Public Policy,medium,final manual scope audit (journal scope / source metadata / disciplinary identifiers),,Ponto de Vista,ponto de vista,,1983-733X,1,0,0,0,2009,2009,1,,,FALSE,,,,,,,FALSE,,,,,,,FALSE,,,,,FALSE,FALSE,FALSE,,,,,,,,,,,,,,,,,FALSE,,,,,,FALSE,FALSE,,,,,,
JRN245,political_science_core,Political Science,Political Science,high,journal title/scope,,POSTData. Revista de Reflexión y Análisis Político,postdata revista de reflexion y analisis politico,1515-209X,1851-9601,4,4,4,0,2006,2017,4,,,FALSE,,,,,,,FALSE,,,,,,,FALSE,,,,,FALSE,FALSE,FALSE,,,,,,,,,,,,,,,,,FALSE,,,,,,FALSE,FALSE,,,,,,
JRN246,outside_political_science,Interdisciplinary Social Sciences,Interdisciplinary Social Sciences,medium,journal title/editorial context,,Prácticas de Oficio,practicas de oficio,,1851-6076,1,1,1,0,2013,2013,1,,,FALSE,,,,,,,FALSE,,,,,,,FALSE,,,,,FALSE,FALSE,FALSE,,,,,,,,,,,,,,,,,FALSE,,,,,,FALSE,FALSE,,,,,,
JRN247,outside_political_science,Multidisciplinary Human Sciences,Multidisciplinary Human Sciences,high,journal scope,https://revistas.ucu.edu.uy/index.php/prisma/,Prisma,prisma,0797-8057,,6,3,3,0,1994,2004,4,,,FALSE,,,,,,,FALSE,,,,,,,FALSE,,,,,FALSE,FALSE,FALSE,,,,,,,,,,,,,,,,,FALSE,,,,,,FALSE,FALSE,,,,,,
JRN248,outside_political_science,History and Philosophy of Science | History,History and Philosophy of Science | History,high,Scopus ASJC excludes political science/public administration,,Prismas - Revista de historia intelectual,prismas revista de historia intelectual,1666-1508,1852-0499,5,5,5,1,1997,2021,2,,,FALSE,,,,,,,FALSE,,,,,,,FALSE,,,,,FALSE,FALSE,FALSE,,,,,,,,,,,,,,,,,TRUE,PRISMAS,1852-0499,A1,exact_issn,high,FALSE,FALSE,,,,,,
JRN249,political_science_adjacent,Law / Political Science,Law / Political Science,high,final manual scope audit (journal scope / source metadata / disciplinary identifiers),,PRIUS - Revista de Derecho y Ciencia Política,prius revista de derecho y ciencia politica,2961-2829,,2,2,1,2,2025,2026,2,,,FALSE,,,,,,,FALSE,,,,,,,FALSE,,,,,FALSE,FALSE,FALSE,,,,,,,,,,,,,,,,,FALSE,,,,,,FALSE,FALSE,,,,,,
JRN250,political_science_adjacent,Latin American Politics / Area Studies,Latin American Politics / Area Studies,high,final manual scope audit (journal scope / source metadata / disciplinary identifiers),,Problèmes d Amérique latine,problemes d amerique latine,0765-1333,1968-3898,1,1,1,0,2009,2009,1,,,FALSE,,,,,,,FALSE,,,,,,,FALSE,,,,,FALSE,FALSE,FALSE,,,,,,,,,,,,,,,,,FALSE,,,,,,FALSE,FALSE,,,,,,
JRN251,outside_political_science,Education,Education,high,journal title/scope,,Propuesta Educativa,propuesta educativa,1995-7785,0327-4829,3,3,3,0,2010,2016,3,,,FALSE,,,,,,,FALSE,,,,,,,FALSE,,,,,FALSE,FALSE,FALSE,,,,,,,,,,,,,,,,,FALSE,,,,,,FALSE,FALSE,,,,,,
JRN252,political_science_adjacent,Political Science / Public Administration / Public Law,Political Science / Public Administration / Public Law,high,Latindex subject,https://www.latindex.org/latindex/ficha/12204,Provincia,provincia,1317-9535,,1,1,1,0,2013,2013,1,,,FALSE,,,,,,,FALSE,,,,,,,FALSE,,,,,FALSE,FALSE,FALSE,,,,,,,,,,,,,,,,,FALSE,,,,,,FALSE,FALSE,,,,,,
JRN253,outside_political_science,Psychology,Psychology,high,manual identity/scope review,,Psicología Conocimiento y Sociedad,psicologia conocimiento y sociedad,,1688-7026,2,2,2,0,2014,2016,4,,,FALSE,,,,,,,FALSE,,,,,,,FALSE,,,,,FALSE,FALSE,FALSE,,,,,,,,,,,,,,,,,FALSE,,,,,,FALSE,FALSE,,,,,,
JRN254,political_science_adjacent,Public Administration / Organization Studies,Public Administration / Organization Studies,high,manual identity/scope review,,Public Organization Review,public organization review,1566-7170,1573-7098,2,2,2,2,2023,2023,3,,,FALSE,,,,,,,FALSE,,,,,,,FALSE,,,,,FALSE,FALSE,FALSE,,,,,,,,,,,,,,,,,TRUE,PUBLIC ORGANIZATION REVIEW,1566-7170,A1,exact_issn,high,FALSE,FALSE,,,,,,
JRN255,political_science_core,Political Science Methods,Political Science Methods,high,APSA methods journal,,Qualitative and Multi-Methods Research,qualitative and multi methods research,2153-6767,,3,3,3,2,2018,2022,1,,,FALSE,,,,,,,FALSE,,,,,,,FALSE,,,,,FALSE,FALSE,FALSE,,,,,,,,,,,,,,,,,FALSE,,,,,,FALSE,FALSE,,,,,,
JRN256,outside_political_science,Economics / Administration / Accounting,Economics / Administration / Accounting,high,manual identity/scope review,,Quantum,quantum,0797-7859,,1,1,1,0,2009,2009,1,,,FALSE,,,,,,,FALSE,,,,,,,FALSE,,,,,FALSE,FALSE,FALSE,,,,,,,,,,,,,,,,,FALSE,,,,,,FALSE,FALSE,,,,,,
JRN257,outside_political_science,Education,Education,high,final manual scope audit (journal scope / source metadata / disciplinary identifiers),,RECIE Revista Caribeña de Investigación Educativa,recie revista caribena de investigacion educativa,2518-4415,2636-2147,1,1,1,1,2022,2022,1,,,FALSE,,,,,,,FALSE,,,,,,,FALSE,,,,,FALSE,FALSE,FALSE,,,,,,,,,,,,,,,,,FALSE,,,,,,FALSE,FALSE,,,,,,
JRN258,outside_political_science,Multidisciplinary Social Sciences,Multidisciplinary Social Sciences,medium,journal identity,,RECSO,recso,1688-7727,1688-6682,1,0,0,0,2012,2012,1,,,FALSE,,,,,,,FALSE,,,,,,,FALSE,,,,,FALSE,FALSE,FALSE,,,,,,,,,,,,,,,,,FALSE,,,,,,FALSE,FALSE,,,,,,
JRN259,outside_political_science,Science and Technology Studies,Science and Technology Studies,high,journal title,,Redes Revista de Estudios Sociales de la Ciencia y la Tecnología,redes revista de estudios sociales de la ciencia y la tecnologia,0328-3186,1851-7072,1,1,1,0,2020,2020,2,,,FALSE,,,,,,,FALSE,,,,,,,FALSE,,,,,FALSE,FALSE,FALSE,,,,,,,,,,,,,,,,,TRUE,REVISTA REDES,1851-7072,B1,exact_issn,high,FALSE,FALSE,,,,,,
JRN260,political_science_adjacent,Public Administration / Governance,Public Administration / Governance,high,manual identity/scope review,,Reforma y Democracia,reforma y democracia,1315-2378,2443-4620,3,3,3,2,2015,2023,3,exact_issn,high,FALSE,,,,,,,TRUE,19700173159,Reforma y Democracia,1115,0.156,Q4,9,TRUE,Sociology and Political Science,1115,0.156,Q4,TRUE,FALSE,TRUE,19700173159,Reforma y Democracia,exact_issn,high,0.4,0.156,0.24,19,31,85,14,1305,1530,14.0% 1305/1530 Sociology and Political Science,Active,2008-2026,TRUE,REVISTA DEL CLAD REFORMA Y DEMOCRACIA,1315-2378,B1,exact_issn,high,FALSE,FALSE,,,,,,
JRN261,political_science_core,Political Science / International Relations,Political Science / International Relations,high,SCImago/Scopus disciplinary classification,,Regional & Federal Studies,regional and federal studies,1359-7566,1743-9434,1,1,1,1,2022,2022,1,exact_issn,high,TRUE,27574,Regional and Federal Studies,170,0.635,Q1,48,FALSE,,,,,,,TRUE,Political Science and International Relations,170,0.635,Q1,TRUE,TRUE,FALSE,27574,Regional and Federal Studies,exact_issn,high,3.8,0.635,1.219,84,506,134,80,149,745,80.0% 149/745 Political Science and International Relations,Active,1995-2026,FALSE,,,,,,FALSE,FALSE,,,,,,
JRN262,outside_political_science,Sociology and Political Science | Education | Cultural Studies,Sociology and Political Science | Education | Cultural Studies,high,Scopus ASJC/journal identity,,REICE Revista Iberoamericana sobre Calidad Eficacia y Cambio en Educación,reice revista iberoamericana sobre calidad eficacia y cambio en educacion,,1696-4713,2,2,2,0,2008,2009,2,exact_issn,high,FALSE,,,,,,,TRUE,21100897232,"REICE. Revista Iberoamericana Sobre Calidad, Eficacia y Cambio en Educacion",423,0.549,Q2,31,TRUE,Sociology and Political Science,423,0.549,Q2,TRUE,FALSE,TRUE,21100897232,"REICE. Revista Iberoamericana Sobre Calidad, Eficacia y Cambio en Educacion",exact_issn,high,3.7,0.549,1.172,85,384,103,93,91,1434,93.0% 91/1434 Cultural Studies,Active,2003-2026,FALSE,,,,,,FALSE,FALSE,,,,,,
JRN263,outside_political_science,Culture / Social Thought,Culture / Social Thought,medium,journal title/editorial context,,Relaciones,relaciones,0797-9754,1688-0412,2,0,0,0,1984,1984,1,,,FALSE,,,,,,,FALSE,,,,,,,FALSE,,,,,FALSE,FALSE,FALSE,,,,,,,,,,,,,,,,,FALSE,,,,,,FALSE,FALSE,,,,,,
JRN264,political_science_core,International Relations,International Relations,high,manual identity/scope review,,Relaciones Internacionales,relaciones internacionales,,1515-3371 | 2314-2766,5,5,5,2,2010,2025,3,,,FALSE,,,,,,,FALSE,,,,,,,FALSE,,,,,FALSE,FALSE,FALSE,,,,,,,,,,,,,,,,,TRUE,RELACIONES INTERNACIONALES (LA PLATA),1515-3371,A2,exact_issn,high,FALSE,FALSE,,,,,ambiguous,low
JRN265,political_science_core,International Relations,International Relations,high,manual identity/scope review,,Relaciones Internacionales (España),relaciones internacionales espana,,1699-3950,1,1,1,0,2015,2015,1,,,FALSE,,,,,,,FALSE,,,,,,,FALSE,,,,,FALSE,FALSE,FALSE,,,,,,,,,,,,,,,,,TRUE,RELACIONES INTERNACIONALES (MADRID),1699-3950,A1,exact_issn,high,FALSE,FALSE,,,,,ambiguous,low
JRN266,outside_political_science,Multidisciplinary Social Sciences / Humanities,Multidisciplinary Social Sciences / Humanities,high,manual identity/scope review,,Religación Revista de Ciencias Sociales y Humanidades,religacion revista de ciencias sociales y humanidades,,2477-9083,1,1,1,0,2017,2017,2,,,FALSE,,,,,,,FALSE,,,,,,,FALSE,,,,,FALSE,FALSE,FALSE,,,,,,,,,,,,,,,,,FALSE,,,,,,TRUE,TRUE,TRUE,FALSE,Religación: Revista de Ciencias Sociales y Humanidades,https://www.latindex.org/latindex/ficha/23366,exact_normalized_name,high
JRN267,political_science_core,Political Science / Latin American Political Studies,Political Science / Latin American Political Studies,high,final manual scope audit (journal scope / source metadata / disciplinary identifiers),,Revista Andina de Estudios Políticos,revista andina de estudios politicos,,2221-4135,1,1,1,1,2025,2025,1,ambiguous,low,FALSE,,,,,,,FALSE,,,,,,,FALSE,,,,,FALSE,FALSE,FALSE,,,ambiguous,low,,,,,,,,,,,,,TRUE,REVISTA ANDINA DE ESTUDIOS POLÍTICOS,2221-4135,A4,exact_issn,high,FALSE,FALSE,,,,,ambiguous,low
JRN268,political_science_core,Political Science,Political Science,high,final manual scope audit (journal scope / source metadata / disciplinary identifiers),,Revista Argentina de Ciencia Política,revista argentina de ciencia politica,0329-3092,2683-9032,1,1,1,1,2025,2025,1,ambiguous,low,FALSE,,,,,,,FALSE,,,,,,,FALSE,,,,,FALSE,FALSE,FALSE,,,ambiguous,low,,,,,,,,,,,,,FALSE,,,,,,TRUE,TRUE,TRUE,FALSE,Revista argentina de ciencia política,https://www.latindex.org/latindex/ficha/13138,exact_normalized_name,high
JRN269,outside_political_science,Higher Education,Higher Education,high,final manual scope audit (journal scope / source metadata / disciplinary identifiers),,Revista Argentina de Educación Superior,revista argentina de educacion superior,,1852-8171,1,1,1,1,2026,2026,1,,,FALSE,,,,,,,FALSE,,,,,,,FALSE,,,,,FALSE,FALSE,FALSE,,,,,,,,,,,,,,,,,FALSE,,,,,,FALSE,FALSE,,,,,,
JRN270,outside_political_science,General Social Sciences,General Social Sciences,high,Scopus ASJC excludes political science/public administration,,Revista Brasileira de Ciências Sociais,revista brasileira de ciencias sociais,0102-6909,1806-9053,1,1,1,0,2017,2017,1,,,FALSE,,,,,,,FALSE,,,,,,,FALSE,,,,,FALSE,FALSE,FALSE,,,,,,,,,,,,,,,,,FALSE,,,,conflict,low,FALSE,FALSE,,,,,,
JRN271,political_science_adjacent,Political Studies / Law / Political Thought,Political Studies / Law / Political Thought,high,final manual scope audit (journal scope / source metadata / disciplinary identifiers),,Revista Brasileira de Estudos Políticos,revista brasileira de estudos politicos,0034-7191,2359-5736,1,0,0,0,1990,1990,1,exact_issn,high,FALSE,,,,,,,TRUE,21101039257,Revista Brasileira de Estudos Politicos,1094,0.163,Q3,5,TRUE,Sociology and Political Science,1094,0.163,Q3,TRUE,FALSE,TRUE,21101039257,Revista Brasileira de Estudos Politicos,exact_issn,high,0.4,0.163,0.403,24,41,112,19,934,1162,19.0% 934/1162 Law,Active,2019-2025,FALSE,,,,conflict,low,FALSE,FALSE,,,,,,
JRN272,outside_political_science,History,History,high,manual identity/scope review,,Revista Brasileira de História,revista brasileira de historia,,0102-0188,1,1,1,0,2018,2018,1,exact_issn,high,FALSE,,,,,,,TRUE,8100153108,Revista Brasileira de Historia,1320,0.116,Q4,13,TRUE,Sociology and Political Science,1320,0.116,Q4,TRUE,FALSE,TRUE,8100153108,Revista Brasileira de Historia,exact_issn,high,0.5,0.116,0.471,35,106,194,64,694,1936,64.0% 694/1936 History,Active,2007-2026; 2001; 1999,TRUE,REVISTA BRASILEIRA DE HISTÓRIA (IMPRESSO),0102-0188,A1,exact_issn,high,FALSE,FALSE,,,,,,
JRN273,political_science_adjacent,Public Policy / International Relations,Public Policy / International Relations,high,manual identity/scope review,,Revista Brasileira de Políticas Públicas e Internacionais - RPPI,revista brasileira de politicas publicas e internacionais rppi,,2525-5584,1,1,1,1,2022,2022,1,,,FALSE,,,,,,,FALSE,,,,,,,FALSE,,,,,FALSE,FALSE,FALSE,,,,,,,,,,,,,,,,,TRUE,REVISTA BRASILEIRA DE POLÍTICAS PÚBLICAS E INTERNACIONAIS,2525-5584,A4,exact_issn,high,FALSE,FALSE,,,,,,
JRN274,outside_political_science,Law / Constitutional Theory,Law / Constitutional Theory,high,journal title,,Revista Brasileira de Teoria Constitucional,revista brasileira de teoria constitucional,,2525-961X,1,1,1,0,2017,2017,1,,,FALSE,,,,,,,FALSE,,,,,,,FALSE,,,,,FALSE,FALSE,FALSE,,,,,,,,,,,,,,,,,FALSE,,,,,,FALSE,FALSE,,,,,,
JRN275,political_science_adjacent,Law / Political Science,Law / Political Science,high,manual identity/scope review,,Revista Chilena de Derecho y Ciencia Política,revista chilena de derecho y ciencia politica,0718-9389,0719-2150,2,2,2,2,2021,2026,4,exact_issn,high,FALSE,,,,,,,TRUE,21101188213,Revista Chilena de Derecho y Ciencia Politica,961,0.197,Q3,4,TRUE,Sociology and Political Science,961,0.197,Q3,TRUE,FALSE,TRUE,21101188213,Revista Chilena de Derecho y Ciencia Politica,exact_issn,high,0.9,0.197,0.673,55,63,73,41,685,1162,41.0% 685/1162 Law,Active,2019-2026,TRUE,REVISTA CHILENA DE DERECHO Y CIENCIA POLÍTICA,0718-9389,A2,exact_issn,high,FALSE,FALSE,,,,,,
JRN276,political_science_core,Political Science / International Relations,Political Science / International Relations,high,SCImago/Scopus disciplinary classification,,Revista CIDOB d Afers Internacionals,revista cidob d afers internacionals,1133-6595,2013-035X,3,3,3,1,2019,2023,3,exact_issn,high,TRUE,21100468970,Revista CIDOB d'Afers Internacionals,438,0.22,Q3,15,FALSE,,,,,,,TRUE,Political Science and International Relations,438,0.22,Q3,TRUE,TRUE,FALSE,21100468970,Revista CIDOB d'Afers Internacionals,exact_issn,high,1.3,0.22,0.975,46,144,112,47,391,745,47.0% 391/745 Political Science and International Relations,Active,2016-2026,FALSE,,,,,,FALSE,FALSE,,,,,ambiguous,low
JRN277,outside_political_science,Coastal / Environmental Studies,Coastal / Environmental Studies,high,journal title,,REvista COSTAS,revista costas,,2304-0963,2,2,2,1,2020,2021,1,,,FALSE,,,,,,,FALSE,,,,,,,FALSE,,,,,FALSE,FALSE,FALSE,,,,,,,,,,,,,,,,,FALSE,,,,,,FALSE,FALSE,,,,,,
JRN278,political_science_adjacent,Public Administration,Public Administration,high,manual identity/scope review,,Revista de Administração Pública,revista de administracao publica,,0034-7612,1,1,1,0,2017,2017,1,,,FALSE,,,,,,,FALSE,,,,,,,FALSE,,,,,FALSE,FALSE,FALSE,,,,,,,,,,,,,,,,,TRUE,REVISTA DE ADMINISTRAÇÃO PÚBLICA,0034-7612,A2,exact_issn,high,FALSE,FALSE,,,,,,
JRN279,outside_political_science,Anthropology / Sociology,Anthropology / Sociology,high,final manual scope audit (journal scope / source metadata / disciplinary identifiers),,Revista de Antropología y Sociología Virajes,revista de antropologia y sociologia virajes,0123-4471,2462-9782,1,1,1,0,2013,2013,1,,,FALSE,,,,,,,FALSE,,,,,,,FALSE,,,,,FALSE,FALSE,FALSE,,,,,,,,,,,,,,,,,FALSE,,,,,,FALSE,FALSE,,,,,,
JRN280,political_science_core,Political Science / International Relations,Political Science / International Relations,high,SCImago/Scopus disciplinary classification,,Revista de Ciencia Política (Chile),revista de ciencia politica chile,0716-1417,0718-090X,26,26,26,5,2005,2025,17,exact_issn,high,TRUE,5100152922,Revista de Ciencia Politica,79,0.975,Q1,28,TRUE,5100152922,Revista de Ciencia Politica,188,0.975,Q1,28,TRUE,Political Science and International Relations,79,0.975,Q1,TRUE,TRUE,TRUE,5100152922,Revista de Ciencia Politica,exact_issn,high,3.4,0.975,1.404,79,258,77,77,166,745,77.0% 166/745 Political Science and International Relations,Active,2006-2025; 2002,TRUE,REVISTA DE CIENCIA POLÍTICA (SANTIAGO. EN LÍNEA),0718-090X,A1,exact_issn,high,TRUE,TRUE,TRUE,FALSE,Revista de ciencia política,https://www.latindex.org/latindex/ficha/14054,exact_normalized_name,high
JRN281,outside_political_science,Sociology / Social Sciences,Sociology / Social Sciences,high,manual identity/scope review,,Revista de Ciencias Sociales,revista de ciencias sociales,0797-5538,1688-4981,6,6,6,0,2008,2014,4,,,FALSE,,,,,,,FALSE,,,,,,,FALSE,,,,,FALSE,FALSE,FALSE,,,,,,,,,,,,,,,,,TRUE,REVISTA DE CIENCIAS SOCIALES,1688-4981,A2,exact_issn,high,TRUE,TRUE,TRUE,FALSE,Revista de ciencias sociales - Universidad del Zulia. Facultad de Ciencias Económicas y Sociales,https://www.latindex.org/latindex/ficha/14132,exact_normalized_name,high
JRN282,outside_political_science,Multidisciplinary Social Sciences,Multidisciplinary Social Sciences,high,manual identity/scope review,,Revista de Ciencias Sociales,revista de ciencias sociales,0328-2643,,1,1,1,1,2022,2022,1,,,FALSE,,,,,,,FALSE,,,,,,,FALSE,,,,,FALSE,FALSE,FALSE,,,,,,,,,,,,,,,,,TRUE,REVISTA DE CIENCIAS SOCIALES,1688-4981,A2,exact_normalized_name,high,TRUE,TRUE,TRUE,FALSE,Revista de ciencias sociales - Universidad del Zulia. Facultad de Ciencias Económicas y Sociales,https://www.latindex.org/latindex/ficha/14132,exact_normalized_name,high
JRN283,political_science_adjacent,Electoral Law / Electoral Politics,Electoral Law / Electoral Politics,high,final manual scope audit (journal scope / source metadata / disciplinary identifiers),,Revista de Derecho Electoral,revista de derecho electoral,1995-2945,,1,0,0,0,2012,2012,1,,,FALSE,,,,,,,FALSE,,,,,,,FALSE,,,,,FALSE,FALSE,FALSE,,,,,,,,,,,,,,,,,FALSE,,,,,,TRUE,TRUE,TRUE,FALSE,Revista de Derecho Electoral,https://www.latindex.org/latindex/ficha/14210,exact_normalized_name,high
JRN284,political_science_adjacent,Electoral Law / Electoral Politics,Electoral Law / Electoral Politics,high,final manual scope audit (journal scope / source metadata / disciplinary identifiers),,Revista de Derecho Electoral,revista de derecho electoral,1659-2808,1659-2069,1,1,1,1,2025,2025,1,,,FALSE,,,,,,,FALSE,,,,,,,FALSE,,,,,FALSE,FALSE,FALSE,,,,,,,,,,,,,,,,,FALSE,,,,,,TRUE,TRUE,TRUE,FALSE,Revista de Derecho Electoral,https://www.latindex.org/latindex/ficha/14210,exact_normalized_name,high
JRN285,outside_political_science,Law / Public Law,Law / Public Law,high,final manual scope audit (journal scope / source metadata / disciplinary identifiers),,revista de derecho público,revista de derecho publico,,0797-4302 | 2301-0908,2,1,1,0,1999,2019,3,ambiguous,low,FALSE,,,,,,,FALSE,,,,,,,FALSE,,,,,FALSE,FALSE,FALSE,,,ambiguous,low,,,,,,,,,,,,,FALSE,,,,ambiguous,low,FALSE,FALSE,,,,,,
JRN286,outside_political_science,Law / Public Law,Law / Public Law,high,final manual scope audit (journal scope / source metadata / disciplinary identifiers),,Revista de Derecho Público Contemporaneo,revista de derecho publico contemporaneo,2594-813X,,1,1,1,1,2024,2024,1,,,FALSE,,,,,,,FALSE,,,,,,,FALSE,,,,,FALSE,FALSE,FALSE,,,,,,,,,,,,,,,,,FALSE,,,,,,FALSE,FALSE,,,,,,
JRN287,outside_political_science,Law,Law,high,final manual scope audit (journal scope / source metadata / disciplinary identifiers),,Revista de Direito Brasileira,revista de direito brasileira,,2358-1352,1,1,1,1,2021,2021,1,,,FALSE,,,,,,,FALSE,,,,,,,FALSE,,,,,FALSE,FALSE,FALSE,,,,,,,,,,,,,,,,,TRUE,REVISTA DE DIREITO BRASILEIRA,2358-1352,A1,exact_issn,high,FALSE,FALSE,,,,,,
JRN288,outside_political_science,"General Economics, Econometrics and Finance","General Economics, Econometrics and Finance",high,Scopus ASJC excludes political science/public administration,,Revista de Economía Institucional,revista de economia institucional,0124-5996,2346-2450,1,1,1,1,2021,2021,1,,,FALSE,,,,,,,FALSE,,,,,,,FALSE,,,,,FALSE,FALSE,FALSE,,,,,,,,,,,,,,,,,FALSE,,,,,,FALSE,FALSE,,,,,,
JRN289,political_science_core,Political Science / International Relations,Political Science / International Relations,high,SCImago/Scopus disciplinary classification,,Revista de Estudios Políticos,revista de estudios politicos,0048-7694,1989-0613,1,1,1,1,2024,2024,1,exact_issn,high,TRUE,5700166680,Revista de Estudios Politicos,237,0.475,Q2,15,TRUE,5700166680,Revista de Estudios Politicos,489,0.475,Q2,15,TRUE,Political Science and International Relations,237,0.475,Q2,TRUE,TRUE,TRUE,5700166680,Revista de Estudios Politicos,exact_issn,high,1,0.475,1.453,41,147,147,39,929,1530,39.0% 929/1530 Sociology and Political Science,Active,2008-2026,FALSE,,,,ambiguous,low,TRUE,TRUE,TRUE,FALSE,Revista de estudios políticos,https://www.latindex.org/latindex/ficha/14400,exact_normalized_name,high
JRN290,outside_political_science,Multidisciplinary Social Sciences / Sociology,Multidisciplinary Social Sciences / Sociology,high,manual identity/scope review,,Revista de Estudios Sociales,revista de estudios sociales,0123-885X,1900-5180,1,1,1,1,2023,2023,2,exact_issn,high,FALSE,,,,,,,TRUE,5600155076,Revista de Estudios Sociales,761,0.279,Q3,22,TRUE,Sociology and Political Science,761,0.279,Q3,TRUE,FALSE,TRUE,5600155076,Revista de Estudios Sociales,exact_issn,high,1.5,0.279,1.292,57,194,130,91,166,1936,91.0% 166/1936 History,Active,2009-2026,FALSE,,,,,,FALSE,FALSE,,,,,ambiguous,low
JRN291,outside_political_science,Education / Education Policy,Education / Education Policy,high,journal title/scope,,Revista de Estudios Teóricos y Epistemológicos en Política Educativa,revista de estudios teoricos y epistemologicos en politica educativa,,2409-3696,3,3,3,0,2016,2019,2,,,FALSE,,,,,,,FALSE,,,,,,,FALSE,,,,,FALSE,FALSE,FALSE,,,,,,,,,,,,,,,,,FALSE,,,,,,FALSE,FALSE,,,,,,
JRN292,outside_political_science,"Management, Monitoring, Policy and Law | General Engineering | Ocean Engineering | Engineering (miscellaneous) | Environmental Engineering | Oceanography","Management, Monitoring, Policy and Law | General Engineering | Ocean Engineering | Engineering (miscellaneous) | Environmental Engineering | Oceanography",high,Scopus ASJC excludes political science/public administration,,Revista de Gestão Costeira Integrada,revista de gestao costeira integrada,,1646-8872,1,1,1,0,2013,2013,1,,,FALSE,,,,,,,FALSE,,,,,,,FALSE,,,,,FALSE,FALSE,FALSE,,,,,,,,,,,,,,,,,FALSE,,,,,,FALSE,FALSE,,,,,,
JRN293,political_science_adjacent,Public Management / Public Administration,Public Management / Public Administration,high,manual identity/scope review,,Revista de Gestión Pública,revista de gestion publica,0719-1820,0719-1839,2,2,2,0,2014,2020,1,,,FALSE,,,,,,,FALSE,,,,,,,FALSE,,,,,FALSE,FALSE,FALSE,,,,,,,,,,,,,,,,,FALSE,,,,,,FALSE,FALSE,,,,,,
JRN294,outside_political_science,History,History,high,final manual scope audit (journal scope / source metadata / disciplinary identifiers),,Revista de História,revista de historia,0870-4511,,1,1,1,0,1992,1992,1,,,FALSE,,,,,,,FALSE,,,,,,,FALSE,,,,,FALSE,FALSE,FALSE,,,,,,,,,,,,,,,,,FALSE,,,,ambiguous,low,FALSE,FALSE,,,,,,
JRN295,outside_political_science,History,History,high,Scopus ASJC excludes political science/public administration,,Revista de historia (Concepción),revista de historia concepcion,0717-8832,0716-9108 | 0717-8832,3,3,3,0,2017,2017,3,,,FALSE,,,,,,,FALSE,,,,,,,FALSE,,,,,FALSE,FALSE,FALSE,,,,,,,,,,,,,,,,,FALSE,,,,ambiguous,low,FALSE,FALSE,,,,,,
JRN296,outside_political_science,Cultural Studies | History | Arts and Humanities (miscellaneous),Cultural Studies | History | Arts and Humanities (miscellaneous),high,Scopus ASJC excludes political science/public administration,,Revista de Historia (Costa Rica),revista de historia costa rica,1012-9790,2215-4744,1,1,1,0,2010,2010,1,,,FALSE,,,,,,,FALSE,,,,,,,FALSE,,,,,FALSE,FALSE,FALSE,,,,,,,,,,,,,,,,,FALSE,,,,ambiguous,low,FALSE,FALSE,,,,,,
JRN297,,,,,,,Revista de la Academia Nacinoal de Letras,revista de la academia nacinoal de letras,0797-0050,,1,0,0,0,2007,2007,1,,,FALSE,,,,,,,FALSE,,,,,,,FALSE,,,,,FALSE,FALSE,FALSE,,,,,,,,,,,,,,,,,FALSE,,,,,,FALSE,FALSE,,,,,,
JRN298,outside_political_science,Literature / Linguistics,Literature / Linguistics,high,final manual scope audit (journal scope / source metadata / disciplinary identifiers),,Revista de la Academia Nacional de Letras,revista de la academia nacional de letras,1688-3543,,6,0,0,0,2007,2016,1,,,FALSE,,,,,,,FALSE,,,,,,,FALSE,,,,,FALSE,FALSE,FALSE,,,,,,,,,,,,,,,,,FALSE,,,,,,FALSE,FALSE,,,,,,
JRN299,outside_political_science,Humanities / Library Cultural Studies,Humanities / Library Cultural Studies,high,publisher/title,,"Revista de la Biblioteca Nacional, Época 3/ año 12/19",revista de la biblioteca nacional epoca 3 ano 12 19,0797-9061,2393-7009,1,0,0,1,2023,2023,1,,,FALSE,,,,,,,FALSE,,,,,,,FALSE,,,,,FALSE,FALSE,FALSE,,,,,,,,,,,,,,,,,FALSE,,,,,,FALSE,FALSE,,,,,,
JRN300,outside_political_science,Education,Education,medium,final manual scope audit (journal scope / source metadata / disciplinary identifiers),,Revista de la Educación del Pueblo,revista de la educacion del pueblo,1510-0405,,1,0,0,0,1986,1986,1,,,FALSE,,,,,,,FALSE,,,,,,,FALSE,,,,,FALSE,FALSE,FALSE,,,,,,,,,,,,,,,,,FALSE,,,,,,FALSE,FALSE,,,,,,
JRN301,outside_political_science,Law,Law,high,official journal scope,https://revista.fder.edu.uy/index.php/rfd/about,Revista de la Facultad de Derecho,revista de la facultad de derecho,0797-8316,2301-0665,7,7,7,1,2013,2021,5,,,FALSE,,,,,,,FALSE,,,,,,,FALSE,,,,,FALSE,FALSE,FALSE,,,,,,,,,,,,,,,,,FALSE,,,,ambiguous,low,FALSE,FALSE,,,,,,
JRN302,outside_political_science,Law,Law,high,final manual scope audit (journal scope / source metadata / disciplinary identifiers),,Revista de la Facultad de Derecho,revista de la facultad de derecho,0255-5328,2790-5152,1,1,1,1,2024,2024,1,,,FALSE,,,,,,,FALSE,,,,,,,FALSE,,,,,FALSE,FALSE,FALSE,,,,,,,,,,,,,,,,,FALSE,,,,ambiguous,low,FALSE,FALSE,,,,,,
JRN303,outside_political_science,Law,Law,high,final manual scope audit (journal scope / source metadata / disciplinary identifiers),,Revista de la Facultad de Derecho y Ciencias Sociales,revista de la facultad de derecho y ciencias sociales,0797-0447,,1,1,1,0,2010,2010,1,,,FALSE,,,,,,,FALSE,,,,,,,FALSE,,,,,FALSE,FALSE,FALSE,,,,,,,,,,,,,,,,,FALSE,,,,,,FALSE,FALSE,,,,,,
JRN304,outside_political_science,Architecture / Urban Studies,Architecture / Urban Studies,medium,final manual scope audit (journal scope / source metadata / disciplinary identifiers),,"Revista de la Facultad de la Arquitectura, Diseño y Urbanismo",revista de la facultad de la arquitectura diseno y urbanismo,0797-9703,1688-9703,1,0,0,0,2012,2012,1,,,FALSE,,,,,,,FALSE,,,,,,,FALSE,,,,,FALSE,FALSE,FALSE,,,,,,,,,,,,,,,,,FALSE,,,,,,FALSE,FALSE,,,,,,
JRN305,outside_political_science,History / Latin American History,History / Latin American History,high,final manual scope audit (journal scope / source metadata / disciplinary identifiers),,Revista de la Red de Intercátedras de Historia de América Latina Contemporánea,revista de la red de intercatedras de historia de america latina contemporanea,,2250-7264,1,1,1,0,2019,2019,1,,,FALSE,,,,,,,FALSE,,,,,,,FALSE,,,,,FALSE,FALSE,FALSE,,,,,,,,,,,,,,,,,TRUE,REVISTA DE LA RED INTERCÁTEDRAS DE HISTORIA DE AMÉRICA LATINA CONTEMPORÁNEA,2250-7264,A1,exact_issn,high,FALSE,FALSE,,,,,,
JRN306,political_science_adjacent,Political Sociology / Political Science,Political Sociology / Political Science,high,final manual scope audit (journal scope / source metadata / disciplinary identifiers),,Revista de Sociologia e Política,revista de sociologia e politica,,0104-4478,1,1,1,0,2016,2016,1,exact_issn,high,FALSE,,,,,,,TRUE,5200152619,Revista de Sociologia e Politica,1085,0.165,Q3,22,TRUE,Sociology and Political Science,1085,0.165,Q3,TRUE,FALSE,TRUE,5200152619,Revista de Sociologia e Politica,exact_issn,high,0.6,0.165,0.456,30,45,80,23,1176,1530,23.0% 1176/1530 Sociology and Political Science,Active,2006-2026,TRUE,REVISTA DE SOCIOLOGIA E POLÍTICA (UFPR. IMPRESSO),0104-4478,A1,exact_issn,high,FALSE,FALSE,,,,,,
JRN307,political_science_core,Political Science,Political Science,high,manual verified scope,https://seer.ufrgs.br/debates,Revista Debates,revista debates,2236-479X,1982-5269,9,9,9,1,2008,2021,7,,,FALSE,,,,,,,FALSE,,,,,,,FALSE,,,,,FALSE,FALSE,FALSE,,,,,,,,,,,,,,,,,FALSE,,,,conflict,low,FALSE,FALSE,,,,,,
JRN308,outside_political_science,Latin American Studies,Latin American Studies,high,journal title,,Revista del CESLA International Latin American Studies Review,revista del cesla international latin american studies review,1641-4713,2081-1160,1,1,1,1,2021,2021,1,,,FALSE,,,,,,,FALSE,,,,,,,FALSE,,,,,FALSE,FALSE,FALSE,,,,,,,,,,,,,,,,,TRUE,REVISTA DEL CESLA,1641-4713,A2,exact_issn,high,FALSE,FALSE,,,,,,
JRN309,outside_political_science,Education,Education,high,journal institutional context,,Revista del IICE,revista del iice,,2451-5434,1,1,1,0,2020,2020,1,,,FALSE,,,,,,,FALSE,,,,,,,FALSE,,,,,FALSE,FALSE,FALSE,,,,,,,,,,,,,,,,,FALSE,,,,,,FALSE,FALSE,,,,,,
JRN310,outside_political_science,Higher Education,Higher Education,high,journal title,,Revista del Núcleo de Estudios e Investigaciones en Educación Superior del MERCOSUR,revista del nucleo de estudios e investigaciones en educacion superior del mercosur,2347-0658,2313-9080,2,2,2,2,2021,2024,2,,,FALSE,,,,,,,FALSE,,,,,,,FALSE,,,,,FALSE,FALSE,FALSE,,,,,,,,,,,,,,,,,FALSE,,,,,,FALSE,FALSE,,,,,,
JRN311,outside_political_science,Multidisciplinary / Science Communication,Multidisciplinary / Science Communication,medium,journal title,,Revista Digital Universitaria,revista digital universitaria,,1607-6079,1,1,1,0,2012,2012,1,,,FALSE,,,,,,,FALSE,,,,,,,FALSE,,,,,FALSE,FALSE,FALSE,,,,,,,,,,,,,,,,,FALSE,,,,,,FALSE,FALSE,,,,,,
JRN312,outside_political_science,Human Rights / Law,Human Rights / Law,medium,final manual scope audit (journal scope / source metadata / disciplinary identifiers),,Revista do Instituto Brasileiro de Direitos Humanos,revista do instituto brasileiro de direitos humanos,1677-1419,,1,0,0,0,2010,2010,1,,,FALSE,,,,,,,FALSE,,,,,,,FALSE,,,,,FALSE,FALSE,FALSE,,,,,,,,,,,,,,,,,FALSE,,,,,,FALSE,FALSE,,,,,,
JRN313,political_science_adjacent,Public Administration,Public Administration,high,manual identity/scope review,,Revista do Serviço Público,revista do servico publico,0034-9240,2357-8017,1,1,1,0,2019,2019,1,,,FALSE,,,,,,,FALSE,,,,,,,FALSE,,,,,FALSE,FALSE,FALSE,,,,,,,,,,,,,,,,,FALSE,,,,conflict,low,FALSE,FALSE,,,,,,
JRN314,political_science_core,Political Science,Political Science,high,final manual scope audit (journal scope / source metadata / disciplinary identifiers),,Revista Ecuatoriana de Ciencia Política,revista ecuatoriana de ciencia politica,2953-643X,,1,1,1,1,2022,2022,1,,,FALSE,,,,,,,FALSE,,,,,,,FALSE,,,,,FALSE,FALSE,FALSE,,,,,,,,,,,,,,,,,FALSE,,,,,,FALSE,FALSE,,,,,,
JRN315,political_science_core,Electoral Studies / Political Science,Electoral Studies / Political Science,high,official journal scope,https://revistas.onpe.gob.pe/index.php/elecciones,Revista Elecciones,revista elecciones,1994-5272,1995-6290,3,3,3,3,2022,2023,4,,,FALSE,,,,,,,FALSE,,,,,,,FALSE,,,,,FALSE,FALSE,FALSE,,,,,,,,,,,,,,,,,FALSE,,,,conflict,low,FALSE,FALSE,,,,,,
JRN316,outside_political_science,History / Latin American History,History / Latin American History,high,journal title/institutional context,,Revista eletrônica da ANPHLAC,revista eletronica da anphlac,,1679-1061,1,1,1,1,2021,2021,1,,,FALSE,,,,,,,FALSE,,,,,,,FALSE,,,,,FALSE,FALSE,FALSE,,,,,,,,,,,,,,,,,TRUE,REVISTA ELETRÔNICA DA ANPHLAC,1679-1061,A4,exact_issn,high,FALSE,FALSE,,,,,,
JRN317,political_science_adjacent,Political Science / Public Administration,Political Science / Public Administration,high,final manual scope audit (journal scope / source metadata / disciplinary identifiers),,Revista Enfoques,revista enfoques,0718-0241,0718-9656,1,1,1,0,2009,2009,1,,,FALSE,,,,,,,FALSE,,,,,,,FALSE,,,,,FALSE,FALSE,FALSE,,,,,,,,,,,,,,,,,FALSE,,,,,,TRUE,TRUE,TRUE,FALSE,Revista enfoques,https://www.latindex.org/latindex/ficha/15580,exact_normalized_name,high
JRN318,political_science_core,Political Science / International Relations,Political Science / International Relations,high,SCImago/Scopus disciplinary classification,,Revista Española de Ciencia Política,revista espanola de ciencia politica,1575-6548,2173-9870,4,4,4,0,2013,2017,3,exact_issn,high,TRUE,11600153566,Revista Espanola de Ciencia Politica,431,0.223,Q3,14,TRUE,11600153566,Revista Espanola de Ciencia Politica,876,0.223,Q3,14,TRUE,Political Science and International Relations,431,0.223,Q3,TRUE,TRUE,TRUE,11600153566,Revista Espanola de Ciencia Politica,exact_issn,high,1.1,0.223,0.461,39,114,102,42,428,745,42.0% 428/745 Political Science and International Relations,Active,2012-2026,FALSE,,,,,,TRUE,TRUE,TRUE,FALSE,Revista española de ciencia política,https://www.latindex.org/latindex/ficha/15592,exact_normalized_name,high
JRN319,outside_political_science,Sociology,Sociology,high,manual identity/scope review,,Revista Española de Investigaciones Sociológicas,revista espanola de investigaciones sociologicas,0210-5233,1988-5903,2,2,2,0,2010,2015,2,exact_issn,high,FALSE,,,,,,,TRUE,5600153110,Revista Espanola de Investigaciones Sociologicas,640,0.343,Q2,26,TRUE,Sociology and Political Science,640,0.343,Q2,TRUE,FALSE,TRUE,5600153110,Revista Espanola de Investigaciones Sociologicas,exact_issn,high,2,0.343,0.835,59,267,136,58,628,1530,58.0% 628/1530 Sociology and Political Science,Active,2008-2026; 1980-1983,FALSE,,,,,,TRUE,TRUE,TRUE,FALSE,Revista española de investigaciones sociológicas,https://www.latindex.org/latindex/ficha/15637,exact_normalized_name,high
JRN320,political_science_adjacent,Government / Public Management,Government / Public Management,high,manual identity/scope review,,Revista Estado Gobierno y Gestión Pública,revista estado gobierno y gestion publica,0717-8980,0717-6759,6,6,6,1,2010,2023,4,,,FALSE,,,,,,,FALSE,,,,,,,FALSE,,,,,FALSE,FALSE,FALSE,,,,,,,,,,,,,,,,,TRUE,"ESTADO, GOBIERNO, GESTIÓN PÚBLICA (EN LÍNEA)",0717-8980,B1,exact_issn,high,FALSE,FALSE,,,,,ambiguous,low
JRN321,political_science_adjacent,Public Policy / Public Administration,Public Policy / Public Administration,high,manual identity/scope review,,Revista Estado y Políticas Públicas,revista estado y politicas publicas,2413-8274,2310-550X,4,4,4,2,2014,2023,5,,,FALSE,,,,,,,FALSE,,,,,,,FALSE,,,,,FALSE,FALSE,FALSE,,,,,,,,,,,,,,,,,TRUE,REVISTA ESTADO Y POLÍTICAS PÚBLICAS,2310-550X,A3,exact_issn,high,FALSE,FALSE,,,,,,
JRN322,outside_political_science,Interdisciplinary Social Sciences,Interdisciplinary Social Sciences,high,journal title,,Revista Estudiantil Latinoamericana de Ciencias Sociales,revista estudiantil latinoamericana de ciencias sociales,,2304-179X,1,1,1,0,2014,2014,1,,,FALSE,,,,,,,FALSE,,,,,,,FALSE,,,,,FALSE,FALSE,FALSE,,,,,,,,,,,,,,,,,FALSE,,,,,,FALSE,FALSE,,,,,,
JRN323,political_science_adjacent,Public Policy,Public Policy,high,manual identity/scope review,,Revista Estudios de Políticas Públicas,revista estudios de politicas publicas,,0719-6296,1,1,1,1,2023,2023,1,,,FALSE,,,,,,,FALSE,,,,,,,FALSE,,,,,FALSE,FALSE,FALSE,,,,,,,,,,,,,,,,,FALSE,,,,,,FALSE,FALSE,,,,,,
JRN324,outside_political_science,Gender Studies,Gender Studies,high,Scopus ASJC excludes political science/public administration,,Revista Estudos Feministas,revista estudos feministas,,1806-9584,1,1,1,1,2026,2026,1,,,FALSE,,,,,,,FALSE,,,,,,,FALSE,,,,,FALSE,FALSE,FALSE,,,,,,,,,,,,,,,,,TRUE,ESTUDOS FEMINISTAS,1806-9584,A1,exact_issn,high,FALSE,FALSE,,,,,,
JRN325,outside_political_science,Humanities,Humanities,high,journal title,,Revista Estudos Hum(e)anos,revista estudos hum e anos,,2177-1006,1,1,1,0,2013,2013,1,,,FALSE,,,,,,,FALSE,,,,,,,FALSE,,,,,FALSE,FALSE,FALSE,,,,,,,,,,,,,,,,,FALSE,,,,,,FALSE,FALSE,,,,,,
JRN326,political_science_adjacent,Political and Social Analysis,Political and Social Analysis,high,final manual scope audit (journal scope / source metadata / disciplinary identifiers),,Revista Euro latinoamericana de Análisis Social y Político (RELASP),revista euro latinoamericana de analisis social y politico relasp,2683-7420,,1,1,1,1,2024,2024,2,,,FALSE,,,,,,,FALSE,,,,,,,FALSE,,,,,FALSE,FALSE,FALSE,,,,,,,,,,,,,,,,,TRUE,REVISTA EURO LATINOAMERICANA DE ANÁLISIS SOCIAL Y POLÍTICO (RELASP),2683-7420,A2,exact_issn,high,FALSE,FALSE,,,,,,
JRN327,outside_political_science,Economic History / Latin American Studies,Economic History / Latin American Studies,high,final manual scope audit (journal scope / source metadata / disciplinary identifiers),,Revista Historia Económica de América Latina,revista historia economica de america latina,,2982-4443,1,1,1,1,2025,2025,1,,,FALSE,,,,,,,FALSE,,,,,,,FALSE,,,,,FALSE,FALSE,FALSE,,,,,,,,,,,,,,,,,FALSE,,,,,,FALSE,FALSE,,,,,,
JRN328,outside_political_science,Science and Technology Studies,Science and Technology Studies,high,journal title,,"Revista Iberoamericana de Ciencia, Tecnología y Sociedad",revista iberoamericana de ciencia tecnologia y sociedad,1668-0030,1850-0013,2,2,2,1,2015,2023,2,,,FALSE,,,,,,,FALSE,,,,,,,FALSE,,,,,FALSE,FALSE,FALSE,,,,,,,,,,,,,,,,,FALSE,,,,,,FALSE,FALSE,,,,,,
JRN329,political_science_adjacent,Local Government / Municipal Studies,Local Government / Municipal Studies,high,manual identity/scope review,,Revista iberoamericana de estudios municipales,revista iberoamericana de estudios municipales,,0718-8838 | 0719-1790,6,6,6,2,2013,2023,5,,,FALSE,,,,,,,FALSE,,,,,,,FALSE,,,,,FALSE,FALSE,FALSE,,,,,,,,,,,,,,,,,TRUE,REVISTA IBEROAMERICANA DE ESTUDIOS MUNICIPALES,0719-1790,A4,exact_issn,high,TRUE,TRUE,TRUE,FALSE,Revista iberoamericana de estudios municipales,https://www.latindex.org/latindex/ficha/22784,exact_normalized_name,high
JRN330,political_science_adjacent,Political Science / International Relations / Multidisciplinary,Political Science / International Relations / Multidisciplinary,high,Latindex subtheme,https://www.latindex.org/latindex/ficha/20960,Revista Iberoamericana de Gobierno Local,revista iberoamericana de gobierno local,2173-8254,,1,1,1,1,2024,2024,1,,,FALSE,,,,,,,FALSE,,,,,,,FALSE,,,,,FALSE,FALSE,FALSE,,,,,,,,,,,,,,,,,FALSE,,,,,,TRUE,TRUE,TRUE,FALSE,Revista iberoamericana de gobierno local,https://www.latindex.org/latindex/ficha/20960,exact_normalized_name,high
JRN331,political_science_adjacent,Intergovernmental Relations / Public Administration,Intergovernmental Relations / Public Administration,high,manual identity/scope review,,Revista Iberoamericana de Relaciones Intergubernamentales,revista iberoamericana de relaciones intergubernamentales,,2660-681X,3,3,3,3,2021,2024,1,,,FALSE,,,,,,,FALSE,,,,,,,FALSE,,,,,FALSE,FALSE,FALSE,,,,,,,,,,,,,,,,,FALSE,,,,,,FALSE,FALSE,,,,,,
JRN332,outside_political_science,Gender Studies,Gender Studies,high,journal title,,Revista Interdisciplinaria de Estudios de Género de El Colegio de México,revista interdisciplinaria de estudios de genero de el colegio de mexico,,2395-9185,1,1,1,1,2022,2022,1,,,FALSE,,,,,,,FALSE,,,,,,,FALSE,,,,,FALSE,FALSE,FALSE,,,,,,,,,,,,,,,,,TRUE,REVISTA INTERDISCIPLINARIA DE ESTUDIOS DE GÉNERO DE EL COLEGIO DE MÉXICO,2395-9185,A2,exact_issn,high,FALSE,FALSE,,,,,,
JRN333,outside_political_science,Interdisciplinary Social Sciences,Interdisciplinary Social Sciences,high,journal title,,Revista Internacional de Investigación en Ciencias Sociales,revista internacional de investigacion en ciencias sociales,,2226-4000,1,1,1,0,2013,2013,1,,,FALSE,,,,,,,FALSE,,,,,,,FALSE,,,,,FALSE,FALSE,FALSE,,,,,,,,,,,,,,,,,FALSE,,,,,,FALSE,FALSE,,,,,,
JRN334,outside_political_science,Human Rights / Law / Interdisciplinary,Human Rights / Law / Interdisciplinary,high,final manual scope audit (journal scope / source metadata / disciplinary identifiers),,Revista Latinoamericana de Derechos Humanos,revista latinoamericana de derechos humanos,1659-4304,2215-4221,1,1,1,0,2016,2016,1,,,FALSE,,,,,,,FALSE,,,,,,,FALSE,,,,,FALSE,FALSE,FALSE,,,,,,,,,,,,,,,,,FALSE,,,,,,FALSE,FALSE,,,,,,
JRN335,outside_political_science,Human Development / Development Studies,Human Development / Development Studies,high,journal title,,"Revista Latinoamericana de Desarrollo Humano, 61",revista latinoamericana de desarrollo humano 61,0001-0002,,2,0,0,0,2009,2009,3,,,FALSE,,,,,,,FALSE,,,,,,,FALSE,,,,,FALSE,FALSE,FALSE,,,,,,,,,,,,,,,,,FALSE,,,,,,FALSE,FALSE,,,,,,
JRN336,outside_political_science,Education,Education,high,journal title,,Revista Latinoamericana de Estudios Educativos,revista latinoamericana de estudios educativos,0185-1284,,2,2,2,0,2011,2013,1,,,FALSE,,,,,,,FALSE,,,,,,,FALSE,,,,,FALSE,FALSE,FALSE,,,,,,,,,,,,,,,,,FALSE,,,,,,FALSE,FALSE,,,,,,
JRN337,outside_political_science,Critical Social Sciences,Critical Social Sciences,high,journal title/scope,,Revista Latinoamericana de Investigación Crítica,revista latinoamericana de investigacion critica,2409-1308,,3,3,3,0,2014,2015,4,,,FALSE,,,,,,,FALSE,,,,,,,FALSE,,,,,FALSE,FALSE,FALSE,,,,,,,,,,,,,,,,,FALSE,,,,,,FALSE,FALSE,,,,,,
JRN338,outside_political_science,Education Policy / Education Administration,Education Policy / Education Administration,high,manual identity/scope review,,Revista Latinoamericana de Políticas y Administración de la Educación,revista latinoamericana de politicas y administracion de la educacion,,2408-4573,2,1,1,1,2015,2022,2,,,FALSE,,,,,,,FALSE,,,,,,,FALSE,,,,,FALSE,FALSE,FALSE,,,,,,,,,,,,,,,,,FALSE,,,,,,TRUE,TRUE,TRUE,FALSE,Revista latinoamericana de políticas y administración de la educación,https://www.latindex.org/latindex/ficha/23178,exact_normalized_name,high
JRN339,outside_political_science,Memory / History Studies,Memory / History Studies,high,journal title,,Revista Memória em Rede,revista memoria em rede,,2177-4129,1,1,1,0,2013,2013,1,,,FALSE,,,,,,,FALSE,,,,,,,FALSE,,,,,FALSE,FALSE,FALSE,,,,,,,,,,,,,,,,,TRUE,REVISTA MEMÓRIA EM REDE,2177-4129,A2,exact_issn,high,FALSE,FALSE,,,,,,
JRN340,political_science_adjacent,Social Policy / Public Policy,Social Policy / Public Policy,high,manual identity/scope review,,Revista MERCOSUR de Políticas Sociales,revista mercosur de politicas sociales,2523-0891,2663-2047,1,1,1,0,2018,2018,1,,,FALSE,,,,,,,FALSE,,,,,,,FALSE,,,,,FALSE,FALSE,FALSE,,,,,,,,,,,,,,,,,TRUE,REVISTA MERCOSUR DE POLÍTICAS SOCIALES,2523-0891,B2,exact_issn,high,FALSE,FALSE,,,,,,
JRN341,political_science_adjacent,Political and Social Sciences,Political and Social Sciences,high,final manual scope audit (journal scope / source metadata / disciplinary identifiers),,Revista Mexicana de Ciencias Políticas y Sociales,revista mexicana de ciencias politicas y sociales,0185-1918,2448-492X,2,2,2,1,2018,2024,3,,,FALSE,,,,,,,FALSE,,,,,,,FALSE,,,,,FALSE,FALSE,FALSE,,,,,,,,,,,,,,,,,TRUE,REVISTA MEXICANA DE CIENCIAS POLÍTICAS Y SOCIALES,0185-1918,A1,exact_issn,high,TRUE,TRUE,TRUE,TRUE,Revista mexicana de ciencias políticas y sociales,https://www.latindex.org/latindex/ficha/16244,exact_normalized_name,high
JRN342,outside_political_science,History,History,high,Scopus ASJC excludes political science/public administration,,Revista Paginas,revista paginas,,1851-992X,1,1,1,0,2019,2019,1,,,FALSE,,,,,,,FALSE,,,,,,,FALSE,,,,,FALSE,FALSE,FALSE,,,,,,,,,,,,,,,,,FALSE,,,,,,FALSE,FALSE,,,,,,
JRN343,outside_political_science,Education / Pedagogy,Education / Pedagogy,high,final manual scope audit (journal scope / source metadata / disciplinary identifiers),,Revista Panamericana de Pedagogía. Saberes y quehaceres del pedagogo,revista panamericana de pedagogia saberes y quehaceres del pedagogo,2594-2190,,1,1,1,0,2019,2019,1,,,FALSE,,,,,,,FALSE,,,,,,,FALSE,,,,,FALSE,FALSE,FALSE,,,,,,,,,,,,,,,,,FALSE,,,,,,FALSE,FALSE,,,,,,
JRN344,political_science_adjacent,Public Policy / Public Administration,Public Policy / Public Administration,high,manual identity/scope review,,Revista Perspectivas de Políticas Públicas,revista perspectivas de politicas publicas,1853-9254,2362-2105,2,2,2,0,2013,2014,2,,,FALSE,,,,,,,FALSE,,,,,,,FALSE,,,,,FALSE,FALSE,FALSE,,,,,,,,,,,,,,,,,FALSE,,,,,,FALSE,FALSE,,,,,,
JRN345,outside_political_science,Multidisciplinary Social Sciences,Multidisciplinary Social Sciences,high,journal title,,Revista Pilquen: Sección Ciencias Sociales,revista pilquen seccion ciencias sociales,,1851-3123,1,1,0,1,2022,2022,1,,,FALSE,,,,,,,FALSE,,,,,,,FALSE,,,,,FALSE,FALSE,FALSE,,,,,,,,,,,,,,,,,TRUE,REVISTA PILQUEN. SECCIÓN CIENCIAS SOCIALES,1666-0579,A4,exact_normalized_name,high,FALSE,FALSE,,,,,,
JRN346,political_science_core,Political Science,Political Science,high,journal title/scope,,Revista Política,revista politica,0716-1077,0716-1077 | 0719-5338,5,5,5,1,2004,2026,6,,,FALSE,,,,,,,FALSE,,,,,,,FALSE,,,,,FALSE,FALSE,FALSE,,,,,,,,,,,,,,,,,FALSE,,,,conflict,low,FALSE,FALSE,,,,,,
JRN347,outside_political_science,Gender Studies,Gender Studies,high,journal title,,Revista Punto Género,revista punto genero,,0719-0417,1,1,1,0,2018,2018,1,,,FALSE,,,,,,,FALSE,,,,,,,FALSE,,,,,FALSE,FALSE,FALSE,,,,,,,,,,,,,,,,,FALSE,,,,,,FALSE,FALSE,,,,,,
JRN348,outside_political_science,Interdisciplinary Social Sciences,Interdisciplinary Social Sciences,medium,journal title/editorial context,,Revista Rupturas,revista rupturas,2215-2989,2215-2466,1,1,1,1,2025,2025,1,,,FALSE,,,,,,,FALSE,,,,,,,FALSE,,,,,FALSE,FALSE,FALSE,,,,,,,,,,,,,,,,,FALSE,,,,,,FALSE,FALSE,,,,,,
JRN349,political_science_core,Political Science,Political Science,high,manual identity/scope review,,REVISTA SAAP,revista saap,1666-7883,1853-1970,3,3,3,0,2003,2012,3,,,FALSE,,,,,,,FALSE,,,,,,,FALSE,,,,,FALSE,FALSE,FALSE,,,,,,,,,,,,,,,,,FALSE,,,,conflict,low,TRUE,TRUE,TRUE,FALSE,Revista SAAP,https://www.latindex.org/latindex/ficha/16554,exact_normalized_name,high
JRN350,outside_political_science,History,History,high,Scopus ASJC excludes political science/public administration,,Revista Tempo e Argumento,revista tempo e argumento,,2175-1803,2,2,2,0,2015,2020,2,,,FALSE,,,,,,,FALSE,,,,,,,FALSE,,,,,FALSE,FALSE,FALSE,,,,,,,,,,,,,,,,,TRUE,TEMPO E ARGUMENTO,2175-1803,A1,exact_issn,high,FALSE,FALSE,,,,,,
JRN351,political_science_core,Political Science,Political Science,high,manual identity/scope review,,Revista Uruguaya de Ciencia Política,revista uruguaya de ciencia politica,,0797-9789 | 1688-499X,94,87,87,10,1990,2025,36,ambiguous,low,FALSE,,,,,,,FALSE,,,,,,,FALSE,,,,,FALSE,FALSE,FALSE,,,ambiguous,low,,,,,,,,,,,,,TRUE,REVISTA URUGUAYA DE CIENCIA POLITICA,1688-499X,A1,exact_issn,high,TRUE,TRUE,TRUE,FALSE,Revista uruguaya de ciencia política,https://www.latindex.org/latindex/ficha/16727,exact_normalized_name,high
JRN352,outside_political_science,Psychology / Psychoanalysis,Psychology / Psychoanalysis,medium,final manual scope audit (journal scope / source metadata / disciplinary identifiers),,Revista Uruguaya de Psicoanálisis,revista uruguaya de psicoanalisis,0484-8268,1688-7247,1,0,0,0,1997,1997,1,,,FALSE,,,,,,,FALSE,,,,,,,FALSE,,,,,FALSE,FALSE,FALSE,,,,,,,,,,,,,,,,,FALSE,,,,,,FALSE,FALSE,,,,,,
JRN353,outside_political_science,General Arts and Humanities,General Arts and Humanities,high,Scopus ASJC excludes political science/public administration,,Revue d'Histoire des Sciences Humaines,revue dhistoire des sciences humaines,1622-468X,1963-1022,1,1,1,1,2023,2023,1,,,FALSE,,,,,,,FALSE,,,,,,,FALSE,,,,,FALSE,FALSE,FALSE,,,,,,,,,,,,,,,,,TRUE,REVUE D'HISTOIRE DES SCIENCES HUMAINES,1622-468X,B1,exact_issn,high,FALSE,FALSE,,,,,,
JRN354,political_science_core,Political Science / International Relations,Political Science / International Relations,high,SCImago/Scopus disciplinary classification,,Revue internationale de politique comparée,revue internationale de politique comparee,1370-0731,1782-1533,2,2,2,2,2021,2021,2,exact_issn,high,TRUE,5700161893,Revue Internationale de Politique Comparee,624,0.12,Q4,16,TRUE,5700161893,Revue Internationale de Politique Comparee,1291,0.12,Q4,16,TRUE,Political Science and International Relations,624,0.12,Q4,TRUE,TRUE,FALSE,5700161893,Revue Internationale de Politique Comparee,exact_issn,high,,0.12,0.478,,,,,,,,Inactive,2001-2023,FALSE,,,,,,FALSE,FALSE,,,,,,
JRN355,outside_political_science,Education,Education,high,final manual scope audit (journal scope / source metadata / disciplinary identifiers),,Rumbos en Educación,rumbos en educacion,,0719-6059,1,1,1,0,2015,2015,1,,,FALSE,,,,,,,FALSE,,,,,,,FALSE,,,,,FALSE,FALSE,FALSE,,,,,,,,,,,,,,,,,FALSE,,,,,,FALSE,FALSE,,,,,,
JRN356,outside_political_science,Law,Law,high,journal title,,Scientia Iuridica,scientia iuridica,0870-8185,,1,1,1,0,2009,2009,1,,,FALSE,,,,,,,FALSE,,,,,,,FALSE,,,,,FALSE,FALSE,FALSE,,,,,,,,,,,,,,,,,FALSE,,,,,,FALSE,FALSE,,,,,,
JRN357,outside_political_science,History,History,high,manual identity/scope review,,Secuencia,secuencia,0186-0348,2395-8464,5,5,5,0,1991,2011,3,exact_issn,high,FALSE,,,,,,,TRUE,19400157126,Secuencia,1253,0.127,Q4,6,TRUE,Sociology and Political Science,1253,0.127,Q4,TRUE,FALSE,TRUE,19400157126,Secuencia,exact_issn,high,0.3,0.127,0.77,20,49,155,44,1075,1936,44.0% 1075/1936 History,Active,2016-2026; 2001-2002; 1989; 1987,TRUE,SECUENCIA,2395-8464,A1,exact_issn,high,FALSE,FALSE,,,,,,
JRN358,outside_political_science,Gender / Sexuality / Health Studies,Gender / Sexuality / Health Studies,high,journal title,,Sexualidad Salud y Sociedad (Rio de Janeiro),sexualidad salud y sociedad rio de janeiro,,1984-6487,1,1,1,0,2010,2010,1,,,FALSE,,,,,,,FALSE,,,,,,,FALSE,,,,,FALSE,FALSE,FALSE,,,,,,,,,,,,,,,,,TRUE,"SEXUALIDAD, SALUD Y SOCIEDAD (RIO DE JANEIRO)",1984-6487,A1,exact_issn,high,FALSE,FALSE,,,,,,
JRN359,outside_political_science,Multidisciplinary Social Sciences / Ibero-American Studies,Multidisciplinary Social Sciences / Ibero-American Studies,high,Dialnet/ISSN scope,,Síntesis,sintesis,0213-7577,,2,2,2,0,1991,1995,1,,,FALSE,,,,,,,FALSE,,,,,,,FALSE,,,,,FALSE,FALSE,FALSE,,,,,,,,,,,,,,,,,FALSE,,,,,,FALSE,FALSE,,,,,,
JRN360,outside_political_science,General Social Sciences,General Social Sciences,high,Scopus ASJC excludes political science/public administration,,"Sistema, 208-209",sistema 208 209,0210-0223,,1,1,1,0,2009,2009,1,,,FALSE,,,,,,,FALSE,,,,,,,FALSE,,,,,FALSE,FALSE,FALSE,,,,,,,,,,,,,,,,,FALSE,,,,,,FALSE,FALSE,,,,,,
JRN361,outside_political_science,Social Sciences,Social Sciences,medium,final manual scope audit (journal scope / source metadata / disciplinary identifiers),,"Social, 16",social 16,1510-5628,,1,0,0,0,2001,2001,1,,,FALSE,,,,,,,FALSE,,,,,,,FALSE,,,,,FALSE,FALSE,FALSE,,,,,,,,,,,,,,,,,FALSE,,,,,,FALSE,FALSE,,,,,,
JRN362,political_science_adjacent,Social Policy / Public Administration,Social Policy / Public Administration,high,manual identity/scope review,,Social Policy and Administration,social policy and administration,0144-5596,1467-9515,1,1,1,1,2023,2023,1,exact_issn,high,FALSE,,,,,,,TRUE,14573,Social Policy and Administration,235,0.847,Q1,86,TRUE,Sociology and Political Science,235,0.847,Q1,TRUE,FALSE,TRUE,14573,Social Policy and Administration,exact_issn,high,4.8,0.847,1.699,76,1450,300,84,231,1530,84.0% 231/1530 Sociology and Political Science,Active,1967-2026,FALSE,,,,,,FALSE,FALSE,,,,,,
JRN363,outside_political_science,Health Sociology / Social Theory,Health Sociology / Social Theory,high,manual identity/scope review,,Social Theory & Health,social theory and health,1477-8211,1477-822X,1,1,1,0,2018,2018,1,exact_issn,high,FALSE,,,,,,,TRUE,5700164350,Social Theory and Health,400,0.587,Q2,45,TRUE,Sociology and Political Science,400,0.587,Q2,TRUE,FALSE,TRUE,5700164350,Social Theory and Health,exact_issn,high,2.9,0.587,1.279,60,274,94,71,434,1530,71.0% 434/1530 Sociology and Political Science,Active,2003-2026,FALSE,,,,,,FALSE,FALSE,,,,,,
JRN364,outside_political_science,General Social Sciences | General Arts and Humanities,General Social Sciences | General Arts and Humanities,high,Scopus ASJC excludes political science/public administration,,Sociedade e Cultura,sociedade e cultura,1415-8566,1980-8194,1,1,1,0,2017,2017,2,,,FALSE,,,,,,,FALSE,,,,,,,FALSE,,,,,FALSE,FALSE,FALSE,,,,,,,,,,,,,,,,,FALSE,,,,conflict,low,FALSE,FALSE,,,,,,
JRN365,outside_political_science,History / Sociology,History / Sociology,high,journal title,,Sociohistórica,sociohistorica,1853-6344,1852-1606,2,2,2,0,2008,2015,1,,,FALSE,,,,,,,FALSE,,,,,,,FALSE,,,,,FALSE,FALSE,FALSE,,,,,,,,,,,,,,,,,FALSE,,,,,,FALSE,FALSE,,,,,,
JRN366,outside_political_science,Sociology,Sociology,high,manual identity/scope review,,Sociologia Problemas e Práticas,sociologia problemas e praticas,0873-6529,2182-7907,2,2,2,1,2006,2026,2,exact_issn,high,FALSE,,,,,,,TRUE,5600153364,"Sociologia, Problemas e Praticas",1146,0.15,Q4,22,TRUE,Sociology and Political Science,1146,0.15,Q4,TRUE,FALSE,TRUE,5600153364,"Sociologia, Problemas e Praticas",exact_issn,high,0.7,0.15,0.637,33,59,85,30,516,744,30.0% 516/744 Social Sciences (miscellaneous),Active,1996-2026,FALSE,,,,,,FALSE,FALSE,,,,,,
JRN367,outside_political_science,General Social Sciences,General Social Sciences,high,Scopus ASJC excludes political science/public administration,,Sociologias,sociologias,,1517-4522,1,1,1,1,2021,2021,2,,,FALSE,,,,,,,FALSE,,,,,,,FALSE,,,,,FALSE,FALSE,FALSE,,,,,,,,,,,,,,,,,TRUE,SOCIOLOGIAS (UFRGS. IMPRESSO),1517-4522,A1,exact_issn,high,FALSE,FALSE,,,,,,
JRN368,outside_political_science,Sociology / Methods,Sociology / Methods,high,manual identity/scope review,,Sociological Methods & Research,sociological methods and research,0049-1241,1552-8294,1,1,1,1,2022,2022,1,exact_issn,high,FALSE,,,,,,,TRUE,18091,Sociological Methods and Research,16,3.471,Q1,106,TRUE,Sociology and Political Science,16,3.471,Q1,TRUE,FALSE,TRUE,18091,Sociological Methods and Research,exact_issn,high,16.2,3.471,4.293,92,3485,215,99,5,1530,99.0% 5/1530 Sociology and Political Science,Active,1972-2026,FALSE,,,,,,FALSE,FALSE,,,,,,
JRN369,outside_political_science,Latin American Studies,Latin American Studies,high,journal title,,"Stockholm Review of Latin American Studies, Decenber",stockholm review of latin american studies decenber,,1654-0204,2,2,2,0,2008,2008,2,,,FALSE,,,,,,,FALSE,,,,,,,FALSE,,,,,FALSE,FALSE,FALSE,,,,,,,,,,,,,,,,,FALSE,,,,,,FALSE,FALSE,,,,,,
JRN370,political_science_core,Political Science / International Relations,Political Science / International Relations,high,SCImago/Scopus disciplinary classification,,Studia Politica,studia politica,1582-4551,,1,1,1,0,2020,2020,2,exact_issn,high,TRUE,21100254486,Studia Politica,583,0.134,Q4,7,TRUE,21100254486,Studia Politica,1201,0.134,Q4,7,TRUE,Political Science and International Relations,583,0.134,Q4,TRUE,TRUE,TRUE,21100254486,Studia Politica,exact_issn,high,0.4,0.134,0.608,21,20,53,15,1299,1530,15.0% 1299/1530 Sociology and Political Science,Active,2013-2025,FALSE,,,,ambiguous,low,FALSE,FALSE,,,,,ambiguous,low
JRN371,political_science_core,Political Science / International Relations / Multidisciplinary,Political Science / International Relations / Multidisciplinary,high,Latindex subtheme,https://www.latindex.org/latindex/ficha/23256,Studia Politicae,studia politicae,1669-7405,2408-4182,1,1,1,0,2016,2016,1,ambiguous,low,FALSE,,,,,,,FALSE,,,,,,,FALSE,,,,,FALSE,FALSE,FALSE,,,ambiguous,low,,,,,,,,,,,,,TRUE,STUDIA POLITICAE,1669-7405,B4,exact_issn,high,TRUE,TRUE,TRUE,TRUE,Studia politicae,https://www.latindex.org/latindex/ficha/23256,exact_normalized_name,high
JRN372,outside_political_science,Sociology / Social Change,Sociology / Social Change,high,journal title,,Studies of Changing Societies,studies of changing societies,,2225-2215,1,1,1,0,2012,2012,2,,,FALSE,,,,,,,FALSE,,,,,,,FALSE,,,,,FALSE,FALSE,FALSE,,,,,,,,,,,,,,,,,FALSE,,,,,,FALSE,FALSE,,,,,,
JRN373,outside_political_science,Economics,Economics,high,publisher identity verified,https://www.fder.edu.uy/sites/default/files/2024-12/REVISTAS%20NACIONALES%20listado%202024.pdf,SUMA,suma,0797-0064,,1,1,1,0,1991,1991,1,,,FALSE,,,,,,,FALSE,,,,,,,FALSE,,,,,FALSE,FALSE,FALSE,,,,,,,,,,,,,,,,,FALSE,,,,,,FALSE,FALSE,,,,,,
JRN374,political_science_core,Democracy / Political Science,Democracy / Political Science,high,journal title,,Taiwan Democracy Quartely,taiwan democracy quartely,1726-9350,1811-3109,1,1,1,0,2019,2019,1,,,FALSE,,,,,,,FALSE,,,,,,,FALSE,,,,,FALSE,FALSE,FALSE,,,,,,,,,,,,,,,,,FALSE,,,,,,FALSE,FALSE,,,,,,
JRN375,political_science_adjacent,Public Administration / Education,Public Administration / Education,high,manual identity/scope review,,Teaching Public Administration,teaching public administration,,2047-8720,1,1,1,1,2024,2024,1,,,FALSE,,,,,,,FALSE,,,,,,,FALSE,,,,,FALSE,FALSE,FALSE,,,,,,,,,,,,,,,,,FALSE,,,,,,FALSE,FALSE,,,,,,
JRN376,outside_political_science,Environmental Humanities / Territorial Studies,Environmental Humanities / Territorial Studies,high,journal title,,Tekoporá Revista Latinoamericana de humanidades ambientales y estudios territoriales,tekopora revista latinoamericana de humanidades ambientales y estudios territoriales,,2697-2719,1,1,1,0,2019,2019,1,,,FALSE,,,,,,,FALSE,,,,,,,FALSE,,,,,FALSE,FALSE,FALSE,,,,,,,,,,,,,,,,,TRUE,TEKOPORÁ: REVISTA LATINOAMERICANA DE HUMANIDADES AMBIENTALES Y ESTUDIOS TERRITORIALES,2697-2719,B1,exact_issn,high,FALSE,FALSE,,,,,,
JRN377,outside_political_science,Literature / Cultural Studies,Literature / Cultural Studies,medium,journal title/editorial context,,Telar,telar,1668-2963,1668-3633,1,1,1,0,2016,2016,1,,,FALSE,,,,,,,FALSE,,,,,,,FALSE,,,,,FALSE,FALSE,FALSE,,,,,,,,,,,,,,,,,FALSE,,,,,,FALSE,FALSE,,,,,,
JRN378,outside_political_science,Education,Education,high,final manual scope audit (journal scope / source metadata / disciplinary identifiers),,Temas de Educación,temas de educacion,0716-7423,0719-8639,1,1,1,0,2015,2015,1,,,FALSE,,,,,,,FALSE,,,,,,,FALSE,,,,,FALSE,FALSE,FALSE,,,,,,,,,,,,,,,,,FALSE,,,,,,FALSE,FALSE,,,,,,
JRN379,political_science_core,Political Science / International Relations,Political Science / International Relations,high,official journal scope,https://temasydebates.unr.edu.ar/index.php/tyd/about,"Temas y Debates, N° 21",temas y debates n 21,1666-0714,1853-984X,1,1,1,0,2011,2011,1,,,FALSE,,,,,,,FALSE,,,,,,,FALSE,,,,,FALSE,FALSE,FALSE,,,,,,,,,,,,,,,,,TRUE,TD. TEMAS Y DEBATES (ROSARIO),1666-0714,A2,exact_issn,high,FALSE,FALSE,,,,,,
JRN380,outside_political_science,History,History,high,Scopus ASJC excludes political science/public administration,,Tempo (Brasil),tempo brasil,1413-7704,1980-542X,1,1,1,1,2025,2025,1,,,FALSE,,,,,,,FALSE,,,,,,,FALSE,,,,,FALSE,FALSE,FALSE,,,,,,,,,,,,,,,,,FALSE,,,,,,FALSE,FALSE,,,,,,
JRN381,political_science_core,International Relations,International Relations,high,journal title/scope,,Tempo Exterior,tempo exterior,1579-6582,2340-3497,4,4,4,1,2013,2022,3,,,FALSE,,,,,,,FALSE,,,,,,,FALSE,,,,,FALSE,FALSE,FALSE,,,,,,,,,,,,,,,,,TRUE,TEMPO EXTERIOR,1579-6582,A3,exact_issn,high,FALSE,FALSE,,,,,,
JRN382,political_science_core,Political Science,Political Science,high,final manual scope audit (journal scope / source metadata / disciplinary identifiers),,Teoria & Pesquisa Revista de Ciência Política,teoria and pesquisa revista de ciencia politica,,2236-0107,1,1,1,1,2024,2024,2,,,FALSE,,,,,,,FALSE,,,,,,,FALSE,,,,,FALSE,FALSE,FALSE,,,,,,,,,,,,,,,,,TRUE,TEORIA & PESQUISA (ON LINE),2236-0107,A4,exact_issn,high,FALSE,FALSE,,,,,,
JRN383,outside_political_science,Sociology / Social Theory,Sociology / Social Theory,high,journal title,,Teoria & Sociedade,teoria and sociedade,1518-4471,2316-2074,1,1,1,0,2005,2005,1,,,FALSE,,,,,,,FALSE,,,,,,,FALSE,,,,,FALSE,FALSE,FALSE,,,,,,,,,,,,,,,,,FALSE,,,,,,FALSE,FALSE,,,,,,
JRN384,outside_political_science,Sociology / Cultural Studies,Sociology / Cultural Studies,high,journal title,,Teoria e Cultura,teoria e cultura,2318-101X,2318-101X,2,2,1,1,2019,2024,4,,,FALSE,,,,,,,FALSE,,,,,,,FALSE,,,,,FALSE,FALSE,FALSE,,,,,,,,,,,,,,,,,TRUE,TEORIA E CULTURA (UFJF),1809-5968,A4,exact_normalized_name,high,FALSE,FALSE,,,,,,
JRN385,outside_political_science,Literature / Humanities,Literature / Humanities,medium,final manual scope audit (journal scope / source metadata / disciplinary identifiers),,Tercera Orilla,tercera orilla,,,1,0,0,0,1989,1989,1,,,FALSE,,,,,,,FALSE,,,,,,,FALSE,,,,,FALSE,FALSE,FALSE,,,,,,,,,,,,,,,,,FALSE,,,,,,FALSE,FALSE,,,,,,
JRN386,outside_political_science,Economics / Political Economy / Development,Economics / Political Economy / Development,high,final manual scope audit (journal scope / source metadata / disciplinary identifiers),,The e-Journal of Economics & Complexity,the e journal of economics and complexity,,2724-2846,1,1,1,1,2023,2023,1,,,FALSE,,,,,,,FALSE,,,,,,,FALSE,,,,,FALSE,FALSE,FALSE,,,,,,,,,,,,,,,,,FALSE,,,,,,FALSE,FALSE,,,,,,
JRN387,political_science_core,Political Science,Political Science,high,journal identity + SocPol classification,,The Journal of Politics,the journal of politics,0022-3816,1468-2508,1,1,1,1,2025,2025,1,exact_issn,high,FALSE,,,,,,,TRUE,20333,Journal of Politics,15,3.492,Q1,167,TRUE,Sociology and Political Science,15,3.492,Q1,TRUE,FALSE,TRUE,20333,Journal of Politics,exact_issn,high,6.9,3.492,2.572,80,3738,541,93,100,1530,93.0% 100/1530 Sociology and Political Science,Active,1939-2026,TRUE,THE JOURNAL OF POLITICS,0022-3816,A1,exact_issn,high,FALSE,FALSE,,,,,,
JRN388,outside_political_science,"Statistics, Probability and Uncertainty | Numerical Analysis | Statistics and Probability","Statistics, Probability and Uncertainty | Numerical Analysis | Statistics and Probability",high,Scopus ASJC excludes political science/public administration,,The R Journal,the r journal,,2073-4859,1,1,1,1,2021,2021,1,,,FALSE,,,,,,,FALSE,,,,,,,FALSE,,,,,FALSE,FALSE,FALSE,,,,,,,,,,,,,,,,,FALSE,,,,,,FALSE,FALSE,,,,,,
JRN389,political_science_adjacent,Peace Studies / International Affairs,Peace Studies / International Affairs,high,journal identity,,Tiempo de Paz,tiempo de paz,0212-8926,2254-6685,1,0,0,0,2012,2012,1,,,FALSE,,,,,,,FALSE,,,,,,,FALSE,,,,,FALSE,FALSE,FALSE,,,,,,,,,,,,,,,,,FALSE,,,,,,FALSE,FALSE,,,,,,
JRN390,outside_political_science,Culture / Social Issues,Culture / Social Issues,medium,journal identity,,Todavia,todavia,1516-4497,,1,0,0,0,2008,2008,1,,,FALSE,,,,,,,FALSE,,,,,,,FALSE,,,,,FALSE,FALSE,FALSE,,,,,,,,,,,,,,,,,FALSE,,,,,,FALSE,FALSE,,,,,,
JRN391,outside_political_science,Social Work,Social Work,high,journal title,,Trabajo Social,trabajo social,0797-0226,1688-7891,1,0,0,0,2010,2010,1,,,FALSE,,,,,,,FALSE,,,,,,,FALSE,,,,,FALSE,FALSE,FALSE,,,,,,,,,,,,,,,,,FALSE,,,,,,FALSE,FALSE,,,,,,
JRN392,outside_political_science,Sociology / Labor Studies,Sociology / Labor Studies,high,manual identity/scope review,,Trabajo y Sociedad,trabajo y sociedad,,1514-6871,1,1,1,0,2020,2020,1,,,FALSE,,,,,,,FALSE,,,,,,,FALSE,,,,,FALSE,FALSE,FALSE,,,,,,,,,,,,,,,,,TRUE,TRABAJO Y SOCIEDAD,1514-6871,A1,exact_issn,high,TRUE,TRUE,TRUE,FALSE,Trabajo y sociedad,https://www.latindex.org/latindex/ficha/18212,exact_normalized_name,high
JRN393,outside_political_science,Interdisciplinary Social Sciences,Interdisciplinary Social Sciences,high,journal title,,Tramas y Redes,tramas y redes,,2796-9096,1,1,1,1,2023,2023,1,,,FALSE,,,,,,,FALSE,,,,,,,FALSE,,,,,FALSE,FALSE,FALSE,,,,,,,,,,,,,,,,,TRUE,REVISTA DEL CONSEJO LATINOAMERICANO DE CIENCIAS SOCIALES,2796-9096,B2,exact_issn,high,FALSE,FALSE,,,,,,
JRN394,outside_political_science,History / Cultural Studies,History / Cultural Studies,high,manual identity/scope review,,Travesía,travesia,0329-9449,2314-2707,1,1,1,0,2018,2018,1,,,FALSE,,,,,,,FALSE,,,,,,,FALSE,,,,,FALSE,FALSE,FALSE,,,,,,,,,,,,,,,,,FALSE,,,,,,FALSE,FALSE,,,,,,
JRN395,outside_political_science,Arts / Literature,Arts / Literature,medium,final manual scope audit (journal scope / source metadata / disciplinary identifiers),,Trova,trova,,,2,0,0,0,1979,1980,1,,,FALSE,,,,,,,FALSE,,,,,,,FALSE,,,,,FALSE,FALSE,FALSE,,,,,,,,,,,,,,,,,FALSE,,,,,,FALSE,FALSE,,,,,,
JRN396,outside_political_science,Multidisciplinary Social Sciences / Development Studies,Multidisciplinary Social Sciences / Development Studies,high,Latindex scope,https://www.latindex.org/latindex/ficha/18383,Umbrales,umbrales,1994-4543,1994-9987,1,0,0,0,2010,2010,1,,,FALSE,,,,,,,FALSE,,,,,,,FALSE,,,,,FALSE,FALSE,FALSE,,,,,,,,,,,,,,,,,FALSE,,,,,,FALSE,FALSE,,,,,,
JRN397,outside_political_science,Higher Education / Academic Labor,Higher Education / Academic Labor,medium,journal title/editorial context,,Universidade e Sociedade,universidade e sociedade,1517-1779,,1,1,1,0,1996,1996,1,,,FALSE,,,,,,,FALSE,,,,,,,FALSE,,,,,FALSE,FALSE,FALSE,,,,,,,,,,,,,,,,,TRUE,UNIVERSIDADE E SOCIEDADE (BRASÍLIA),1517-1779,A3,exact_issn,high,FALSE,FALSE,,,,,,
JRN398,outside_political_science,History / Public History / Memory Studies,History / Public History / Memory Studies,high,journal title,,Usages Publics du Passé,usages publics du passe,,2115-9408,1,0,0,0,2015,2015,1,,,FALSE,,,,,,,FALSE,,,,,,,FALSE,,,,,FALSE,FALSE,FALSE,,,,,,,,,,,,,,,,,FALSE,,,,,,FALSE,FALSE,,,,,,
JRN399,political_science_adjacent,Political and Social Philosophy / Critical Social Theory,Political and Social Philosophy / Critical Social Theory,high,final manual scope audit (journal scope / source metadata / disciplinary identifiers),,Utopía y Praxis Latinoamericana,utopia y praxis latinoamericana,1316-5216,2477-9555,1,1,1,1,2021,2021,1,,,FALSE,,,,,,,FALSE,,,,,,,FALSE,,,,,TRUE,TRUE,FALSE,5700164382,Utopia y Praxis Latinoamericana,exact_issn,high,,,,,,,,,,,Inactive,2008-2020,FALSE,,,,,,FALSE,FALSE,,,,,,
JRN400,outside_political_science,History,History,high,Scopus ASJC excludes political science/public administration,,Varia Historia,varia historia,,0104-8775,1,1,1,1,2021,2021,1,,,FALSE,,,,,,,FALSE,,,,,,,FALSE,,,,,FALSE,FALSE,FALSE,,,,,,,,,,,,,,,,,TRUE,VARIA HISTORIA,1982-4343,A1,exact_normalized_name,high,FALSE,FALSE,,,,,,
JRN401,political_science_core,Electoral Politics / Political Parties,Electoral Politics / Political Parties,high,journal identity,,"Voz y Voto, 24",voz y voto 24,0187-7024,,1,0,0,0,1995,1995,1,,,FALSE,,,,,,,FALSE,,,,,,,FALSE,,,,,FALSE,FALSE,FALSE,,,,,,,,,,,,,,,,,FALSE,,,,,,FALSE,FALSE,,,,,,
JRN402,outside_political_science,"Geography, Planning and Development | Water Science and Technology | Management, Monitoring, Policy and Law","Geography, Planning and Development | Water Science and Technology | Management, Monitoring, Policy and Law",high,Scopus ASJC excludes political science/public administration,,Water Policy,water policy,1366-7017,1996-9759,1,1,1,1,2021,2021,1,,,FALSE,,,,,,,FALSE,,,,,,,FALSE,,,,,FALSE,FALSE,FALSE,,,,,,,,,,,,,,,,,FALSE,,,,,,FALSE,FALSE,,,,,,
JRN403,outside_political_science,Development Studies / Economics,Development Studies / Economics,high,manual identity/scope review,,World Development,world development,0305-750X,,1,1,1,1,2025,2025,1,exact_issn,high,FALSE,,,,,,,TRUE,30060,World Development,49,2.027,Q1,249,TRUE,Sociology and Political Science,49,2.027,Q1,TRUE,FALSE,TRUE,30060,World Development,exact_issn,high,9.3,2.027,2.328,84,10402,1119,97,42,1530,97.0% 42/1530 Sociology and Political Science,Active,1973-2026,TRUE,WORLD DEVELOPMENT,0305-750X,A1,exact_issn,high,FALSE,FALSE,,,,,,
JRN404,political_science_core,Political Science / International Relations,Political Science / International Relations,high,SCImago/Scopus disciplinary classification,,World Political Science Review,world political science review,,1935-6226,1,1,1,0,2015,2015,1,,,FALSE,,,,,,,FALSE,,,,,,,FALSE,,,,,TRUE,TRUE,FALSE,17500155130,World Political Science Review,exact_issn,high,,,,,,,,,,,Inactive,2009-2014,FALSE,,,,,,FALSE,FALSE,,,,,,
JRN405,outside_political_science,Economics / Marxist Political Economy,Economics / Marxist Political Economy,high,final manual scope audit (journal scope / source metadata / disciplinary identifiers),,World Review of Political Economy,world review of political economy,,2042-8928,1,1,0,1,2025,2025,1,exact_issn,high,TRUE,21100894873,World Review of Political Economy,505,0.179,Q3,9,TRUE,21100894873,World Review of Political Economy,1030,0.179,Q3,9,TRUE,Political Science and International Relations,505,0.179,Q3,TRUE,TRUE,TRUE,21100894873,World Review of Political Economy,exact_issn,high,1.2,0.179,0.461,46,109,92,44,856,1530,44.0% 856/1530 Sociology and Political Science,Active,2018-2026,TRUE,WORLD REVIEW OF POLITICAL ECONOMY,2042-891X,B2,exact_normalized_name,high,FALSE,FALSE,,,,,,
